{
"type": "FeatureCollection",
"name": "area_zona_agesci_varese",
"crs": { "type": "name", "properties": { "name": "urn:ogc:def:crs:OGC:1.3:CRS84" } },
"features": [
{ "type": "Feature", "properties": { "area_mappa": "Zona AGESCI Varese - perimetro di lavoro", "codice_istat": "012001;012002;012003;012004;012005;012006;012007;012008;012010;012011;012012;012013;012014;012015;012016;012017;012019;012020;012021;012022;012023;012024;012025;012027;012029;012030;012031;012032;012033;012035;012036;012037;012038;012039;012040;012041;012043;012044;012045;012046;012047;012048;012049;012051;012052;012053;012054;012055;012056;012057;012058;012059;012060;012061;012062;012063;012064;012065;012066;012068;012069;012070;012071;012072;012073;012074;012076;012077;012080;012081;012082;012083;012084;012085;012086;012087;012088;012089;012090;012091;012092;012093;012096;012097;012099;012100;012101;012102;012103;012104;012105;012106;012107;012110;012113;012114;012115;012116;012117;012118;012120;012121;012123;012124;012125;012126;012127;012128;012129;012131;012132;012133;012134;012136;012137;012138;012139;012140;012141;012142;012143;012144;013010;013022;013023;013034;013040;013045;013059;013068;013100;013114;013128;013131;013137;013138;013159;013169;013238", "comune": "Agra; Albizzate; Angera; Appiano Gentile; Arcisate; Arsago Seprio; Azzate; Azzio; Barasso; Bardello con Malgesso e Bregano; Bedero Valcuvia; Beregazzo con Figliaro; Besano; Besnate; Besozzo; Biandronno; Binago; Bisuschio; Bodio Lomnago; Brebbia; Brenta; Brezzo di Bedero; Brinzio; Brissago-Valtravaglia; Brunello; Brusimpiano; Buguggiate; Bulgarograsso; Cadegliano-Viconago; Cadrezzate con Osmate; Cairate; Campione d'Italia; Cantello; Caravate; Carbonate; Cardano al Campo; Carnago; Caronno Varesino; Casale Litta; Casalzuigno; Casciago; Casorate Sempione; Cassano Magnago; Cassano Valcuvia; Castello Cabiaglio; Castelnuovo Bozzente; Castelseprio; Castelveccana; Castiglione Olona; Castronno; Cavaria con Premezzo; Cazzago Brabbia; Cirimido; Cittiglio; Clivio; Cocquio-Trevisago; Comabbio; Comerio; Cremenaga; Crosio della Valle; Cuasso al Monte; Cugliate-Fabiasco; Cunardo; Curiglia con Monteviasco; Cuveglio; Cuvio; Daverio; Dumenza; Duno; Fenegrò; Ferno; Ferrera di Varese; Gallarate; Galliate Lombardo; Gavirate; Gazzada Schianno; Gemonio; Germignaga; Golasecca; Gornate Olona; Grantola; Guanzate; Inarzo; Induno Olona; Ispra; Jerago con Orago; Lavena Ponte Tresa; Laveno-Mombello; Leggiuno; Limido Comasco; Locate Varesino; Lonate Ceppino; Lonate Pozzolo; Lozza; Luino; Lurago Marinone; Lurate Caccivio; Luvinate; Maccagno con Pino e Veddasca; Malnate; Marchirolo; Marzio; Masciago Primo; Mercallo; Mesenzana; Montegrino Valtravaglia; Monvalle; Morazzone; Mornago; Mozzate; Oggiona con Santo Stefano; Oltrona di San Mamette; Orino; Porto Ceresio; Porto Valtravaglia; Rancio Valcuvia; Ranco; Saltrio; Samarate; Sangiano; Sesto Calende; Solbiate Arno; Somma Lombardo; Sumirago; Taino; Ternate; Tradate; Travedona-Monate; Tronzano Lago Maggiore; Valganna; Varano Borghi; Varese; Vedano Olona; Venegono Inferiore; Venegono Superiore; Veniano; Vergiate; Viggiù; Vizzola Ticino", "fonte_istat": "ISTAT - Elenco dei comuni italiani aggiornato al 21/02/2026" }, "geometry": { "type": "MultiPolygon", "coordinates": [ [ [ [ 8.659211788918858, 45.639542940375478 ], [ 8.659211791308493, 45.639542950500385 ], [ 8.659398552043406, 45.640339884017273 ], [ 8.659398579717491, 45.640339977188461 ], [ 8.65939862945422, 45.640340065735103 ], [ 8.659663129240428, 45.640757981758135 ], [ 8.659792768466627, 45.640962566696345 ], [ 8.660062703040509, 45.641388823158906 ], [ 8.660254103037424, 45.641691123135807 ], [ 8.660305672237094, 45.641772093323738 ], [ 8.660364320174761, 45.641864000675184 ], [ 8.660364391825905, 45.641864099454139 ], [ 8.66036451250114, 45.641864170995568 ], [ 8.660759608874876, 45.642075674549339 ], [ 8.660915644538591, 45.642159203167623 ], [ 8.661142308471989, 45.642280623279127 ], [ 8.66151128179512, 45.64247831850232 ], [ 8.661617018329027, 45.642534945214649 ], [ 8.661617025601446, 45.642534949115117 ], [ 8.661732607963803, 45.642597031786515 ], [ 8.661732732942264, 45.642597092488579 ], [ 8.661732881206577, 45.642597116030956 ], [ 8.662207584399752, 45.642655900136937 ], [ 8.66233578772786, 45.642671746314271 ], [ 8.662618942904565, 45.642706802638827 ], [ 8.663668590377419, 45.642836805365327 ], [ 8.663669051355466, 45.642836838585673 ], [ 8.665657415790472, 45.64287867014945 ], [ 8.665657695048283, 45.642878667486976 ], [ 8.666879037017427, 45.642829643606191 ], [ 8.667120623427511, 45.642819945156454 ], [ 8.667120762053663, 45.642819935321072 ], [ 8.667120896138814, 45.642819908749807 ], [ 8.667546739115194, 45.642721261141155 ], [ 8.668457479158258, 45.642507279755058 ], [ 8.668457493739608, 45.642507276342684 ], [ 8.668556645487566, 45.642484164946325 ], [ 8.668868211488123, 45.642411015778343 ], [ 8.668868338957941, 45.642410981537139 ], [ 8.668868456265134, 45.642410932584113 ], [ 8.669792529747777, 45.641986794628075 ], [ 8.670875379478787, 45.641489767487805 ], [ 8.670875524692489, 45.641489692254851 ], [ 8.670875642060565, 45.641489596038483 ], [ 8.672230028566799, 45.640242568476133 ], [ 8.672230121587813, 45.640242472920583 ], [ 8.672230168395199, 45.640242361967907 ], [ 8.672273430009346, 45.640116066644502 ], [ 8.672273445285599, 45.640116019856542 ], [ 8.672291236227109, 45.640058728589132 ], [ 8.672291280256516, 45.64005859641982 ], [ 8.67231462390429, 45.639993002710931 ], [ 8.672314633557008, 45.639992975937389 ], [ 8.672434603862685, 45.639664458733328 ], [ 8.672647781924377, 45.639073635756077 ], [ 8.672647825621921, 45.639073496138586 ], [ 8.672810251071498, 45.638462436264611 ], [ 8.672962322842091, 45.637886668440792 ], [ 8.672962557984635, 45.637886037506661 ], [ 8.673507622844346, 45.636763246717784 ], [ 8.673507870510829, 45.636762812051693 ], [ 8.673508181198553, 45.636762397783663 ], [ 8.673650672741557, 45.636594249983943 ], [ 8.67365088877874, 45.636594012321666 ], [ 8.673736371282111, 45.636506167888506 ], [ 8.673736442563802, 45.636506091342071 ], [ 8.673795854054777, 45.63643936901822 ], [ 8.673875565828533, 45.636349850292333 ], [ 8.674082976112645, 45.636116937457913 ], [ 8.67419456368574, 45.635991622736299 ], [ 8.674194603045786, 45.635991577350445 ], [ 8.674232934506966, 45.635946179103911 ], [ 8.674233046378355, 45.635946051500191 ], [ 8.674332022408192, 45.635837256658291 ], [ 8.674332040858713, 45.635837236134172 ], [ 8.674444739374414, 45.635710360404495 ], [ 8.674444749127733, 45.63571034945921 ], [ 8.674514848833125, 45.635631933009122 ], [ 8.674515209344086, 45.635631570570915 ], [ 8.674515618791435, 45.635631234686485 ], [ 8.674672335422116, 45.63551477370757 ], [ 8.674672353660455, 45.635514760210029 ], [ 8.67469962942422, 45.635494657749724 ], [ 8.674878947691873, 45.635361559755346 ], [ 8.67514684558779, 45.63516253141416 ], [ 8.675674405773359, 45.634771128076174 ], [ 8.675674908878575, 45.634770793100977 ], [ 8.67567546059508, 45.634770498189468 ], [ 8.677025288553047, 45.63412677612957 ], [ 8.677025787930091, 45.634126560697979 ], [ 8.677026313255428, 45.634126378147819 ], [ 8.678644430469157, 45.633627298219658 ], [ 8.678644957435452, 45.633627154765655 ], [ 8.678645500356236, 45.633627044411845 ], [ 8.678646055016255, 45.633626968015037 ], [ 8.68030050229029, 45.633451780108466 ], [ 8.680301272687196, 45.633451731611522 ], [ 8.680302045803915, 45.633451748516521 ], [ 8.682493580268595, 45.63359277286947 ], [ 8.68249411729003, 45.63359282354341 ], [ 8.682494646299952, 45.633592905830952 ], [ 8.682495163524015, 45.633593019144996 ], [ 8.683864331483729, 45.633938126772684 ], [ 8.684082727236891, 45.633993173189495 ], [ 8.684083388974152, 45.633993369993732 ], [ 8.685055854524357, 45.63432883862216 ], [ 8.685056281065242, 45.634329000075034 ], [ 8.685056689013768, 45.634329183658558 ], [ 8.685202947496993, 45.634400613078739 ], [ 8.685203077498254, 45.634400670029663 ], [ 8.685203179816385, 45.63440058997579 ], [ 8.685203176655243, 45.63440059271241 ], [ 8.685203089348446, 45.634400676248767 ], [ 8.685203206376819, 45.634400739410339 ], [ 8.685426989526178, 45.634509855089306 ], [ 8.6854277088202, 45.634510262749359 ], [ 8.685707748307145, 45.634693889714441 ], [ 8.686321801179872, 45.635097317485936 ], [ 8.686322171146806, 45.635097581404018 ], [ 8.686322508946141, 45.635097865758468 ], [ 8.68710073224781, 45.635810624086623 ], [ 8.687101034574809, 45.635810925830825 ], [ 8.688184365596086, 45.636992234082108 ], [ 8.688184706110905, 45.636992653165869 ], [ 8.688184980728355, 45.636993095409196 ], [ 8.688185186293421, 45.636993555731294 ], [ 8.688240310890937, 45.637145020619123 ], [ 8.688240323647308, 45.637145056276474 ], [ 8.688614218105686, 45.638208547453438 ], [ 8.688614330095897, 45.638208940545141 ], [ 8.688614391778021, 45.638209339068091 ], [ 8.688614402662672, 45.638209739860386 ], [ 8.688597252904877, 45.638681368390749 ], [ 8.688597257185323, 45.638681483822644 ], [ 8.688597278365188, 45.638681598333747 ], [ 8.688604057975329, 45.638707654359713 ], [ 8.688604147698365, 45.638708159574662 ], [ 8.688604155502553, 45.638708668665537 ], [ 8.688588427236953, 45.638949183127203 ], [ 8.688588425492814, 45.638949214612353 ], [ 8.688583841160515, 45.639050186143507 ], [ 8.688583839933388, 45.63905029322094 ], [ 8.688585149478186, 45.639108575610408 ], [ 8.688585150245904, 45.639108632995139 ], [ 8.68858555460281, 45.639202911381396 ], [ 8.688585551118464, 45.639203073841003 ], [ 8.688553896842366, 45.639873737177687 ], [ 8.688553854529967, 45.639874125194872 ], [ 8.688553764589786, 45.639874509197377 ], [ 8.688017914719724, 45.641672427779916 ], [ 8.688017768717984, 45.641672825895697 ], [ 8.688017571537037, 45.641673213005895 ], [ 8.687817657347029, 45.642015479647142 ], [ 8.687109869398579, 45.643227218664364 ], [ 8.686961636200573, 45.643482120225002 ], [ 8.686961618072646, 45.643482151070167 ], [ 8.686943477674063, 45.643512695626505 ], [ 8.686800557513905, 45.64375771299909 ], [ 8.68680053364243, 45.643757753363055 ], [ 8.686280728533459, 45.644624752813712 ], [ 8.686084582084785, 45.644953392858142 ], [ 8.686084545617499, 45.644953452738235 ], [ 8.68605366484813, 45.64500316102459 ], [ 8.686053649812035, 45.645003185626472 ], [ 8.685997578770822, 45.645096456303214 ], [ 8.685997353247167, 45.645096792056769 ], [ 8.685911018954078, 45.645212673754351 ], [ 8.685911000926344, 45.645212698318105 ], [ 8.685725299526933, 45.645469588435944 ], [ 8.685725132323494, 45.645469804850414 ], [ 8.68568965226201, 45.645512872284108 ], [ 8.685689588125436, 45.645512954001056 ], [ 8.68466565643509, 45.646884047921851 ], [ 8.684665608811141, 45.646884110486447 ], [ 8.684199500535255, 45.647484994517875 ], [ 8.683411650901313, 45.648500764605124 ], [ 8.68341141255835, 45.648501046872312 ], [ 8.682794187691238, 45.649174733224662 ], [ 8.682751674505923, 45.649221171046577 ], [ 8.68275167089385, 45.649221174987588 ], [ 8.682693475808417, 45.649284596928062 ], [ 8.682305749343392, 45.649707802623169 ], [ 8.682030161313167, 45.650008887652689 ], [ 8.682029805959488, 45.650009237880596 ], [ 8.681971026698537, 45.650061675066816 ], [ 8.681178002348187, 45.650769124394103 ], [ 8.680933806462004, 45.650986998682015 ], [ 8.68093343226181, 45.650987303464042 ], [ 8.680676155378446, 45.651178831646902 ], [ 8.679949546711272, 45.651719841436254 ], [ 8.679891061091851, 45.651764025449559 ], [ 8.67986610684139, 45.651782955166091 ], [ 8.679866044526376, 45.651783001768777 ], [ 8.679644178111047, 45.651946582634238 ], [ 8.678265084771246, 45.652968790657887 ], [ 8.677879165087077, 45.65325981652132 ], [ 8.677878907648305, 45.653260037210806 ], [ 8.677850696905681, 45.653287620814993 ], [ 8.677850262223201, 45.653288000621536 ], [ 8.677849771565056, 45.653288345263853 ], [ 8.677811979032944, 45.653312162250664 ], [ 8.677811878577206, 45.653312228346245 ], [ 8.677760862122625, 45.653347269114448 ], [ 8.677702583939887, 45.653387531591072 ], [ 8.677702517854106, 45.653387578607081 ], [ 8.676989170272792, 45.653910193588395 ], [ 8.676988936972666, 45.653910384883773 ], [ 8.676288911962255, 45.654554082296244 ], [ 8.676288890955918, 45.654554101504651 ], [ 8.676136305672626, 45.654692852301842 ], [ 8.675737516773703, 45.655058754457201 ], [ 8.675737359798333, 45.655058892769013 ], [ 8.674695005266516, 45.655941163764801 ], [ 8.674370233734871, 45.656216050117486 ], [ 8.674370223025155, 45.656216059158069 ], [ 8.674125189882803, 45.656422353592092 ], [ 8.674125157391293, 45.656422381395345 ], [ 8.673663334607184, 45.656824065187251 ], [ 8.673589709021584, 45.656888146998938 ], [ 8.673589700717168, 45.656888154211664 ], [ 8.67353721361232, 45.656933645394787 ], [ 8.673454417483864, 45.65700552627461 ], [ 8.673454374730923, 45.657005564218231 ], [ 8.673362913834396, 45.657088554400985 ], [ 8.673276953711774, 45.657166552387885 ], [ 8.673276924231939, 45.657166579560666 ], [ 8.673071534952477, 45.657358905184722 ], [ 8.673071457331778, 45.657358976379498 ], [ 8.67239641190536, 45.657965515677994 ], [ 8.672396213167326, 45.657965715728508 ], [ 8.672143675606371, 45.658251833737758 ], [ 8.671734827650102, 45.658715039780944 ], [ 8.6716507830678, 45.658810252710332 ], [ 8.671350256236536, 45.659150712676038 ], [ 8.671350213745326, 45.659150762224343 ], [ 8.670445443007562, 45.660237140236546 ], [ 8.670445375253417, 45.660237230834824 ], [ 8.670445319546902, 45.660237325383321 ], [ 8.669835138377024, 45.661423460347741 ], [ 8.669835088877575, 45.661423575697164 ], [ 8.669835075725173, 45.661423695801886 ], [ 8.669788406967285, 45.662863459997617 ], [ 8.669788413519111, 45.662863589945268 ], [ 8.669788441499747, 45.662863718485468 ], [ 8.670203660928765, 45.66423281930971 ], [ 8.67020369721549, 45.66423291705739 ], [ 8.670203757931221, 45.664233008652175 ], [ 8.670793411073358, 45.665026781670051 ], [ 8.670793414631991, 45.665026786467521 ], [ 8.671120627450851, 45.66546855413408 ], [ 8.671120714633386, 45.665468657783578 ], [ 8.671120831400243, 45.665468745970927 ], [ 8.672373712345589, 45.666318271368574 ], [ 8.672373818312963, 45.666318337084334 ], [ 8.672373950291451, 45.666318372804973 ], [ 8.673097498471904, 45.666488699763129 ], [ 8.673380862549367, 45.666555404740208 ], [ 8.673636209035674, 45.666615506045147 ], [ 8.674211669412172, 45.66675097436638 ], [ 8.674413469297328, 45.666798472165979 ], [ 8.674661071369769, 45.66685675478778 ], [ 8.674807441819405, 45.666891280323689 ], [ 8.675069204040177, 45.66695289383685 ], [ 8.675141086800489, 45.666969730648376 ], [ 8.675141224085909, 45.666969760425552 ], [ 8.675741736285252, 45.667089748505326 ], [ 8.676956119708443, 45.667332245659701 ], [ 8.677150630112251, 45.667371118515028 ], [ 8.678456977775729, 45.667631957741094 ], [ 8.680420596802783, 45.668023880236724 ], [ 8.680421167315608, 45.668024014670344 ], [ 8.680421717361439, 45.668024185977359 ], [ 8.680422242104315, 45.668024392651688 ], [ 8.680422736930733, 45.668024632876246 ], [ 8.680423197490216, 45.668024904539024 ], [ 8.680423619733562, 45.668025205251539 ], [ 8.680623634457595, 45.668181693083653 ], [ 8.681057125725214, 45.668520982802598 ], [ 8.681057474045344, 45.668521280072525 ], [ 8.681691746214119, 45.669112393161733 ], [ 8.681692127084739, 45.669112790459593 ], [ 8.681976137312823, 45.669446061951241 ], [ 8.681976400840231, 45.669446403909149 ], [ 8.681976621299693, 45.669446760533532 ], [ 8.682163506521794, 45.669788851253777 ], [ 8.682163634056668, 45.669789054144452 ], [ 8.682504755875831, 45.670266456413287 ], [ 8.682505050641694, 45.670266936763873 ], [ 8.682505263941842, 45.670267437843464 ], [ 8.682548569531876, 45.670396007861704 ], [ 8.68266876280086, 45.670753604937545 ], [ 8.682668903776239, 45.670753919125005 ], [ 8.68270469139383, 45.670817080125865 ], [ 8.682704903011516, 45.670817517906379 ], [ 8.682705049461502, 45.670817968595777 ], [ 8.682705129198837, 45.670818427439592 ], [ 8.682705141382339, 45.670818889597285 ], [ 8.682705085883478, 45.670819350193398 ], [ 8.68270496328773, 45.670819804368932 ], [ 8.682704774888402, 45.6708202473326 ], [ 8.682704522672989, 45.670820674411416 ], [ 8.682421704917063, 45.6712375909797 ], [ 8.682421399292082, 45.67123798871539 ], [ 8.682421038327362, 45.671238362964786 ], [ 8.682420625660489, 45.671238709956441 ], [ 8.682420165450072, 45.67123902619354 ], [ 8.682419662333839, 45.671239308489291 ], [ 8.682188853782067, 45.671355988106868 ], [ 8.682126202461712, 45.671387649824283 ], [ 8.682126108787809, 45.671387696277407 ], [ 8.682070957483059, 45.671414530722771 ], [ 8.682070940179523, 45.671414539112561 ], [ 8.681971858762875, 45.671462411533078 ], [ 8.681971849532545, 45.671462415984486 ], [ 8.68160680419351, 45.671638132737186 ], [ 8.681432978738227, 45.671721911457269 ], [ 8.68143281896017, 45.67172199367257 ], [ 8.681196325843962, 45.671851748001359 ], [ 8.681196057367007, 45.671851887557658 ], [ 8.681143520400141, 45.671877738342992 ], [ 8.681044712557863, 45.671926899367776 ], [ 8.681044578704856, 45.671926973837273 ], [ 8.681044470522279, 45.671927066572394 ], [ 8.680740989743311, 45.67221769945003 ], [ 8.680740926424264, 45.672217759049325 ], [ 8.680632399337719, 45.672318169060567 ], [ 8.680632313751341, 45.672318256692257 ], [ 8.680632324700246, 45.672318362619336 ], [ 8.680667224999629, 45.672520614782151 ], [ 8.680676593877427, 45.672574877094064 ], [ 8.680676603244054, 45.67257492671115 ], [ 8.680702822628158, 45.672702860278271 ], [ 8.680702824158629, 45.672702867790953 ], [ 8.680728867204133, 45.672831480608131 ], [ 8.680728913591684, 45.672831658159417 ], [ 8.680768037828516, 45.672953576606758 ], [ 8.680768039976648, 45.672953583324727 ], [ 8.68084371451603, 45.673191094035879 ], [ 8.680869496337206, 45.673271433154504 ], [ 8.680869565876032, 45.673271682525431 ], [ 8.680877130796127, 45.67330356662854 ], [ 8.680877162904098, 45.673303682943612 ], [ 8.68091530681526, 45.673424689842548 ], [ 8.680975767725249, 45.673615032542052 ], [ 8.680975777121303, 45.673615061236475 ], [ 8.681062186204315, 45.673871245917184 ], [ 8.681062188512549, 45.673871252784622 ], [ 8.681171060656201, 45.674196307099017 ], [ 8.681171083058874, 45.674196369910163 ], [ 8.681382522666823, 45.674754909559411 ], [ 8.681382566273125, 45.674755031605216 ], [ 8.681398678918567, 45.674802960785826 ], [ 8.681435429179755, 45.674912765805558 ], [ 8.681435433000809, 45.67491277728999 ], [ 8.681446821941421, 45.674947211375411 ], [ 8.681493305812777, 45.675087875932228 ], [ 8.681493423489306, 45.675088342584083 ], [ 8.6814934705162, 45.675088815323356 ], [ 8.681493446372029, 45.675089288908381 ], [ 8.681441837981694, 45.67549749019183 ], [ 8.681441777062316, 45.67549782698989 ], [ 8.681441680099281, 45.675498159610378 ], [ 8.681319700723993, 45.675848632142241 ], [ 8.681293159060607, 45.675924782798845 ], [ 8.681293045554325, 45.67592506754319 ], [ 8.681173927187958, 45.676189987415192 ], [ 8.681173887224849, 45.676190094576462 ], [ 8.681173893884834, 45.676190205240665 ], [ 8.681201490337919, 45.676400329552266 ], [ 8.681201517002256, 45.676400790603211 ], [ 8.681201476180879, 45.676401251144732 ], [ 8.681201368302927, 45.676401706335319 ], [ 8.681201194502478, 45.676402151389745 ], [ 8.68120095660662, 45.676402581629347 ], [ 8.681200657116261, 45.676402992531152 ], [ 8.681009777663879, 45.676634727788944 ], [ 8.681009357413211, 45.676635174389766 ], [ 8.681008864528318, 45.676635582874297 ], [ 8.680736250296597, 45.676836023991299 ], [ 8.680735826578207, 45.676836308310911 ], [ 8.680735367610758, 45.676836564334593 ], [ 8.680734877225417, 45.676836789925218 ], [ 8.680734359515593, 45.676836983199692 ], [ 8.680733818802793, 45.676837142544706 ], [ 8.680733259600531, 45.676837266630145 ], [ 8.680190043880929, 45.67693891808598 ], [ 8.68018983195941, 45.676938963289253 ], [ 8.67972677690074, 45.677050110843346 ], [ 8.679726653125364, 45.677050144641868 ], [ 8.679726539033586, 45.67705019233064 ], [ 8.679374279567671, 45.677211702544326 ], [ 8.679297659994479, 45.677246811364235 ], [ 8.679296953796015, 45.677247091979552 ], [ 8.679261411471948, 45.677259201892092 ], [ 8.678786755321084, 45.677420788758802 ], [ 8.678786257358274, 45.677420940389098 ], [ 8.678785742900164, 45.677421061984113 ], [ 8.678785215625862, 45.677421152674292 ], [ 8.678159881967941, 45.677509240671803 ], [ 8.678159221033084, 45.677509308919461 ], [ 8.677638450953383, 45.677543797634584 ], [ 8.677637821291807, 45.677543817547431 ], [ 8.677116225616354, 45.677542344603225 ], [ 8.677116042131621, 45.677542347763705 ], [ 8.676667869876486, 45.677559065369742 ], [ 8.676667764125465, 45.67755907054309 ], [ 8.676170928119292, 45.677589161374982 ], [ 8.675715085547045, 45.677619361491132 ], [ 8.675714724919365, 45.677619378219426 ], [ 8.675104384053803, 45.677635610388577 ], [ 8.675103607870664, 45.677635598097922 ], [ 8.675102839479552, 45.677635520218921 ], [ 8.674376489423267, 45.677530133203938 ], [ 8.674375908327082, 45.677530028828102 ], [ 8.674375343664888, 45.677529886888138 ], [ 8.673778825820541, 45.677357488883906 ], [ 8.673778244446869, 45.677357296450978 ], [ 8.67377769344492, 45.677357064221276 ], [ 8.673220573987821, 45.677094767508606 ], [ 8.673220300594309, 45.677094631396159 ], [ 8.672678427647904, 45.676809638791553 ], [ 8.672678365302199, 45.676809605582655 ], [ 8.67188171095191, 45.676379858713304 ], [ 8.671881512768142, 45.676379759952901 ], [ 8.670905769655405, 45.675931528911292 ], [ 8.670905453414516, 45.67593140104961 ], [ 8.670847804964492, 45.675911065060724 ], [ 8.670788266264251, 45.675890031923373 ], [ 8.670562449942885, 45.67581031465383 ], [ 8.670451300251175, 45.675771056155867 ], [ 8.670416615596485, 45.675758805132169 ], [ 8.670250269913661, 45.67570007898609 ], [ 8.670250140422162, 45.675700038210323 ], [ 8.670250006287167, 45.675700005635704 ], [ 8.669572093765817, 45.675558635055197 ], [ 8.669571294840116, 45.675558427073454 ], [ 8.66866261377611, 45.675272428021032 ], [ 8.668662482129816, 45.675272389030908 ], [ 8.668122620013193, 45.675122334491562 ], [ 8.668122519086081, 45.675122307805474 ], [ 8.667451679676585, 45.674953900087779 ], [ 8.667451336756921, 45.674953828848928 ], [ 8.666871631282666, 45.674857683019212 ], [ 8.666871337733893, 45.674857644348954 ], [ 8.666210323616088, 45.674792728033893 ], [ 8.666210200656261, 45.674792715105681 ], [ 8.665344653692769, 45.674695689362515 ], [ 8.665344493134048, 45.674695674266211 ], [ 8.664667906816909, 45.674644205936382 ], [ 8.664667295689355, 45.674644138424711 ], [ 8.664194267201475, 45.674575361525967 ], [ 8.664193869562789, 45.674575321720795 ], [ 8.663681600680945, 45.674546831659619 ], [ 8.663681450185861, 45.674546828270394 ], [ 8.663681299902514, 45.674546834810847 ], [ 8.663004272534021, 45.674598800293779 ], [ 8.663003994042056, 45.674598817376094 ], [ 8.662360381860067, 45.674628411109154 ], [ 8.662360330402413, 45.674628413766435 ], [ 8.661464168136142, 45.674679767913787 ], [ 8.661464072756889, 45.674679772877965 ], [ 8.660559945378701, 45.674722081139116 ], [ 8.660559793592865, 45.674722086976729 ], [ 8.659745180194623, 45.674746636097439 ], [ 8.659744669821997, 45.674746637240666 ], [ 8.659744160932732, 45.67474660995817 ], [ 8.659059267671124, 45.674690618435314 ], [ 8.65905860634782, 45.674690539632927 ], [ 8.658242034641072, 45.674562144239857 ], [ 8.658241945862224, 45.674562131201021 ], [ 8.657433788681873, 45.674451767927138 ], [ 8.657433603454463, 45.674451750437484 ], [ 8.657433416581211, 45.674451748228272 ], [ 8.65645607389412, 45.674480296591973 ], [ 8.656455883309413, 45.674480300171794 ], [ 8.655665116949658, 45.674486915454871 ], [ 8.655665067663076, 45.67448691573437 ], [ 8.654914847574039, 45.674489148539557 ], [ 8.654914757964599, 45.674489149683161 ], [ 8.654034849169772, 45.674508993811969 ], [ 8.654034693676415, 45.67450899996858 ], [ 8.653432027770553, 45.67454316135634 ], [ 8.653431785794227, 45.674543171852129 ], [ 8.652617000654264, 45.674567694323613 ], [ 8.652616746330493, 45.674567709098085 ], [ 8.651810789090009, 45.674637242764476 ], [ 8.651810741403608, 45.674637247132893 ], [ 8.650955721430599, 45.674720141514847 ], [ 8.650955547584603, 45.674720156676933 ], [ 8.650173780238459, 45.674780754983459 ], [ 8.650173543583096, 45.674780779617798 ], [ 8.649732343934174, 45.674838563751855 ], [ 8.649311113124281, 45.67489513276626 ], [ 8.649311073302458, 45.674895138297288 ], [ 8.648636131957483, 45.674991995523897 ], [ 8.648635632448944, 45.674992052924885 ], [ 8.648635128042011, 45.674992082559108 ], [ 8.647975572740638, 45.675012520096161 ], [ 8.647975369037756, 45.675012530970754 ], [ 8.647462656662846, 45.675051441680445 ], [ 8.647462236546453, 45.675051493572909 ], [ 8.646795364602376, 45.675166380946415 ], [ 8.646795171563026, 45.675166411996777 ], [ 8.645851561683608, 45.675307482841944 ], [ 8.645851398842376, 45.675307505646749 ], [ 8.645347140884336, 45.675373379753026 ], [ 8.64534629238354, 45.675373450051744 ], [ 8.644768497130825, 45.675394142317934 ], [ 8.644768315232126, 45.675394147020384 ], [ 8.644295461866596, 45.675401666526128 ], [ 8.644295149814429, 45.675401682184727 ], [ 8.64347036739742, 45.675471537384382 ], [ 8.643424134312351, 45.675475447480409 ], [ 8.643423966376456, 45.675475468119501 ], [ 8.643423808520412, 45.6754755132838 ], [ 8.642750396796023, 45.675698323447818 ], [ 8.642749915220913, 45.675698466275612 ], [ 8.642749418661824, 45.675698581154968 ], [ 8.642531524724438, 45.675742178485606 ], [ 8.642531514743203, 45.675742180476568 ], [ 8.642083429345734, 45.675831285297022 ], [ 8.642083284433907, 45.675831319473382 ], [ 8.64208316844298, 45.675831389302395 ], [ 8.642046794586559, 45.675855513192353 ], [ 8.641792548647034, 45.676023833996069 ], [ 8.641792313475326, 45.676023982179395 ], [ 8.641307194147002, 45.676314838309679 ], [ 8.641306947492732, 45.676314978929803 ], [ 8.640902544413503, 45.67653409612209 ], [ 8.640902431411117, 45.676534163511931 ], [ 8.640902387126504, 45.676534262773075 ], [ 8.640799993373312, 45.676808255910238 ], [ 8.640799963649421, 45.676808352720123 ], [ 8.640799958688175, 45.676808451685886 ], [ 8.640802296855169, 45.676988760941363 ], [ 8.640804675937638, 45.67718185054099 ], [ 8.640804654353069, 45.677182260172991 ], [ 8.640760671606587, 45.677555227725904 ], [ 8.640760660730232, 45.677555403035527 ], [ 8.6407580061604, 45.677973848675762 ], [ 8.640758035828631, 45.677974163867511 ], [ 8.640836233308772, 45.678374071410509 ], [ 8.640836292052258, 45.678374614644 ], [ 8.640836256725066, 45.678375158872839 ], [ 8.640794193507716, 45.678652187865858 ], [ 8.640776199673159, 45.678770286235704 ], [ 8.640776125692941, 45.678770638877111 ], [ 8.640620818748781, 45.6793503796913 ], [ 8.64062072952599, 45.679350662308423 ], [ 8.640580875807007, 45.67946009122786 ], [ 8.640416025612904, 45.679912314566295 ], [ 8.640415993557301, 45.679912425620408 ], [ 8.640415977650981, 45.67991253837495 ], [ 8.640388516973765, 45.680313007929797 ], [ 8.640388515190828, 45.680313038170674 ], [ 8.640356331135033, 45.680965198294281 ], [ 8.640356340485898, 45.680965464306965 ], [ 8.640385356470532, 45.681207461433083 ], [ 8.640411247077092, 45.681424188174816 ], [ 8.640411269434431, 45.681424548954851 ], [ 8.640411250452029, 45.681424909829865 ], [ 8.640360299300058, 45.681887893634944 ], [ 8.640360295742269, 45.681888203228283 ], [ 8.640374452319955, 45.682051001988604 ], [ 8.640417708453844, 45.682544899426219 ], [ 8.640417709821707, 45.68254543484602 ], [ 8.640347255360876, 45.683399887929241 ], [ 8.640347253762458, 45.683400126309643 ], [ 8.640359431856142, 45.683576598099997 ], [ 8.640377233445452, 45.683836501024857 ], [ 8.640377239716232, 45.683836800722048 ], [ 8.64037192521597, 45.684036595897119 ], [ 8.640366342273365, 45.684241528580017 ], [ 8.640366355065119, 45.684241776625818 ], [ 8.640386866573019, 45.68439871345641 ], [ 8.640412071737749, 45.684592802190302 ], [ 8.640412080804674, 45.684592862880443 ], [ 8.640433363832004, 45.684718808852921 ], [ 8.640433366817675, 45.684718826830512 ], [ 8.640439464050633, 45.684756194130188 ], [ 8.640514319850544, 45.685196068497021 ], [ 8.640514379607669, 45.685196308343862 ], [ 8.64087963425432, 45.686304371169811 ], [ 8.640879686319845, 45.686304509035295 ], [ 8.6411832781261, 45.687016351427175 ], [ 8.64118332755592, 45.687016450201071 ], [ 8.641183414156847, 45.687016535479636 ], [ 8.641440800134562, 45.687246381002886 ], [ 8.641440898611631, 45.687246460676356 ], [ 8.641441042048898, 45.687246428973459 ], [ 8.641441045287467, 45.687246428134827 ], [ 8.641440908202316, 45.687246469144874 ], [ 8.641440994189537, 45.687246554473681 ], [ 8.64201216319355, 45.687757652304995 ], [ 8.642012176429471, 45.687757664189682 ], [ 8.642519383892266, 45.688214662773682 ], [ 8.642519477132558, 45.688214742912891 ], [ 8.643238749709857, 45.688804724307118 ], [ 8.643239060717281, 45.688805000586832 ], [ 8.643239339972169, 45.688805293053264 ], [ 8.643468364655746, 45.689066717603886 ], [ 8.643468381677319, 45.689066736816166 ], [ 8.643799856692166, 45.689436708583187 ], [ 8.643800016336467, 45.689436896782091 ], [ 8.644385990055193, 45.690167567730391 ], [ 8.644386156862469, 45.690167790029463 ], [ 8.645238845750828, 45.691385433422994 ], [ 8.645696455965602, 45.692038892836884 ], [ 8.645696459905412, 45.692038898472724 ], [ 8.645752112629067, 45.692118649426526 ], [ 8.646025537766613, 45.692508849866918 ], [ 8.646141933057139, 45.692675217932496 ], [ 8.646142087009684, 45.692675455116927 ], [ 8.646784991606095, 45.693747200915702 ], [ 8.646866891774236, 45.693883447511965 ], [ 8.646867144278808, 45.6938839483038 ], [ 8.647448951226902, 45.695298577403882 ], [ 8.647448975652802, 45.695298638402683 ], [ 8.64789134071434, 45.696433995557811 ], [ 8.647891413408885, 45.696434157741251 ], [ 8.648162939913625, 45.696968419381044 ], [ 8.648271320654205, 45.697181975214178 ], [ 8.648271566913072, 45.697182599576557 ], [ 8.648464684402025, 45.69785842234262 ], [ 8.648485268604679, 45.697929892775541 ], [ 8.648485327855932, 45.69793006372705 ], [ 8.648528805146428, 45.6980370693827 ], [ 8.648539078823982, 45.69806225881662 ], [ 8.648724881265036, 45.698516503355116 ], [ 8.64902958688284, 45.69926358776604 ], [ 8.649029737486918, 45.699264046657532 ], [ 8.649368029048873, 45.700614945051726 ], [ 8.649769496758406, 45.702143854365097 ], [ 8.649769607919421, 45.702144157359733 ], [ 8.650428816615504, 45.703532027590278 ], [ 8.650428877265002, 45.703532136099383 ], [ 8.650428953660152, 45.703532239612024 ], [ 8.651257409999447, 45.704524676187809 ], [ 8.651257479600135, 45.704524752349393 ], [ 8.651257557722976, 45.704524824339067 ], [ 8.652215809477255, 45.705337680781639 ], [ 8.652215981297653, 45.705337833105212 ], [ 8.653365075604448, 45.706402960421798 ], [ 8.653365449408454, 45.706403347087637 ], [ 8.653365764006784, 45.706403758812719 ], [ 8.654358028508611, 45.707881904187197 ], [ 8.654358252464647, 45.707882281360952 ], [ 8.654358426681114, 45.707882671208914 ], [ 8.654358549722527, 45.707883070518875 ], [ 8.654633939134987, 45.709026100314333 ], [ 8.654634025071102, 45.709026697333336 ], [ 8.654660841383793, 45.709582493002614 ], [ 8.654663278826968, 45.709634196872514 ], [ 8.654680207757039, 45.7099909861277 ], [ 8.654684788847883, 45.710088043332945 ], [ 8.654690915940078, 45.71021455548528 ], [ 8.654690918948292, 45.710214773873439 ], [ 8.654672719656491, 45.711086978006989 ], [ 8.654672676160793, 45.711087439139931 ], [ 8.654672565391058, 45.711087894716513 ], [ 8.654672388515358, 45.711088339932651 ], [ 8.654526713407712, 45.711393417161148 ], [ 8.654216643666395, 45.712047086572305 ], [ 8.654216603472262, 45.712047187382034 ], [ 8.654216735548786, 45.712047236312401 ], [ 8.654216739716803, 45.712047237679855 ], [ 8.654216599140559, 45.712047197417505 ], [ 8.654216545284307, 45.71204729689731 ], [ 8.654021727417247, 45.712469550550132 ], [ 8.65402165414419, 45.712469736172764 ], [ 8.653864613315161, 45.712946096955264 ], [ 8.653864533529479, 45.712946314140211 ], [ 8.653616687919088, 45.713557454340474 ], [ 8.653616645984098, 45.71355755340268 ], [ 8.653434444016916, 45.713970509880753 ], [ 8.653434199079442, 45.713970973185887 ], [ 8.653433883122087, 45.71397141489031 ], [ 8.65260605191634, 45.714985551190878 ], [ 8.651932391797637, 45.715816067316283 ], [ 8.651932381273701, 45.715816080240614 ], [ 8.651851531454025, 45.715914990548661 ], [ 8.651790469580774, 45.71599102612776 ], [ 8.651790233394504, 45.715991297358521 ], [ 8.650717270188947, 45.71713089983659 ], [ 8.650717151219325, 45.717131036540337 ], [ 8.649629796762492, 45.718486754964133 ], [ 8.648775274960725, 45.719554930932716 ], [ 8.648774774294774, 45.719555464185845 ], [ 8.647845124038335, 45.720407240762285 ], [ 8.64784470304965, 45.72040758845705 ], [ 8.647622041941323, 45.720573643477842 ], [ 8.647396408344907, 45.720743635268825 ], [ 8.64739639236903, 45.72074364726106 ], [ 8.646876150609343, 45.721132737028903 ], [ 8.646875956548373, 45.721132876022956 ], [ 8.64596102896957, 45.721760461860505 ], [ 8.645960676891086, 45.721760686085865 ], [ 8.645960302085509, 45.721760891444411 ], [ 8.644285510210604, 45.722610400195137 ], [ 8.644284832703137, 45.722610700571401 ], [ 8.642868810037475, 45.723154941222887 ], [ 8.642868159077134, 45.723155159050968 ], [ 8.642867477356004, 45.723155324392387 ], [ 8.641312424349964, 45.723465189174341 ], [ 8.641311670554499, 45.723465305607213 ], [ 8.641310902263998, 45.723465357885978 ], [ 8.640066444672886, 45.723497391182548 ], [ 8.640065735217954, 45.723497381978973 ], [ 8.640065031538205, 45.72349731803844 ], [ 8.640064342215714, 45.723497200140784 ], [ 8.639077384932857, 45.72328732844926 ], [ 8.639077050083865, 45.723287270798693 ], [ 8.637896575614361, 45.723130563584085 ], [ 8.637896231616203, 45.723130531291737 ], [ 8.636522044713065, 45.723054183371588 ], [ 8.636521760469511, 45.723054163114369 ], [ 8.636288015902942, 45.723033817544518 ], [ 8.635341012049564, 45.722951430098043 ], [ 8.635340432464623, 45.722951360683126 ], [ 8.634731278286569, 45.722858128956858 ], [ 8.634615854584975, 45.722840832936946 ], [ 8.634615827406499, 45.722840828821177 ], [ 8.633235885088061, 45.722629658755039 ], [ 8.633235619644028, 45.722629613973652 ], [ 8.631349616278543, 45.722281564839875 ], [ 8.631349266984818, 45.722281514719477 ], [ 8.629372023879043, 45.722077140903885 ], [ 8.62937185849672, 45.722077129927534 ], [ 8.629371693446878, 45.722077143133248 ], [ 8.628176436144026, 45.722217220948728 ], [ 8.628176085431059, 45.722217276346242 ], [ 8.627315912052703, 45.72238910862756 ], [ 8.627279473056323, 45.722396393707982 ], [ 8.627236382992772, 45.72240499611825 ], [ 8.627155938066849, 45.722421115652878 ], [ 8.627155811746537, 45.722421144989966 ], [ 8.627155689336265, 45.722421181566062 ], [ 8.627053341464515, 45.722455347262397 ], [ 8.627053243879441, 45.722455379138069 ], [ 8.626976001437805, 45.722480060151746 ], [ 8.626888713388897, 45.72250846880587 ], [ 8.626888701046548, 45.722508472811676 ], [ 8.626415556505195, 45.722661607872546 ], [ 8.626415278344725, 45.722661709738126 ], [ 8.624959766527574, 45.723259920266884 ], [ 8.624959672909906, 45.723259958005102 ], [ 8.623040606798391, 45.724018557484477 ], [ 8.62303994812051, 45.724018784141563 ], [ 8.620903468670907, 45.724650585531229 ], [ 8.620902933818224, 45.72465072444038 ], [ 8.619680847160467, 45.724925549579929 ], [ 8.619680158769205, 45.724925675408542 ], [ 8.617919056994747, 45.725175557939892 ], [ 8.617919027809526, 45.725175562031474 ], [ 8.6176556312142, 45.725212044016423 ], [ 8.617654944304206, 45.725212112412549 ], [ 8.617607731752491, 45.725215003265326 ], [ 8.617607486489501, 45.725215024972414 ], [ 8.615190283461668, 45.72549550749725 ], [ 8.615190209153379, 45.725495515806031 ], [ 8.613081951826345, 45.725722371924569 ], [ 8.613081066277621, 45.72572242366288 ], [ 8.611038556240983, 45.72574246622208 ], [ 8.611038333932834, 45.725742465707768 ], [ 8.609406995643184, 45.725718910481568 ], [ 8.609406877295246, 45.725718908007686 ], [ 8.609235231433138, 45.725714210928437 ], [ 8.609036798076444, 45.725708776993145 ], [ 8.609036345270331, 45.725708787009275 ], [ 8.608356493819254, 45.725757630295774 ], [ 8.608356480079516, 45.725757631272401 ], [ 8.607930940028497, 45.725787554514312 ], [ 8.607003239961637, 45.725854666866965 ], [ 8.607003196531846, 45.725854669904244 ], [ 8.606192139456089, 45.725909440658036 ], [ 8.606079239183398, 45.725917203401494 ], [ 8.60607922660242, 45.725917204257776 ], [ 8.604717427299683, 45.726008935258868 ], [ 8.604717212018398, 45.726008954921753 ], [ 8.602145515354275, 45.726306032226319 ], [ 8.602145386216103, 45.726306051000698 ], [ 8.602145263229476, 45.726306084366129 ], [ 8.601381888177215, 45.726538951342903 ], [ 8.600134905602166, 45.726919900287619 ], [ 8.60013476788032, 45.726919947990602 ], [ 8.600134637317813, 45.726920004715595 ], [ 8.597801053595463, 45.728045831667622 ], [ 8.597800972646702, 45.728045870086618 ], [ 8.596271784886447, 45.728759786282886 ], [ 8.595983378898122, 45.728894412910748 ], [ 8.595983046567547, 45.728894591 ], [ 8.594550870232778, 45.729771399298649 ], [ 8.594550568411131, 45.72977161044993 ], [ 8.593750100775408, 45.730411519797094 ], [ 8.593025403014328, 45.730990101232543 ], [ 8.593025328082152, 45.730990165722417 ], [ 8.593025260167307, 45.730990233917666 ], [ 8.592848022893023, 45.731183038667055 ], [ 8.591859814044605, 45.732268498349853 ], [ 8.591859635472371, 45.732268721572275 ], [ 8.591597038485345, 45.732645819875721 ], [ 8.591028883381071, 45.733462656943878 ], [ 8.591028779064219, 45.733462823751651 ], [ 8.590377664816355, 45.734630454669414 ], [ 8.59037762887556, 45.734630522301188 ], [ 8.589778171666152, 45.735816367722379 ], [ 8.58977811486624, 45.735816491307176 ], [ 8.589241683022916, 45.737110535566231 ], [ 8.589241616761756, 45.737110685578749 ], [ 8.588693645238193, 45.738278658829998 ], [ 8.588693578830837, 45.738278820532592 ], [ 8.588194847921752, 45.739689928990309 ], [ 8.588194752748956, 45.739690169466655 ], [ 8.587528529502791, 45.741208583454004 ], [ 8.587528360423894, 45.741208920514318 ], [ 8.586668905424986, 45.742726651576433 ], [ 8.586668757675, 45.742726891855099 ], [ 8.586006315688929, 45.743723382469632 ], [ 8.586006238295864, 45.743723508845612 ], [ 8.585381045521366, 45.744837167775586 ], [ 8.585380931449111, 45.74483735803706 ], [ 8.58445793114495, 45.746282997595344 ], [ 8.584457905646307, 45.746283038621158 ], [ 8.583703078591698, 45.74753125602421 ], [ 8.583702939544603, 45.747531470183048 ], [ 8.582910904149275, 45.748671269551409 ], [ 8.582910436996606, 45.748671833787022 ], [ 8.5824265912043, 45.749169269939898 ], [ 8.582426512392592, 45.749169360226318 ], [ 8.582426633557752, 45.749169423474932 ], [ 8.582426636250403, 45.749169424740934 ], [ 8.582426503750854, 45.749169368997023 ], [ 8.582426403741758, 45.749169451519592 ], [ 8.579637946909655, 45.751719793679612 ], [ 8.578088558832917, 45.753136127892731 ], [ 8.578088409547334, 45.753136276411595 ], [ 8.576410973880396, 45.754957016639736 ], [ 8.576410787322857, 45.754957248110372 ], [ 8.57606006674234, 45.755459663696421 ], [ 8.576059754002216, 45.755460059855913 ], [ 8.575320822079885, 45.756294041361102 ], [ 8.57532055758745, 45.756294316667947 ], [ 8.57432373346027, 45.75725352637096 ], [ 8.574323699451975, 45.757253559729669 ], [ 8.573157998943319, 45.758419272007899 ], [ 8.573157963191512, 45.758419308518363 ], [ 8.572289638670769, 45.759325017081515 ], [ 8.572289473932813, 45.759325180906259 ], [ 8.571240833513011, 45.760320170885883 ], [ 8.571240690879655, 45.760320301176321 ], [ 8.570283223728445, 45.761162621240224 ], [ 8.570283023710425, 45.761162818031856 ], [ 8.569154832822075, 45.762409495765077 ], [ 8.56915472612053, 45.76240960981103 ], [ 8.567975664302891, 45.763629085085782 ], [ 8.567975458207279, 45.76362928610444 ], [ 8.566641943051557, 45.764857192557386 ], [ 8.566641851585294, 45.76485728116608 ], [ 8.565138738230322, 45.766390522269091 ], [ 8.565138506972261, 45.766390743406902 ], [ 8.563611009285026, 45.767761725851486 ], [ 8.563610574210465, 45.76776207726914 ], [ 8.562110446805136, 45.768854210210556 ], [ 8.562110363373669, 45.768854273319519 ], [ 8.560389741583609, 45.770206680736202 ], [ 8.560389616441405, 45.77020678531327 ], [ 8.558706380987651, 45.771703287068902 ], [ 8.558706255451268, 45.771703395188489 ], [ 8.557321474479547, 45.772859002892616 ], [ 8.557321383846654, 45.772859086117549 ], [ 8.557321304686932, 45.772859174889021 ], [ 8.556321534004377, 45.774106257788773 ], [ 8.556321484960574, 45.774106321331729 ], [ 8.555665119783436, 45.774990360452023 ], [ 8.555255872662775, 45.775542168710658 ], [ 8.555255818245042, 45.775542249850155 ], [ 8.55525577324944, 45.775542333768357 ], [ 8.554640902659246, 45.776844921201715 ], [ 8.554640874937252, 45.77684498289149 ], [ 8.554483618644863, 45.777213340365606 ], [ 8.554483606409873, 45.777213369751976 ], [ 8.55399856791006, 45.778408534464887 ], [ 8.553998549575523, 45.778408581580969 ], [ 8.553816204277128, 45.778898060424652 ], [ 8.553291161783871, 45.780314011291779 ], [ 8.55329110946716, 45.780314178229901 ], [ 8.552933077751861, 45.781707729181491 ], [ 8.552933049392029, 45.781707862326002 ], [ 8.552555045376796, 45.783938357781338 ], [ 8.552555023190141, 45.783938599365804 ], [ 8.55253961702708, 45.78498417226654 ], [ 8.552517705663167, 45.786746074757822 ], [ 8.55251765624908, 45.786746593709587 ], [ 8.552339635562161, 45.787743095992916 ], [ 8.552276698872584, 45.788104570531182 ], [ 8.552276688135805, 45.788104674002781 ], [ 8.552276836411881, 45.788104672545586 ], [ 8.552276687611796, 45.788104684220478 ], [ 8.552276688408746, 45.788104789134707 ], [ 8.55232410110073, 45.788716954356481 ], [ 8.552324103303969, 45.788716984698524 ], [ 8.552404643210314, 45.789905271652181 ], [ 8.552404667474763, 45.789905460643972 ], [ 8.552664037952807, 45.791274428205 ], [ 8.552664062337724, 45.791274536556976 ], [ 8.553026063749822, 45.792661953770526 ], [ 8.553026080003455, 45.792662018756211 ], [ 8.553312833697905, 45.793860166749511 ], [ 8.553312843044386, 45.793860203887604 ], [ 8.553512664871089, 45.794616988052525 ], [ 8.553512683980786, 45.794617064069705 ], [ 8.553785922204501, 45.795761412575189 ], [ 8.553785966140303, 45.795761564260829 ], [ 8.554176410261459, 45.796905737247833 ], [ 8.554176499708177, 45.796905951607648 ], [ 8.554404315428258, 45.797365686173713 ], [ 8.554796629399407, 45.798136994730932 ], [ 8.555037789808319, 45.798610003848992 ], [ 8.555037959713209, 45.798610391462802 ], [ 8.555566427075098, 45.800043393489666 ], [ 8.555566486576108, 45.80004352214678 ], [ 8.555566567812075, 45.800043644850284 ], [ 8.556149425810357, 45.800800505314434 ], [ 8.556149527904646, 45.800800643557345 ], [ 8.556172382699179, 45.800832948263462 ], [ 8.556172434120306, 45.800833017870083 ], [ 8.558276853932803, 45.803563858892382 ], [ 8.558276933264571, 45.80356395095415 ], [ 8.558277036274081, 45.803564030725305 ], [ 8.563511078620715, 45.807244988138521 ], [ 8.563511187176196, 45.807245057756006 ], [ 8.563511312116477, 45.807245112303008 ], [ 8.566470712925003, 45.808408338721378 ], [ 8.566741343094765, 45.808513809280804 ], [ 8.56674135181653, 45.808513812686044 ], [ 8.56714384989602, 45.808671246288647 ], [ 8.567144167435604, 45.808671354918793 ], [ 8.567477376440229, 45.808769861824466 ], [ 8.567477418820705, 45.808769874478649 ], [ 8.567679905068534, 45.808830933952912 ], [ 8.574306243743564, 45.810787005321423 ], [ 8.574306343677684, 45.810787033448804 ], [ 8.57809519056228, 45.811802154066172 ], [ 8.578095758832008, 45.811802328725349 ], [ 8.578096300394938, 45.811802540858373 ], [ 8.578096810212442, 45.811802788491576 ], [ 8.580082684421138, 45.812870201709757 ], [ 8.580082804734557, 45.81287026020442 ], [ 8.580082893369573, 45.812870178605401 ], [ 8.580082894482258, 45.812870177472533 ], [ 8.580082816242387, 45.812870266023104 ], [ 8.580082932660234, 45.812870330885445 ], [ 8.581436752938872, 45.813552440850017 ], [ 8.581646463076824, 45.813657923895562 ], [ 8.581646887404801, 45.81365815680352 ], [ 8.581647282348595, 45.813658413742836 ], [ 8.581647645133383, 45.813658692908291 ], [ 8.587940267133311, 45.818928084581209 ], [ 8.587940685137342, 45.818928475922874 ], [ 8.587941040022466, 45.818928896634745 ], [ 8.592032440035181, 45.82444213242767 ], [ 8.592032683169988, 45.824442499492072 ], [ 8.592032878177632, 45.824442880337614 ], [ 8.592109617572, 45.824617052403354 ], [ 8.592109634089001, 45.824617088791044 ], [ 8.593729119577137, 45.828082412847429 ], [ 8.593729152140346, 45.828082484544957 ], [ 8.593779127930084, 45.828195795594901 ], [ 8.593779133532733, 45.828195808365152 ], [ 8.593800857812175, 45.828245588363117 ], [ 8.593800876006599, 45.828245628692834 ], [ 8.594371630415012, 45.829470486172717 ], [ 8.594371781927494, 45.829470867499246 ], [ 8.594371884930315, 45.829471256656952 ], [ 8.594871399085696, 45.831967568728331 ], [ 8.595202774570161, 45.833613725922106 ], [ 8.595202802166884, 45.833613827531181 ], [ 8.595202949976827, 45.83361383210714 ], [ 8.595202951798237, 45.833613832102607 ], [ 8.595202803770883, 45.833613837482275 ], [ 8.595202808133353, 45.833613941051929 ], [ 8.595449327864911, 45.835823789345191 ], [ 8.595449346907328, 45.835824192024077 ], [ 8.59544931434959, 45.835824594279636 ], [ 8.595056921202399, 45.838522963510776 ], [ 8.595056913365223, 45.838523067733263 ], [ 8.595057062393639, 45.83852307420937 ], [ 8.595057059399851, 45.838523074181531 ], [ 8.595056912005381, 45.838523077742892 ], [ 8.595056897210286, 45.838523180307597 ], [ 8.594741555523898, 45.842707085179171 ], [ 8.594741553558846, 45.842707115017859 ], [ 8.594623923530204, 45.844794839947852 ], [ 8.594623925207806, 45.844794947564843 ], [ 8.594624078990833, 45.844794953192213 ], [ 8.594623923894769, 45.844794958483767 ], [ 8.594623891590683, 45.844795065288302 ], [ 8.594354257634967, 45.845979457470747 ], [ 8.593820988492091, 45.848338361385032 ], [ 8.593820878311391, 45.848338741600557 ], [ 8.593097319523373, 45.850379062415769 ], [ 8.593097292839884, 45.850379135058212 ], [ 8.592311600740361, 45.852446318383208 ], [ 8.592311569442717, 45.852446420844274 ], [ 8.592311718557159, 45.852446431758914 ], [ 8.592311721853607, 45.852446431885859 ], [ 8.59231156497369, 45.852446431369316 ], [ 8.592311494200178, 45.852446529206858 ], [ 8.590589091370058, 45.855158388153022 ], [ 8.59058908229661, 45.855158402371686 ], [ 8.589259254848994, 45.857232584842116 ], [ 8.589259038181996, 45.857232891060896 ], [ 8.587997703146, 45.858857234413954 ], [ 8.587997642826382, 45.858857316021954 ], [ 8.587791871606848, 45.859150222206907 ], [ 8.586934066853575, 45.860371225009033 ], [ 8.586934010145706, 45.860371310175097 ], [ 8.586881309178283, 45.860454982462343 ], [ 8.586881249863747, 45.860455073856876 ], [ 8.585735125196425, 45.862169916992592 ], [ 8.585735055447154, 45.862170029210752 ], [ 8.58466453807678, 45.864029091804014 ], [ 8.584664440704906, 45.864029286148877 ], [ 8.584048290501727, 45.865466978508138 ], [ 8.584048249179462, 45.865467084230801 ], [ 8.583402981971535, 45.867291724145282 ], [ 8.583402929764247, 45.86729186230928 ], [ 8.583132451037509, 45.867964217918825 ], [ 8.582717120424968, 45.869008673731756 ], [ 8.582717114917829, 45.869008687495821 ], [ 8.582178094758351, 45.870347628902984 ], [ 8.582177948805001, 45.870347945931684 ], [ 8.581459253675586, 45.871731161794422 ], [ 8.581459192355988, 45.871731292057703 ], [ 8.580881635301427, 45.873097139594236 ], [ 8.580881596288602, 45.873097240408178 ], [ 8.580486671414256, 45.874220638823132 ], [ 8.580486545201497, 45.874220949305638 ], [ 8.579988916113782, 45.875296673620049 ], [ 8.579988807934347, 45.875296888689363 ], [ 8.579348641717603, 45.876473393704622 ], [ 8.579348527766506, 45.876473589188606 ], [ 8.578813421537401, 45.877333257882391 ], [ 8.578813352910727, 45.877333377371393 ], [ 8.578486791881998, 45.877952683292747 ], [ 8.578486516520872, 45.877953129574742 ], [ 8.578486173868171, 45.87795355251599 ], [ 8.578088233804262, 45.878388171896887 ], [ 8.578088186156792, 45.87838822316521 ], [ 8.576694444335239, 45.879865761655239 ], [ 8.576694260604699, 45.879865982861936 ], [ 8.574950032979903, 45.88227149122627 ], [ 8.574949978763071, 45.882271569731103 ], [ 8.573281263773509, 45.884812340522075 ], [ 8.573281135761391, 45.884812524292734 ], [ 8.571666550658891, 45.887002427262829 ], [ 8.571666495029856, 45.887002511000588 ], [ 8.571666449439867, 45.88700259764687 ], [ 8.57051367453815, 45.889506969869622 ], [ 8.570513639535866, 45.889507058107327 ], [ 8.570513614946313, 45.889507148043243 ], [ 8.570141482964747, 45.891251662854252 ], [ 8.570141468302442, 45.891251766278302 ], [ 8.570141616366517, 45.891251755725222 ], [ 8.570141613142093, 45.891251756067632 ], [ 8.570141465867996, 45.891251776818535 ], [ 8.570141433787903, 45.891251879312492 ], [ 8.569446847382041, 45.894129181851262 ], [ 8.569446828447614, 45.894129295475793 ], [ 8.569446842978351, 45.89412940941606 ], [ 8.569708747427283, 45.895427313402458 ], [ 8.570292488152138, 45.89831987481957 ], [ 8.570641658974882, 45.9000332078637 ], [ 8.570641684220913, 45.900033302391428 ], [ 8.570641743181792, 45.900033389291295 ], [ 8.57162624610589, 45.901336414012526 ], [ 8.571626295197923, 45.901336476562818 ], [ 8.571726433750309, 45.901459402550017 ], [ 8.571726525371448, 45.901459518986556 ], [ 8.572734250214909, 45.90278618395886 ], [ 8.572734342868637, 45.902786291031425 ], [ 8.572734452038077, 45.902786390227341 ], [ 8.573796971368559, 45.903647689879641 ], [ 8.573973295407741, 45.903790130954498 ], [ 8.573973589570423, 45.903790339451831 ], [ 8.5752687392479, 45.904595951345421 ], [ 8.575269206440849, 45.904596273187231 ], [ 8.576217416687978, 45.905319597428793 ], [ 8.576217514765512, 45.905319666033442 ], [ 8.57621762830232, 45.905319721820497 ], [ 8.578082062148649, 45.906154010838641 ], [ 8.578082573625309, 45.906154265059151 ], [ 8.578083047248944, 45.906154552810705 ], [ 8.578083478526381, 45.906154871363491 ], [ 8.578083863366183, 45.906155217695449 ], [ 8.578084198117457, 45.90615558852101 ], [ 8.582672043446305, 45.911832614144238 ], [ 8.582672227850892, 45.91183281630655 ], [ 8.587887025787886, 45.916927814877425 ], [ 8.587887189200927, 45.916927961340036 ], [ 8.593841023972969, 45.921831867445803 ], [ 8.59384120668645, 45.921832005751661 ], [ 8.59486902898119, 45.922547498178275 ], [ 8.600141603516271, 45.926219313087529 ], [ 8.600141702374463, 45.926219383449535 ], [ 8.608711628411257, 45.932453086792449 ], [ 8.608711654015396, 45.932453105202434 ], [ 8.608853946530946, 45.932554256439808 ], [ 8.608853993477934, 45.932554290163417 ], [ 8.616877625004756, 45.938377613886452 ], [ 8.616877733724996, 45.938377685484348 ], [ 8.616877848223378, 45.938377618413945 ], [ 8.616877850041597, 45.938377617239432 ], [ 8.616877744011292, 45.938377692829377 ], [ 8.616877842061331, 45.938377773492995 ], [ 8.654099718913233, 45.966086916216966 ], [ 8.654099827539522, 45.966086989467868 ], [ 8.654099942803812, 45.966086921328639 ], [ 8.654099837769047, 45.966086996995593 ], [ 8.654099936332178, 45.966087077313773 ], [ 8.682299096434967, 45.986887558725876 ], [ 8.682299208434747, 45.986887633365406 ], [ 8.682299321708769, 45.986887559666158 ], [ 8.682299316844935, 45.986887563166967 ], [ 8.682299218419537, 45.986887641221749 ], [ 8.682299317596421, 45.986887718813072 ], [ 8.690564191598886, 45.992755987582072 ], [ 8.700704157788415, 45.999938454164884 ], [ 8.700704265735324, 45.999938523609345 ], [ 8.700704358606052, 45.999938444280851 ], [ 8.700704359600643, 45.999938443342778 ], [ 8.700704276223552, 45.999938530533129 ], [ 8.700704380944316, 45.999938605714426 ], [ 8.701175381075302, 46.00024545937535 ], [ 8.703790852155503, 46.001926296484513 ], [ 8.703790936545388, 46.001926348841018 ], [ 8.705013416722442, 46.002658457561573 ], [ 8.705013605577738, 46.002658575224821 ], [ 8.705850000835648, 46.003200611810357 ], [ 8.705850247572679, 46.003200756385105 ], [ 8.706893298848875, 46.003752367378098 ], [ 8.706893366169968, 46.003752402030798 ], [ 8.70783241349414, 46.00422277116278 ], [ 8.707832482386054, 46.004222806153088 ], [ 8.708991632228274, 46.004819731267652 ], [ 8.708991793048474, 46.004819816829723 ], [ 8.709983572262843, 46.005364816859256 ], [ 8.709983592090282, 46.005364827798537 ], [ 8.710060633623707, 46.005407504692528 ], [ 8.711090434405108, 46.005977090474651 ], [ 8.71109058747348, 46.005977177832065 ], [ 8.71188879698572, 46.006447134312694 ], [ 8.711888919492736, 46.006447208295448 ], [ 8.712384886297235, 46.006754402921629 ], [ 8.712385002373939, 46.006754468109705 ], [ 8.712385109403186, 46.006754395793301 ], [ 8.712385113403499, 46.006754392816255 ], [ 8.712385013904248, 46.006754474724779 ], [ 8.712385124402307, 46.006754549474117 ], [ 8.714758455920288, 46.008206422315638 ], [ 8.714758580159623, 46.008206500322828 ], [ 8.716053110823337, 46.009040702105416 ], [ 8.716053230933051, 46.009040781517221 ], [ 8.717557937397187, 46.010061462837534 ], [ 8.717558053578797, 46.010061537865631 ], [ 8.719047001881563, 46.010976777335038 ], [ 8.719325892785127, 46.01114553487114 ], [ 8.719326460689064, 46.0111459238123 ], [ 8.720805807496916, 46.012292318445944 ], [ 8.720805944200267, 46.012292427876375 ], [ 8.721166056000442, 46.012590254936335 ], [ 8.721166074356251, 46.012590270185534 ], [ 8.722117801188826, 46.013384467881515 ], [ 8.722118125907382, 46.013384762799227 ], [ 8.723056286643493, 46.014313886328551 ], [ 8.723056325335707, 46.014313925077516 ], [ 8.72424993902259, 46.015522731597656 ], [ 8.72425011760912, 46.015522922641793 ], [ 8.724332958746771, 46.01561665154852 ], [ 8.724332997537047, 46.015616694350904 ], [ 8.725402361121763, 46.016767744178722 ], [ 8.725402485212022, 46.016767883226279 ], [ 8.726429625323693, 46.017966909250504 ], [ 8.7264299320437, 46.017967312430265 ], [ 8.726430178582143, 46.01796773517723 ], [ 8.727146358510266, 46.019400045126595 ], [ 8.728029220618211, 46.02112102098954 ], [ 8.728029396099666, 46.021121420736613 ], [ 8.728882178672968, 46.023444848388841 ], [ 8.728882309897545, 46.0234453018872 ], [ 8.728882373593628, 46.023445762374301 ], [ 8.729062429972927, 46.026253665472503 ], [ 8.729062435260929, 46.026253951127984 ], [ 8.729046609373217, 46.026838636939019 ], [ 8.729046613969066, 46.026838742784058 ], [ 8.729046763897507, 46.026838760288769 ], [ 8.729046612935436, 46.026838753157641 ], [ 8.729046588288311, 46.026838857346469 ], [ 8.728966673019421, 46.027324442486069 ], [ 8.728966654061907, 46.027324618454394 ], [ 8.728938085571176, 46.02788234764391 ], [ 8.728938063828622, 46.027882589351655 ], [ 8.728900414439837, 46.028174862075559 ], [ 8.728763532190708, 46.029231839614084 ], [ 8.72876342850585, 46.029232332879189 ], [ 8.728474460014873, 46.030221195235448 ], [ 8.728474288650807, 46.030221655629241 ], [ 8.728004548598946, 46.031255347430488 ], [ 8.727495598728082, 46.032378953932138 ], [ 8.727495380231582, 46.032379365263367 ], [ 8.726857263399333, 46.033421520533643 ], [ 8.726857090095317, 46.033421780321561 ], [ 8.726285364496716, 46.03421196344236 ], [ 8.726285092839449, 46.034212301791584 ], [ 8.726284780380572, 46.034212622601693 ], [ 8.72529860342514, 46.035136790331926 ], [ 8.725298201883044, 46.035137130496828 ], [ 8.724468325094984, 46.035773891335054 ], [ 8.724468096569735, 46.035774087837162 ], [ 8.723390514448537, 46.036815328019685 ], [ 8.723390345769527, 46.036815508662372 ], [ 8.722350870564652, 46.038054811702466 ], [ 8.722350722403144, 46.038055010447962 ], [ 8.721778211025638, 46.038926536840407 ], [ 8.721778189045541, 46.038926571050112 ], [ 8.721270170211206, 46.039735234987127 ], [ 8.721270064549495, 46.039735426531003 ], [ 8.72064319137912, 46.041047735742715 ], [ 8.720643114061668, 46.041047924816986 ], [ 8.720580506204348, 46.041231070489779 ], [ 8.72025377515029, 46.042198705406932 ], [ 8.720253746680658, 46.042198798519358 ], [ 8.719938163018666, 46.04334998587472 ], [ 8.719938149255322, 46.043350034617454 ], [ 8.719530437771107, 46.044752955140908 ], [ 8.719530380378488, 46.044753133839585 ], [ 8.719071453972377, 46.046056888497134 ], [ 8.719071413441325, 46.046057020699003 ], [ 8.718715948951388, 46.047415088500102 ], [ 8.718715941060617, 46.047415118085297 ], [ 8.717635825570211, 46.051390459278814 ], [ 8.717635788310533, 46.051390633507999 ], [ 8.717301767247216, 46.053522739637963 ], [ 8.717301760100277, 46.053522783279263 ], [ 8.716942044115514, 46.055627900615747 ], [ 8.716942037614732, 46.055627937368264 ], [ 8.716622859879296, 46.057373144723989 ], [ 8.716622850321338, 46.057373203045863 ], [ 8.716490738221145, 46.058284756900036 ], [ 8.716404014992452, 46.058902566154536 ], [ 8.716403922386343, 46.058903003056336 ], [ 8.716127554607782, 46.059874081742699 ], [ 8.71612752972865, 46.05987418070054 ], [ 8.715875991758168, 46.061025478607199 ], [ 8.715875965660937, 46.061025588831427 ], [ 8.715559363773476, 46.062266561458188 ], [ 8.715559226626127, 46.062266981252336 ], [ 8.715009260647328, 46.063642379029709 ], [ 8.715009216774096, 46.063642483812735 ], [ 8.71396257581544, 46.066033742553429 ], [ 8.713962539062733, 46.066033843970324 ], [ 8.713962679776186, 46.066033880659681 ], [ 8.713962678111228, 46.066033880288764 ], [ 8.713962535040494, 46.066033853620617 ], [ 8.713962492269905, 46.066033952325789 ], [ 8.713530027355089, 46.067238776787399 ], [ 8.713530012817122, 46.067238816518007 ], [ 8.711642224549669, 46.07230091155283 ], [ 8.711642021742851, 46.072301358268838 ], [ 8.710989651341013, 46.073514495822408 ], [ 8.710989632251101, 46.07351453227519 ], [ 8.710636933857181, 46.074206497623983 ], [ 8.710636773848835, 46.074206780776912 ], [ 8.710167413413963, 46.074961402633747 ], [ 8.710167321613381, 46.074961543531323 ], [ 8.709659147425123, 46.075707140617787 ], [ 8.709659078161282, 46.0757072391227 ], [ 8.709125088894805, 46.076443781112481 ], [ 8.709124993791052, 46.076443907282119 ], [ 8.708513160755663, 46.07722526074182 ], [ 8.708513088293783, 46.077225358938975 ], [ 8.707927096178121, 46.078069819636838 ], [ 8.706623473036327, 46.079947280882855 ], [ 8.706459157491896, 46.080189898649898 ], [ 8.706459060880089, 46.080190056679037 ], [ 8.706119676176268, 46.080809868589355 ], [ 8.70611935236091, 46.080810366695133 ], [ 8.705676803746641, 46.0813938698222 ], [ 8.705676724921346, 46.081393990575151 ], [ 8.70567666715953, 46.081394116965321 ], [ 8.705479879723434, 46.081933400915801 ], [ 8.705479851187279, 46.081933496297395 ], [ 8.705479834645445, 46.081933593041796 ], [ 8.705343811804452, 46.083193067134722 ], [ 8.705343807316558, 46.083193159158654 ], [ 8.705343824527288, 46.08319325045337 ], [ 8.705437903263135, 46.083571159440275 ], [ 8.705437987701584, 46.083571671651313 ], [ 8.705486665586722, 46.084166354050424 ], [ 8.705569134009446, 46.085128640836075 ], [ 8.705569185403901, 46.085128927871146 ], [ 8.70627965683085, 46.087722563056211 ], [ 8.706279687704852, 46.087722654687497 ], [ 8.706279729501796, 46.08772274419718 ], [ 8.70732990126338, 46.089687287790305 ], [ 8.707329992235767, 46.089687469799905 ], [ 8.707854319080162, 46.090813638248306 ], [ 8.707854370405169, 46.090813733492475 ], [ 8.707854445626605, 46.090813820713819 ], [ 8.709127926626527, 46.092148964533031 ], [ 8.709128015465035, 46.092149060280185 ], [ 8.71025932518072, 46.093402877938416 ], [ 8.710259371070732, 46.093402929566452 ], [ 8.711507058921249, 46.094827980752584 ], [ 8.711507242614481, 46.09482816850393 ], [ 8.712754744826539, 46.095974174602567 ], [ 8.712754883277034, 46.095974306704413 ], [ 8.713655722526727, 46.096867461698423 ], [ 8.713655842821405, 46.096867573423957 ], [ 8.714151163767641, 46.097299028126699 ], [ 8.714372633601009, 46.097490261240516 ], [ 8.714372964968806, 46.097490574113664 ], [ 8.714642725207819, 46.097769764847492 ], [ 8.714643024748458, 46.097770106794869 ], [ 8.714643279407435, 46.097770465913072 ], [ 8.714815177379716, 46.098042784543416 ], [ 8.714815185293965, 46.098042797133203 ], [ 8.715451351663596, 46.099058995698662 ], [ 8.715451440560178, 46.09905911697372 ], [ 8.715451549953587, 46.099059229848457 ], [ 8.716107703869159, 46.099654676608282 ], [ 8.716107921980711, 46.099654854549826 ], [ 8.71689412862189, 46.100232500662862 ], [ 8.716894701816509, 46.100232985475714 ], [ 8.717549616575138, 46.100873184901502 ], [ 8.717549948904564, 46.100873544825689 ], [ 8.717961214967032, 46.101369294894738 ], [ 8.717961341680933, 46.101369455067342 ], [ 8.718294184545172, 46.10181119419353 ], [ 8.718294199826987, 46.101811214228697 ], [ 8.718398542072691, 46.101946361748091 ], [ 8.718398621210412, 46.101946453099345 ], [ 8.718398764861307, 46.101946415814922 ], [ 8.718398762483119, 46.101946416527262 ], [ 8.718398627986902, 46.101946462333053 ], [ 8.718398692096338, 46.101946556474402 ], [ 8.719979197790241, 46.104002338051096 ], [ 8.719979245312638, 46.104002397671444 ], [ 8.722191118574505, 46.106680697980529 ], [ 8.722191292351294, 46.106680922937322 ], [ 8.723230843101003, 46.108123323512103 ], [ 8.723230880000965, 46.108123375544707 ], [ 8.72383464768955, 46.108988749992783 ], [ 8.723834742615798, 46.108988892311395 ], [ 8.724322548125292, 46.109754929084033 ], [ 8.72432265825125, 46.109755085388521 ], [ 8.724643957764675, 46.110169693292335 ], [ 8.724644038653395, 46.110169786507335 ], [ 8.724644143940116, 46.110169867078248 ], [ 8.730355937274499, 46.114134423996099 ], [ 8.730355995063467, 46.114134463115526 ], [ 8.735527335184802, 46.117548545273088 ], [ 8.73552743443123, 46.117548608118639 ], [ 8.740094344807977, 46.120321967505227 ], [ 8.740094690501746, 46.120322193474443 ], [ 8.742687377828583, 46.122145885709408 ], [ 8.742687487461211, 46.122145955626252 ], [ 8.742687565453153, 46.122145867541555 ], [ 8.745303024219965, 46.118839802931241 ], [ 8.745303062291315, 46.11883975334716 ], [ 8.749338442414032, 46.113421666144845 ], [ 8.74933846648557, 46.113421634136905 ], [ 8.752422411463922, 46.109360336523956 ], [ 8.752422427269902, 46.109360315837606 ], [ 8.754750448573931, 46.106332332675514 ], [ 8.754750494577385, 46.106332273891965 ], [ 8.755886308925843, 46.104906235775488 ], [ 8.756038577102885, 46.104715052243108 ], [ 8.756038607937921, 46.104715012595562 ], [ 8.756144323875796, 46.10457576794898 ], [ 8.756144332130557, 46.10457575711191 ], [ 8.756769137252599, 46.103758177136392 ], [ 8.756769461001324, 46.103757799292175 ], [ 8.756769836234884, 46.103757445239125 ], [ 8.756770259368173, 46.103757118359987 ], [ 8.756770726358434, 46.103756821777857 ], [ 8.756771232743887, 46.103756558326396 ], [ 8.75681225010098, 46.103737318886097 ], [ 8.756812360490482, 46.103737262204277 ], [ 8.75681245546116, 46.103737193320676 ], [ 8.756857150727775, 46.1037018800345 ], [ 8.757142742064739, 46.103476234496711 ], [ 8.757143196146389, 46.103475910185665 ], [ 8.757143694773797, 46.103475619251277 ], [ 8.757144232900625, 46.103475364637987 ], [ 8.757144805080774, 46.10347514892257 ], [ 8.757145405523513, 46.103474974288169 ], [ 8.757571125703087, 46.103368316105055 ], [ 8.757571272041972, 46.103368273678946 ], [ 8.757571411683298, 46.103368221461444 ], [ 8.758425409234151, 46.103010157695032 ], [ 8.758425568274067, 46.103010081614634 ], [ 8.758425713082485, 46.103009992842033 ], [ 8.759022441277533, 46.102597412407214 ], [ 8.7590225395777, 46.102597337983482 ], [ 8.759022593526872, 46.102597244141919 ], [ 8.75928283105006, 46.102077387122726 ], [ 8.75928306830443, 46.102076978727531 ], [ 8.759283361820023, 46.102076588424055 ], [ 8.75928370878461, 46.10207621995184 ], [ 8.759284105873874, 46.102075876841283 ], [ 8.759284549283237, 46.102075562379767 ], [ 8.759285034764327, 46.102075279580205 ], [ 8.759285557665674, 46.102075031152154 ], [ 8.760164574591101, 46.101699923480723 ], [ 8.760165028712903, 46.101699746766378 ], [ 8.760165501782719, 46.101699596012793 ], [ 8.761292004864366, 46.101378074575237 ], [ 8.761292018604905, 46.1013780706662 ], [ 8.762960948839192, 46.100904814600845 ], [ 8.762961557845498, 46.100904666081441 ], [ 8.762962185093718, 46.100904560511474 ], [ 8.762962824341461, 46.100904498941553 ], [ 8.764385199742271, 46.100817509202372 ], [ 8.764385595372856, 46.100817467706534 ], [ 8.765989399551039, 46.100577796229913 ], [ 8.765989603610807, 46.100577760868298 ], [ 8.767296967304262, 46.100319517126529 ], [ 8.767297648162819, 46.100319409871261 ], [ 8.768267947120567, 46.100204435416295 ], [ 8.768268115402384, 46.100204408938161 ], [ 8.768268271698478, 46.100204358108236 ], [ 8.768773357216075, 46.100016479482989 ], [ 8.768773477116229, 46.100016430138425 ], [ 8.768773590450424, 46.100016373782815 ], [ 8.769563738243971, 46.099586433379862 ], [ 8.769564240926256, 46.09958618575272 ], [ 8.769564775185589, 46.099585972507647 ], [ 8.769565336178076, 46.099585795578037 ], [ 8.77053425788805, 46.099318115954489 ], [ 8.770534717174201, 46.099318002801866 ], [ 8.770535187400231, 46.099317914018663 ], [ 8.77136311125766, 46.099184659718873 ], [ 8.771363265138895, 46.099184629283499 ], [ 8.771363413926517, 46.09918458838861 ], [ 8.77226993100259, 46.098898480940946 ], [ 8.772270053608153, 46.098898437774622 ], [ 8.77227017048928, 46.09889838750771 ], [ 8.773332861954373, 46.098396618720805 ], [ 8.773333100447145, 46.098396494571517 ], [ 8.774461109969273, 46.097750811576006 ], [ 8.77446125941745, 46.097750728575321 ], [ 8.775509765709014, 46.097185847038489 ], [ 8.77550979405336, 46.097185831591361 ], [ 8.777233683226221, 46.096235496291193 ], [ 8.777234249253414, 46.09623521726548 ], [ 8.77723485497736, 46.096234982015581 ], [ 8.77820571338833, 46.095904105444205 ], [ 8.778205921316529, 46.095904027911551 ], [ 8.779616885956175, 46.095330838275608 ], [ 8.779617122354969, 46.095330746795568 ], [ 8.781003167678408, 46.094820474723178 ], [ 8.78100331640562, 46.094820421667627 ], [ 8.782454048257408, 46.094319248734067 ], [ 8.782454183863575, 46.094319199065175 ], [ 8.783422974661612, 46.093943688633999 ], [ 8.783423515064618, 46.093943501594566 ], [ 8.783424078174443, 46.093943350415294 ], [ 8.783424659087657, 46.093943236412606 ], [ 8.783425252745804, 46.093943160579201 ], [ 8.783425853979439, 46.093943123575457 ], [ 8.783426457553166, 46.09394312572357 ], [ 8.786321706936212, 46.094047502980914 ], [ 8.786322158691505, 46.094047530335111 ], [ 8.787833597610391, 46.0941763149537 ], [ 8.787833952330628, 46.094176352148196 ], [ 8.788493074919945, 46.094258527445106 ], [ 8.78849334387054, 46.09425855292109 ], [ 8.790769428139026, 46.094406742134851 ], [ 8.790769505784009, 46.094406747518178 ], [ 8.792902011947231, 46.094563622647534 ], [ 8.792902365175818, 46.094563635089315 ], [ 8.794816674315218, 46.094558075100224 ], [ 8.794816903541395, 46.094558068770169 ], [ 8.796975683863659, 46.09444495671854 ], [ 8.7969762772656, 46.094444944627952 ], [ 8.798812397120903, 46.094466173100933 ], [ 8.798812877764496, 46.094466191115906 ], [ 8.79881335515166, 46.094466233947912 ], [ 8.799753865809258, 46.094575502000531 ], [ 8.799754481235837, 46.094575595125676 ], [ 8.799755080727021, 46.094575729450163 ], [ 8.799755658599079, 46.094575903700502 ], [ 8.799756209373248, 46.094576116224637 ], [ 8.799756727827683, 46.094576365007626 ], [ 8.799757209046955, 46.094576647690793 ], [ 8.799757648468661, 46.094576961594043 ], [ 8.799758041926673, 46.094577303741261 ], [ 8.79975838569065, 46.094577670888597 ], [ 8.800362212310457, 46.095296851115961 ], [ 8.80036230814647, 46.095296969315449 ], [ 8.801532850701443, 46.096792886523723 ], [ 8.801532925533909, 46.096792972707107 ], [ 8.801533011169067, 46.096793053877192 ], [ 8.802409845186666, 46.09755042173655 ], [ 8.802409932458524, 46.097550491084682 ], [ 8.802410027613341, 46.097550555218632 ], [ 8.8036747105327, 46.098335535024702 ], [ 8.803675199024868, 46.098335872362078 ], [ 8.804848581127695, 46.099237318958863 ], [ 8.804849059900855, 46.099237733585987 ], [ 8.804849465013994, 46.099238184611053 ], [ 8.805647616765807, 46.100256069567905 ], [ 8.80564765390381, 46.100256117619672 ], [ 8.806148637924151, 46.1009138457269 ], [ 8.806148715961843, 46.100913937011356 ], [ 8.806148859653543, 46.100913901117593 ], [ 8.807819181518475, 46.100430819293138 ], [ 8.807819566044524, 46.100430686597619 ], [ 8.809037195462395, 46.099937818029716 ], [ 8.809037259136092, 46.099937792590879 ], [ 8.811082792936608, 46.099131238759867 ], [ 8.81108307541578, 46.099131113492838 ], [ 8.81272854589387, 46.098315003361243 ], [ 8.81272902297443, 46.098314788089475 ], [ 8.814087810659727, 46.097759098129941 ], [ 8.815292546416799, 46.09725711023777 ], [ 8.815292686754775, 46.097257044541408 ], [ 8.815292804249278, 46.097256959885861 ], [ 8.816369220194945, 46.096394855698939 ], [ 8.816369317525664, 46.096394769493202 ], [ 8.816369344491747, 46.096394661491054 ], [ 8.816514287426662, 46.095576308750985 ], [ 8.816514469162192, 46.095575669011367 ], [ 8.816840100142045, 46.094749513016296 ], [ 8.816840284264291, 46.09474911824563 ], [ 8.81684051988076, 46.094748736955438 ], [ 8.816840804987301, 46.094748372388963 ], [ 8.816841137158804, 46.094748027647206 ], [ 8.816841513569827, 46.094747705662506 ], [ 8.817462267192282, 46.094264088288824 ], [ 8.817462668553651, 46.094263802247269 ], [ 8.817463104817154, 46.094263542114163 ], [ 8.817463572540378, 46.094263309942086 ], [ 8.817464068032667, 46.094263107563052 ], [ 8.818180166756134, 46.093999646356835 ], [ 8.819118979850368, 46.093654220916271 ], [ 8.819119585992254, 46.093654025063515 ], [ 8.82049162519691, 46.093269313307211 ], [ 8.820491769828761, 46.093269266847955 ], [ 8.820491907163497, 46.093269210684149 ], [ 8.821100544406493, 46.092991272302392 ], [ 8.821100661363548, 46.09299121347378 ], [ 8.821100729731347, 46.092991125045181 ], [ 8.821529541320386, 46.092370938018831 ], [ 8.821529609500116, 46.092370832553364 ], [ 8.822217600871211, 46.091228994597031 ], [ 8.822217673559221, 46.091228878560877 ], [ 8.822685084507979, 46.090510470653172 ], [ 8.822685378805653, 46.09051007235216 ], [ 8.822685728547112, 46.090509696376543 ], [ 8.82268613026838, 46.090509346450148 ], [ 8.822686579990661, 46.090509026038752 ], [ 8.823437319345667, 46.0900248681668 ], [ 8.823437416655203, 46.090024799774326 ], [ 8.823437495721754, 46.090024720811137 ], [ 8.823904103335755, 46.089513197068477 ], [ 8.8239044316635, 46.08951287011697 ], [ 8.823904800309498, 46.089512564677342 ], [ 8.823905206377777, 46.089512283149055 ], [ 8.823905646678393, 46.08951202774368 ], [ 8.824563698381892, 46.089163506905848 ], [ 8.82456422448255, 46.089163255782779 ], [ 8.824564783583153, 46.089163041946996 ], [ 8.824565370243175, 46.08916286747931 ], [ 8.824565978753899, 46.089162734077433 ], [ 8.824566603193995, 46.089162643039501 ], [ 8.824567237487118, 46.089162595251359 ], [ 8.824567875461051, 46.089162591178059 ], [ 8.825585684292063, 46.089191046986045 ], [ 8.825586328704823, 46.08919108753765 ], [ 8.825586964069348, 46.089191172686867 ], [ 8.825587584026511, 46.08919130158143 ], [ 8.825588182371391, 46.089191472931304 ], [ 8.825588753115371, 46.089191685021518 ], [ 8.826257741827982, 46.0894710659948 ], [ 8.826257877764684, 46.089471116566308 ], [ 8.826257985421961, 46.08947103980433 ], [ 8.828048409680379, 46.088060906406923 ], [ 8.828048630660604, 46.08806071167934 ], [ 8.832709571048611, 46.08345122982255 ], [ 8.832709992013434, 46.083450856886891 ], [ 8.832710467039941, 46.083450516848657 ], [ 8.83271099085286, 46.083450213484049 ], [ 8.83571500382731, 46.081889207694871 ], [ 8.835715463931654, 46.081888989416079 ], [ 8.835715949315549, 46.081888799491402 ], [ 8.83713775851594, 46.081387241628455 ], [ 8.837138410653219, 46.081387042183927 ], [ 8.837139090356914, 46.081386893862998 ], [ 8.838704027720858, 46.08111024650276 ], [ 8.838704256915634, 46.08111020906118 ], [ 8.840308404882471, 46.080869493011363 ], [ 8.840308569169711, 46.080869461935087 ], [ 8.840308720377509, 46.080869407492166 ], [ 8.841758678807818, 46.08027753584178 ], [ 8.841758799895361, 46.080277481191487 ], [ 8.841758905024284, 46.080277412380539 ], [ 8.842938050283703, 46.079433122590579 ], [ 8.842938147152838, 46.079433050104349 ], [ 8.843960339850236, 46.078633567468536 ], [ 8.843960452178957, 46.078633469001623 ], [ 8.843960547951056, 46.078633362397852 ], [ 8.84471317888053, 46.077680536671991 ], [ 8.844713264763511, 46.077680420015199 ], [ 8.845296913309779, 46.076827250129263 ], [ 8.845297202455617, 46.076826874407701 ], [ 8.845297541379981, 46.07682651940884 ], [ 8.845297927042568, 46.076826188317156 ], [ 8.845298355983815, 46.076825884102718 ], [ 8.845298824355927, 46.076825609494442 ], [ 8.847136560063722, 46.075847794005298 ], [ 8.847136672724611, 46.075847727747941 ], [ 8.847136549612042, 46.075847671210738 ], [ 8.847136539578994, 46.075847667078044 ], [ 8.847136687588835, 46.07584772096066 ], [ 8.84713685447303, 46.07584771599879 ], [ 8.852050389767969, 46.075521212435333 ], [ 8.85205054078039, 46.075521197190199 ], [ 8.852050579249632, 46.075521094422015 ], [ 8.853980594407696, 46.069093175485918 ], [ 8.85398061953372, 46.069093064069143 ], [ 8.853980628455284, 46.069092951459204 ], [ 8.854000947222694, 46.066136689489007 ], [ 8.854000967579831, 46.066136353531483 ], [ 8.854517044543599, 46.061628196242381 ], [ 8.854517049364652, 46.061628089443168 ], [ 8.854516982654589, 46.061627993210422 ], [ 8.844302601056658, 46.04853745984343 ], [ 8.844302521383879, 46.048537368759931 ], [ 8.844302378130465, 46.048537406498767 ], [ 8.843358152068687, 46.048824077985586 ], [ 8.839965435261139, 46.049852609173968 ], [ 8.838068261997844, 46.050427720580728 ], [ 8.838067894964336, 46.050427822662442 ], [ 8.834439781528831, 46.051348299061502 ], [ 8.834439166393015, 46.051348431351322 ], [ 8.834438535406457, 46.051348520374397 ], [ 8.834437894830071, 46.051348565247395 ], [ 8.83443725101993, 46.051348565525053 ], [ 8.834436610364193, 46.051348521204631 ], [ 8.834435979219721, 46.051348432725909 ], [ 8.834435363848998, 46.051348300966787 ], [ 8.834434770357996, 46.051348127234625 ], [ 8.834434204635583, 46.051347913253302 ], [ 8.834433672295102, 46.051347661146011 ], [ 8.834433178618658, 46.051347373414259 ], [ 8.834432728504723, 46.051347052913066 ], [ 8.834432326419513, 46.05134670282257 ], [ 8.834431976352693, 46.051346326616518 ], [ 8.833932617687271, 46.050746139930553 ], [ 8.833932389387442, 46.050745839987776 ], [ 8.833932194209563, 46.050745528916039 ], [ 8.833521005348137, 46.050016369885626 ], [ 8.83352081743107, 46.05001609355169 ], [ 8.833057437964728, 46.049439676420626 ], [ 8.833057189519048, 46.049439412681977 ], [ 8.832051979436145, 46.048520139638846 ], [ 8.832051804330632, 46.048519971593883 ], [ 8.830853555166984, 46.047312349727399 ], [ 8.830853456945398, 46.047312260698625 ], [ 8.830853316389998, 46.047312205698674 ], [ 8.828431454023887, 46.046473472922273 ], [ 8.828430893683983, 46.04647325401983 ], [ 8.828430367328171, 46.046472997456362 ], [ 8.828429880158872, 46.046472705767712 ], [ 8.828429436991195, 46.046472381836885 ], [ 8.828429042205336, 46.046472028865551 ], [ 8.8284286997033, 46.046471650342447 ], [ 8.828428412870322, 46.0464712500088 ], [ 8.828428184541416, 46.04647083182148 ], [ 8.828428016973344, 46.046470399913751 ], [ 8.828427911822322, 46.046469958554567 ], [ 8.828427870127651, 46.046469512106221 ], [ 8.828427892301427, 46.046469064981373 ], [ 8.828427978124488, 46.046468621599274 ], [ 8.828428126748573, 46.04646818634231 ], [ 8.828428336704699, 46.04646776351246 ], [ 8.828529005655614, 46.046293586551158 ], [ 8.828529284755017, 46.046293167221364 ], [ 8.828529624148631, 46.046292770036622 ], [ 8.828530020256549, 46.046292399186449 ], [ 8.828530468900659, 46.046292058582544 ], [ 8.828530965348687, 46.046291751817549 ], [ 8.828531504364133, 46.046291482127224 ], [ 8.828532080261494, 46.046291252356234 ], [ 8.82853268696625, 46.046291064928198 ], [ 8.829267288680304, 46.046094900120316 ], [ 8.829267513133802, 46.046094843471067 ], [ 8.830470302718746, 46.045808655793223 ], [ 8.83173773298069, 46.045504570448038 ], [ 8.831737899446962, 46.045504523109209 ], [ 8.83173805729033, 46.045504463134343 ], [ 8.833211532831697, 46.044867727469224 ], [ 8.83321165089348, 46.044867671225845 ], [ 8.833211743413546, 46.044867595255951 ], [ 8.834169587914609, 46.044006009444125 ], [ 8.834170032287121, 46.044005650487634 ], [ 8.834170528406691, 46.044005326065083 ], [ 8.834171070770873, 46.044005039774603 ], [ 8.834171653364331, 46.044004794791462 ], [ 8.834172269725544, 46.044004593832732 ], [ 8.835153626238275, 46.043727501556234 ], [ 8.835153760381793, 46.043727458316383 ], [ 8.83515368887759, 46.043727368226108 ], [ 8.832332980268173, 46.04054638078432 ], [ 8.832332894493881, 46.040546293896512 ], [ 8.832332761936954, 46.040546344846348 ], [ 8.829914697681636, 46.041586664221903 ], [ 8.829914570837413, 46.04158672483225 ], [ 8.829914473931858, 46.041586808032264 ], [ 8.829914470637679, 46.041586811155668 ], [ 8.829914557481386, 46.041586719603494 ], [ 8.829914539840674, 46.041586610569631 ], [ 8.828052275122587, 46.033645734706383 ], [ 8.827975380973029, 46.033317226851622 ], [ 8.827975346903486, 46.03331711661918 ], [ 8.827975281818947, 46.033317013375012 ], [ 8.827551178774346, 46.032726973448035 ], [ 8.827551145751437, 46.032726928757924 ], [ 8.82701075510826, 46.032015253667687 ], [ 8.827010525416311, 46.032014995149183 ], [ 8.826315022245915, 46.031339075476609 ], [ 8.826314966613781, 46.031339023032139 ], [ 8.819682547810896, 46.025271715194087 ], [ 8.819682443438941, 46.025271629142878 ], [ 8.819682292163275, 46.025271589314571 ], [ 8.81189920598162, 46.023531156568296 ], [ 8.811898657324299, 46.023531014452949 ], [ 8.811898129386149, 46.023530838323808 ], [ 8.810518466346995, 46.023015770353645 ], [ 8.810518287815087, 46.023015708564238 ], [ 8.807886526916741, 46.022174345661334 ], [ 8.807886395834675, 46.022174306173163 ], [ 8.806415598215137, 46.021757862120246 ], [ 8.806415369390765, 46.021757793719786 ], [ 8.805943791372398, 46.021609266328113 ], [ 8.805943238524238, 46.021609069386152 ], [ 8.805942715373089, 46.02160883637589 ], [ 8.805942226752755, 46.021608569450287 ], [ 8.805941777177987, 46.021608271075685 ], [ 8.805941370802749, 46.021607944008998 ], [ 8.80594101138187, 46.02160759127225 ], [ 8.805940702236311, 46.02160721612465 ], [ 8.80594044622252, 46.021606822032489 ], [ 8.804321457002029, 46.018757263505478 ], [ 8.804321401613441, 46.018757176909453 ], [ 8.804321326076858, 46.018757098051715 ], [ 8.797228727930699, 46.011990135141893 ], [ 8.79722869677491, 46.0119901051537 ], [ 8.79307388873916, 46.0079558041718 ], [ 8.793073533961413, 46.007955419857367 ], [ 8.793073236944585, 46.0079550124536 ], [ 8.793073000751233, 46.007954586161276 ], [ 8.793072827816754, 46.007954145375912 ], [ 8.792383848001707, 46.005766808129103 ], [ 8.792383799798101, 46.005766674712831 ], [ 8.792258154225495, 46.005458982708639 ], [ 8.792121848902816, 46.00512517963773 ], [ 8.792063858794751, 46.004983164140093 ], [ 8.792063828751605, 46.004983088036184 ], [ 8.791181402309219, 46.002668485916281 ], [ 8.79118137675132, 46.002668416662438 ], [ 8.790320000145769, 46.000254922730242 ], [ 8.79031995053038, 46.000254809626817 ], [ 8.790319867923122, 46.00025470631325 ], [ 8.790195020954867, 46.000116328145445 ], [ 8.790194933556478, 46.000116241103157 ], [ 8.790194794318657, 46.000116284347754 ], [ 8.790194797552589, 46.000116283207163 ], [ 8.790194926843705, 46.000116232017518 ], [ 8.790194870285983, 46.000116136175599 ], [ 8.789991278159285, 45.999813429984947 ], [ 8.789991027133599, 45.999813000435616 ], [ 8.789248320707582, 45.998327090392166 ], [ 8.789248106875331, 45.998326560085047 ], [ 8.788801702663553, 45.996886048139466 ], [ 8.788801653274858, 45.996885871766111 ], [ 8.788368815534728, 45.995157194074523 ], [ 8.788368787962026, 45.995157105315769 ], [ 8.788368750187123, 45.995157018400597 ], [ 8.788022922324153, 45.99446370165078 ], [ 8.788022716689341, 45.99446319588813 ], [ 8.787308284617163, 45.992212069080537 ], [ 8.786682995934187, 45.990284915100844 ], [ 8.786682956762478, 45.990284815795732 ], [ 8.786682904693096, 45.990284719412337 ], [ 8.786080705020597, 45.989308390219726 ], [ 8.786080636571686, 45.989308292742237 ], [ 8.786080495243022, 45.989308247840633 ], [ 8.786080629385689, 45.98930827980157 ], [ 8.786080580080007, 45.989308187155018 ], [ 8.785905367634598, 45.989022711293842 ], [ 8.785905149478596, 45.989022301993558 ], [ 8.785904989254881, 45.989021879882678 ], [ 8.785904888471821, 45.989021448935077 ], [ 8.785904848078207, 45.989021013207704 ], [ 8.785904868454306, 45.989020576802631 ], [ 8.785904949408296, 45.98902014382822 ], [ 8.78590509017806, 45.989019718360595 ], [ 8.785905289438366, 45.98901930440514 ], [ 8.785905545313339, 45.989018905858963 ], [ 8.785905855394125, 45.989018526474005 ], [ 8.785906216761569, 45.989018169821875 ], [ 8.785906626013697, 45.989017839260164 ], [ 8.785907079297731, 45.989017537900821 ], [ 8.785907572346378, 45.989017268580916 ], [ 8.785908100517993, 45.989017033835871 ], [ 8.78590865884027, 45.98901683587561 ], [ 8.78590924205707, 45.989016676563772 ], [ 8.785909844677885, 45.989016557400141 ], [ 8.786804500330273, 45.988871924843494 ], [ 8.786804545918951, 45.988871917229709 ], [ 8.787579281385749, 45.988738371220734 ], [ 8.787579367169531, 45.988738355558638 ], [ 8.788457543103879, 45.988568998752321 ], [ 8.788457601987204, 45.988568986975956 ], [ 8.789184116652557, 45.98841846970506 ], [ 8.789747380381367, 45.988301768251247 ], [ 8.789748028164089, 45.988301659052446 ], [ 8.789748688645442, 45.988301596987725 ], [ 8.789749354786709, 45.988301582718464 ], [ 8.789750019488856, 45.988301616396768 ], [ 8.789750675668193, 45.988301697663736 ], [ 8.789751316331845, 45.988301825653267 ], [ 8.789835037563346, 45.988321864281964 ], [ 8.790269663595206, 45.988425893281395 ], [ 8.790417334337835, 45.988461238599974 ], [ 8.790961393356129, 45.988591456337446 ], [ 8.790961945102131, 45.988591608489486 ], [ 8.790962474477517, 45.988591795309709 ], [ 8.792107890358258, 45.989043255833131 ], [ 8.792108427662308, 45.989043492668323 ], [ 8.792108928945451, 45.989043765190587 ], [ 8.792109389347093, 45.989044070757458 ], [ 8.792109804403047, 45.989044406406066 ], [ 8.792480570433687, 45.989375935764727 ], [ 8.792480933280663, 45.98937629510629 ], [ 8.792481244119251, 45.989376677402454 ], [ 8.792481499985625, 45.989377079008023 ], [ 8.792481698440115, 45.989377496093731 ], [ 8.792481837590474, 45.989377924682699 ], [ 8.792481916109907, 45.98937836068837 ], [ 8.792481933249737, 45.98937879995345 ], [ 8.792481888846538, 45.989379238289565 ], [ 8.792428455789167, 45.989689858445701 ], [ 8.792350660709371, 45.99014209391251 ], [ 8.792350650350311, 45.990142186158181 ], [ 8.792350650924405, 45.99014227868517 ], [ 8.792399495459305, 45.990889274244402 ], [ 8.79239949837295, 45.990889311872628 ], [ 8.792415086604548, 45.991063507166103 ], [ 8.792448327941463, 45.991434966975255 ], [ 8.792461564814854, 45.991582427568595 ], [ 8.79246158220829, 45.991582535717079 ], [ 8.792461682958528, 45.991582618852391 ], [ 8.792847783357404, 45.991871172013212 ], [ 8.792847889432304, 45.991871244244926 ], [ 8.792848030710012, 45.991871275661161 ], [ 8.793673090225129, 45.992025694956723 ], [ 8.793673495968918, 45.99202575173053 ], [ 8.794357209171352, 45.992089948244512 ], [ 8.794357631334259, 45.992089968355572 ], [ 8.794654314868332, 45.992090501803361 ], [ 8.794654528119063, 45.99209049727105 ], [ 8.795239607702413, 45.992064547396005 ], [ 8.795239614225581, 45.992064547108995 ], [ 8.795635392503215, 45.99204727193996 ], [ 8.795635664282242, 45.992047251994599 ], [ 8.796148969287131, 45.991994178915924 ], [ 8.79761139898584, 45.991834785204645 ], [ 8.79761152807386, 45.991834767334367 ], [ 8.797611651256631, 45.991834735035631 ], [ 8.798490023365774, 45.991575346598502 ], [ 8.798490221510269, 45.991575290762135 ], [ 8.799355123279801, 45.99134309420748 ], [ 8.799355763488258, 45.991342948565233 ], [ 8.799356421979345, 45.991342850199146 ], [ 8.799357091588421, 45.991342800179488 ], [ 8.80071163473688, 45.991291205754052 ], [ 8.800711720281782, 45.991291202891681 ], [ 8.802183312363635, 45.991248770169172 ], [ 8.802183571360226, 45.991248755399752 ], [ 8.803629566140845, 45.991125263011661 ], [ 8.803629743115362, 45.991125244411535 ], [ 8.804908464625189, 45.99096545169516 ], [ 8.804908620996642, 45.990965429358518 ], [ 8.806070614125485, 45.990778457824 ], [ 8.806071192802793, 45.99077838388385 ], [ 8.806535459644437, 45.990734190815914 ], [ 8.806535532450622, 45.990734184179161 ], [ 8.807143319408947, 45.990681227295596 ], [ 8.807143369138119, 45.990681222688686 ], [ 8.807413743234362, 45.990654683120198 ], [ 8.807413859234861, 45.990654670229063 ], [ 8.808343331359035, 45.990539248414088 ], [ 8.808343476421289, 45.990539225524124 ], [ 8.808343612952001, 45.990539184400362 ], [ 8.809080104513097, 45.990288532051885 ], [ 8.80908057543069, 45.990288387680245 ], [ 8.809699849929121, 45.990118718839391 ], [ 8.809700414458268, 45.990118584798076 ], [ 8.809700994323604, 45.990118487639613 ], [ 8.809701584577029, 45.990118428193092 ], [ 8.810087348158691, 45.990092184066476 ], [ 8.810087886456907, 45.990092163209638 ], [ 8.810088425374735, 45.990092173731526 ], [ 8.810088961154065, 45.990092215558725 ], [ 8.811105485204251, 45.990201692000895 ], [ 8.811106041177466, 45.990201769433469 ], [ 8.811106585260751, 45.990201880567383 ], [ 8.811107113258119, 45.990202024545603 ], [ 8.811107621097637, 45.99020220025772 ], [ 8.8120218261378, 45.990554195796562 ], [ 8.812022520578349, 45.990554505051811 ], [ 8.812640895726739, 45.990870352395774 ], [ 8.813272409819584, 45.991186346895262 ], [ 8.813272538642666, 45.991186404861509 ], [ 8.81327265488401, 45.991186335160087 ], [ 8.813841871153127, 45.990809386438762 ], [ 8.813842050585718, 45.99080925773719 ], [ 8.814489111252994, 45.990306469170918 ], [ 8.814489413224212, 45.990306249897849 ], [ 8.815084174531256, 45.989902583697692 ], [ 8.815084577900587, 45.989902332009805 ], [ 8.815085010103292, 45.989902104763281 ], [ 8.815718156690435, 45.989597367423528 ], [ 8.81571833009737, 45.989597277846855 ], [ 8.816544806201527, 45.989139717646424 ], [ 8.816545069934039, 45.989139579151335 ], [ 8.817734623450946, 45.988547512667303 ], [ 8.817734798022636, 45.988547419354767 ], [ 8.818329539744662, 45.988206456578261 ], [ 8.818329855908248, 45.988206248908426 ], [ 8.81894927333097, 45.987740604313892 ], [ 8.818949699320937, 45.987740312406586 ], [ 8.818950162193511, 45.987740049195637 ], [ 8.818950657985727, 45.987739816934635 ], [ 8.818951182452786, 45.987739617612057 ], [ 8.818951731104374, 45.987739452934427 ], [ 8.818952299243126, 45.987739324311704 ], [ 8.818952882004831, 45.987739232845108 ], [ 8.818953474400077, 45.987739179317721 ], [ 8.819557791883637, 45.987704292492936 ], [ 8.819558063578443, 45.987704268679472 ], [ 8.81978389254464, 45.98767764660969 ], [ 8.819784047853128, 45.987677629653952 ], [ 8.821106455246905, 45.987544726012665 ], [ 8.821106605198588, 45.987544705568361 ], [ 8.821106571733988, 45.987544601646078 ], [ 8.821106572358461, 45.987544603214303 ], [ 8.821106620642945, 45.987544704783886 ], [ 8.821106773774373, 45.98754471219457 ], [ 8.822551754925396, 45.987564936308402 ], [ 8.822552345994103, 45.987564963524918 ], [ 8.822552930995933, 45.987565028392268 ], [ 8.822553505005667, 45.98756513036431 ], [ 8.823236487660559, 45.987710019775285 ], [ 8.82323651330146, 45.987710025255303 ], [ 8.824036345015852, 45.987882231004406 ], [ 8.824036577677257, 45.987882274535707 ], [ 8.824720261424012, 45.987991295581097 ], [ 8.82472043343831, 45.987991316215712 ], [ 8.824720607784693, 45.98799131044629 ], [ 8.825585568941248, 45.987929653206486 ], [ 8.825585707668189, 45.987929639039542 ], [ 8.825585844101193, 45.987929616513568 ], [ 8.826308939214581, 45.987786785080218 ], [ 8.826309491070591, 45.987786694115961 ], [ 8.826978965822443, 45.987697780425655 ], [ 8.826979561271999, 45.987697721224251 ], [ 8.827508308895927, 45.987662572494749 ], [ 8.827509204930445, 45.987662556499458 ], [ 8.827818516816558, 45.987672021768198 ], [ 8.827818651385199, 45.987672023927502 ], [ 8.828060199584982, 45.987672387579877 ], [ 8.828060833879636, 45.987672410312641 ], [ 8.828061461900136, 45.987672476382166 ], [ 8.828062077567907, 45.987672585148964 ], [ 8.828062674923938, 45.987672735560302 ], [ 8.828899891664273, 45.987916619965461 ], [ 8.828900066579644, 45.987916666808388 ], [ 8.829454612539543, 45.988052432671005 ], [ 8.82945495974892, 45.988052502711476 ], [ 8.830022431242735, 45.988143299519322 ], [ 8.830022608217146, 45.988143320663909 ], [ 8.830022787470044, 45.988143327920028 ], [ 8.830603458987181, 45.988144190063842 ], [ 8.830603636677457, 45.988144183441399 ], [ 8.830603807906945, 45.988144149689496 ], [ 8.831275375709938, 45.98798321350327 ], [ 8.831275514021053, 45.987983175254023 ], [ 8.831275622888953, 45.987983104548412 ], [ 8.83175427782812, 45.987641882249122 ], [ 8.832336509344229, 45.987219759583724 ], [ 8.832336632576437, 45.987219665003245 ], [ 8.832723450903945, 45.98690528650404 ], [ 8.833176563051099, 45.986537014802202 ], [ 8.833176764279136, 45.986536833274975 ], [ 8.833635131262627, 45.986076595387679 ], [ 8.833785184883434, 45.985925936428131 ], [ 8.833785480039253, 45.985925662903433 ], [ 8.834612589534563, 45.985216954060569 ], [ 8.834612987701178, 45.98521664343663 ], [ 8.834613425364806, 45.985216359809236 ], [ 8.834613898775252, 45.9852161056087 ], [ 8.834614403876024, 45.985215883013204 ], [ 8.834614936339083, 45.985215693930087 ], [ 8.83461549160193, 45.985215539979514 ], [ 8.835840509440541, 45.984920883683401 ], [ 8.835841181346956, 45.98492074995189 ], [ 8.835841870051683, 45.984920667629261 ], [ 8.837041977606367, 45.984823457059044 ], [ 8.837042357754356, 45.984823410044861 ], [ 8.838269156665307, 45.984618211509307 ], [ 8.838269305754823, 45.984618181172081 ], [ 8.838269436085064, 45.984618122285603 ], [ 8.838920157993925, 45.984291815821713 ], [ 8.839289395326354, 45.984106672253958 ], [ 8.839289516094247, 45.98410660528161 ], [ 8.839289578233856, 45.984106506809844 ], [ 8.839704785632438, 45.983351269409596 ], [ 8.839704837267915, 45.983351158495587 ], [ 8.839704854823523, 45.983351042530643 ], [ 8.839771931617561, 45.982469216317568 ], [ 8.839825559931004, 45.981759420193185 ], [ 8.839825626230757, 45.981758971828746 ], [ 8.83982575653444, 45.98175853033699 ], [ 8.839825949534818, 45.981758100147104 ], [ 8.839826203295685, 45.981757685574763 ], [ 8.839826515271271, 45.981757290779044 ], [ 8.840134720265747, 45.981409677657801 ], [ 8.84013506960094, 45.981409322796608 ], [ 8.840135465964497, 45.981408992823674 ], [ 8.840135905730946, 45.981408690757192 ], [ 8.840136384877809, 45.981408419360122 ], [ 8.84013689902241, 45.98140818111488 ], [ 8.840137443461945, 45.981407978200671 ], [ 8.840138013216515, 45.981407812473535 ], [ 8.840138603074667, 45.981407685449319 ], [ 8.840139207641059, 45.981407598289884 ], [ 8.840139821385819, 45.9814075517925 ], [ 8.840960952612573, 45.981372925802241 ], [ 8.840961561316082, 45.981372920180156 ], [ 8.840962168072432, 45.981372954558559 ], [ 8.840962767485285, 45.981373028631644 ], [ 8.840963354223609, 45.98137314174069 ], [ 8.840963923069095, 45.981373292879674 ], [ 8.840964468962573, 45.981373480704434 ], [ 8.841594585351682, 45.981616684219105 ], [ 8.841594731298258, 45.981616733941621 ], [ 8.84159489348437, 45.98161672759192 ], [ 8.842135516222909, 45.981576180941452 ], [ 8.842390716667984, 45.981557031146444 ], [ 8.842537218158997, 45.981546038449061 ], [ 8.842537377839246, 45.981546020632152 ], [ 8.842537453283352, 45.981545920914776 ], [ 8.842848060062796, 45.981078557620883 ], [ 8.842848123311414, 45.981078447530628 ], [ 8.842848169525205, 45.981078333398486 ], [ 8.843043444229831, 45.980475805617097 ], [ 8.84304347193147, 45.980475694212146 ], [ 8.843043466969043, 45.98047558119854 ], [ 8.842993073244887, 45.980043678175335 ], [ 8.84299305904652, 45.980043523614512 ], [ 8.842955922736239, 45.979490091696789 ], [ 8.842943557829518, 45.979306119787751 ], [ 8.842943556774179, 45.979305714848849 ], [ 8.842943607934473, 45.979305311483188 ], [ 8.842943710896151, 45.979304912956799 ], [ 8.843020806627234, 45.97906812865741 ], [ 8.843151456978617, 45.978666791691914 ], [ 8.84337286803876, 45.977956265413553 ], [ 8.84337302766602, 45.97795584996107 ], [ 8.843723279104942, 45.977192304839988 ], [ 8.843723485963885, 45.977191916480912 ], [ 8.843723743169813, 45.977191543030145 ], [ 8.843724048543026, 45.977191187652515 ], [ 8.843724399495626, 45.977190853359673 ], [ 8.843969099275531, 45.976978967957059 ], [ 8.843969532929751, 45.976978629003099 ], [ 8.843970013380941, 45.976978322252904 ], [ 8.843970535734735, 45.976978050831377 ], [ 8.843971094669902, 45.976977817503453 ], [ 8.843971684492557, 45.976977624646089 ], [ 8.843972299194165, 45.976977474223901 ], [ 8.843972932512747, 45.976977367769251 ], [ 8.843973577996673, 45.976977306366592 ], [ 8.843974229070385, 45.976977290641443 ], [ 8.843974879101379, 45.976977320753996 ], [ 8.844557539359027, 45.977024997931657 ], [ 8.84462756557992, 45.977030721738288 ], [ 8.844627714895404, 45.977030729056267 ], [ 8.844627864540458, 45.977030726669994 ], [ 8.845350163367092, 45.97699572331576 ], [ 8.845350326655163, 45.976995709438611 ], [ 8.845350447681648, 45.976995631763856 ], [ 8.845578834508862, 45.976833005772072 ], [ 8.845880125474613, 45.976618494406004 ], [ 8.84588033902612, 45.976618326340223 ], [ 8.846643285093716, 45.975953788383542 ], [ 8.846643740119852, 45.975953432460798 ], [ 8.846644246602004, 45.975953112101521 ], [ 8.847070312274671, 45.975711025445769 ], [ 8.847354674095156, 45.975549434064718 ], [ 8.847354792094023, 45.97554935994031 ], [ 8.847354886869951, 45.975549271078016 ], [ 8.847587713976941, 45.975306767969343 ], [ 8.847587808922487, 45.975306655392785 ], [ 8.847587884431823, 45.975306535876932 ], [ 8.847717509188707, 45.975063931351343 ], [ 8.847717557199362, 45.975063825625242 ], [ 8.847717526828923, 45.975063717228586 ], [ 8.847717567313834, 45.975063810837341 ], [ 8.847717629513049, 45.975063723209345 ], [ 8.847815609180611, 45.974906452885449 ], [ 8.847815623176768, 45.974906430584937 ], [ 8.848494785251797, 45.973832197681688 ], [ 8.848495063472605, 45.973831809484913 ], [ 8.848495394027088, 45.973831441778451 ], [ 8.849167229050339, 45.973158523609094 ], [ 8.849167586855351, 45.973158197950362 ], [ 8.84916798570635, 45.973157896363979 ], [ 8.849168422288811, 45.973157621356208 ], [ 8.849168892974657, 45.973157375212374 ], [ 8.849169393852407, 45.97315715997798 ], [ 8.849460613806423, 45.973044452192902 ], [ 8.850743942912676, 45.972547783065025 ], [ 8.850744273411284, 45.972547636154282 ], [ 8.852462684646749, 45.971676987560706 ], [ 8.852462808364701, 45.971676918117872 ], [ 8.852462921658169, 45.971676840506568 ], [ 8.853781454519147, 45.970679693766627 ], [ 8.853781804518876, 45.9706794486791 ], [ 8.854557281787047, 45.970176627052176 ], [ 8.854557392318108, 45.970176547958424 ], [ 8.854557491158607, 45.970176461668771 ], [ 8.85515224132827, 45.969601290866713 ], [ 8.855568341156321, 45.969196792958279 ], [ 8.855734421868533, 45.969035101815528 ], [ 8.85573464719158, 45.96903489529565 ], [ 8.856212885644432, 45.96862183998774 ], [ 8.856213528521042, 45.968621360874039 ], [ 8.85674288601694, 45.968280458773613 ], [ 8.856743250717679, 45.968280240869575 ], [ 8.856743637647421, 45.96828004248146 ], [ 8.857054096919107, 45.96813294993126 ], [ 8.857595597130359, 45.967876377097056 ], [ 8.857595879006762, 45.967876227100845 ], [ 8.858410091653917, 45.967391305808157 ], [ 8.858410157702643, 45.967391267000885 ], [ 8.858797479669947, 45.967166765621428 ], [ 8.858797504879471, 45.967166750856983 ], [ 8.858991829652499, 45.967051756413056 ], [ 8.859154182108107, 45.966955704742631 ], [ 8.859244847765739, 45.966901836515135 ], [ 8.859857294627986, 45.966538111339254 ], [ 8.859857544296501, 45.966537970385616 ], [ 8.861046022538826, 45.965900468829297 ], [ 8.862078780683722, 45.965344312042916 ], [ 8.862079252569076, 45.965344080638914 ], [ 8.862079752202845, 45.965343879547099 ], [ 8.862080275592334, 45.965343710374498 ], [ 8.862080818555016, 45.965343574472953 ], [ 8.862081376751943, 45.965343472928517 ], [ 8.863757734095222, 45.965093723375411 ], [ 8.863758209070815, 45.965093665454106 ], [ 8.864970869023722, 45.964978151104042 ], [ 8.864971030443289, 45.964978129734192 ], [ 8.864971143761975, 45.964978046767968 ], [ 8.865811483357067, 45.964295171001275 ], [ 8.865811578435675, 45.964295085733283 ], [ 8.865811648282232, 45.964294989325694 ], [ 8.866225663386937, 45.96364767688393 ], [ 8.866225830783675, 45.96364743485092 ], [ 8.866989596599899, 45.96262249161822 ], [ 8.866989708909031, 45.962622324474893 ], [ 8.867598155813399, 45.961610702203984 ], [ 8.867598289497133, 45.961610433375029 ], [ 8.867948540140329, 45.96072951156598 ], [ 8.867948709677288, 45.96072914641038 ], [ 8.867948923213406, 45.960728792658237 ], [ 8.867949179195355, 45.96072845288284 ], [ 8.86823234695998, 45.960388625932637 ], [ 8.868232684395263, 45.960388262440276 ], [ 8.868233070361423, 45.960387923248987 ], [ 8.868233501284843, 45.96038761149935 ], [ 8.868233973175656, 45.960387330077779 ], [ 8.868234481664683, 45.960387081589936 ], [ 8.868235022043885, 45.960386868336535 ], [ 8.868235589309958, 45.960386692292069 ], [ 8.869291819077461, 45.960100512665839 ], [ 8.869292145270908, 45.960100409391671 ], [ 8.869650109245127, 45.959969886317182 ], [ 8.870324983906364, 45.959723766948414 ], [ 8.870325658362367, 45.959723554385363 ], [ 8.870892720633236, 45.959571501972363 ], [ 8.870893230662963, 45.95957138198623 ], [ 8.870893753257045, 45.959571292064659 ], [ 8.870894284778899, 45.959571232833405 ], [ 8.871164925174973, 45.959549100370452 ], [ 8.871359560785622, 45.95953277518349 ], [ 8.871641540000018, 45.959509131161745 ], [ 8.871641684065512, 45.959509114405222 ], [ 8.871641816282033, 45.959509071125602 ], [ 8.872326092623743, 45.959257923999061 ], [ 8.87232636097419, 45.959257813645806 ], [ 8.872677406989755, 45.959097026390204 ], [ 8.872894554256467, 45.95899756715599 ], [ 8.872894753566145, 45.9589974681193 ], [ 8.873177294303703, 45.95884548020252 ], [ 8.87317778841528, 45.958845239214781 ], [ 8.87317831262218, 45.958845031445875 ], [ 8.873178862347174, 45.958844858709973 ], [ 8.87317943279022, 45.958844722515387 ], [ 8.87318001897037, 45.958844624051274 ], [ 8.873577952277239, 45.958791361209755 ], [ 8.873578693904062, 45.958791292740493 ], [ 8.873579441909332, 45.958791284599251 ], [ 8.874210839964356, 45.958809964564402 ], [ 8.874210988548519, 45.958809964138062 ], [ 8.874211126745692, 45.958809926070813 ], [ 8.874715241437155, 45.958651794365636 ], [ 8.87501147547572, 45.958558878172383 ], [ 8.875011630574667, 45.958558822249209 ], [ 8.875011764655621, 45.958558744250006 ], [ 8.87559270634233, 45.958181510369329 ], [ 8.875592804311985, 45.958181440979764 ], [ 8.875592893288866, 45.958181365928354 ], [ 8.876226273767923, 45.957597248510098 ], [ 8.876226577274329, 45.957596989241431 ], [ 8.8771566343261, 45.956860201120939 ], [ 8.877156921752638, 45.956859987825105 ], [ 8.877634391462857, 45.956527990789105 ], [ 8.877634799458592, 45.956527730435262 ], [ 8.877635237919224, 45.956527495404153 ], [ 8.877635703624012, 45.956527287422212 ], [ 8.878872504746571, 45.956025701487135 ], [ 8.878873065639972, 45.956025498953061 ], [ 8.878873652237566, 45.956025335639161 ], [ 8.878874258918241, 45.956025213110415 ], [ 8.878874879868439, 45.956025132540958 ], [ 8.878875509137856, 45.956025094702881 ], [ 8.878876140696478, 45.956025099958723 ], [ 8.878876768492345, 45.956025148258156 ], [ 8.880744963311725, 45.95623384297933 ], [ 8.880745304751434, 45.956233887725112 ], [ 8.88200894667086, 45.956424180512087 ], [ 8.882655036623593, 45.956519334729819 ], [ 8.882655286999364, 45.956519375253073 ], [ 8.882860238718235, 45.956555561482347 ], [ 8.882860381613961, 45.956555581686807 ], [ 8.882860388265785, 45.956555480100249 ], [ 8.882860388257901, 45.956555477692397 ], [ 8.882860396056634, 45.956555583683155 ], [ 8.88286054364945, 45.956555609503809 ], [ 8.889838523174719, 45.957525586172714 ], [ 8.889838560611786, 45.957525591215202 ], [ 8.892340593268303, 45.957851882101039 ], [ 8.892341108376971, 45.957851964629299 ], [ 8.892341612073183, 45.957852076284006 ], [ 8.892342100977356, 45.957852216315978 ], [ 8.893242918551023, 45.958140835325167 ], [ 8.894274559380758, 45.958465763507505 ], [ 8.894274701941422, 45.958465802536359 ], [ 8.894274753165979, 45.958465701874161 ], [ 8.895039335594461, 45.956684692726114 ], [ 8.895039571513076, 45.956684234857008 ], [ 8.89568643263229, 45.955614375723023 ], [ 8.895686683183094, 45.955614008594367 ], [ 8.89568698022031, 45.955613658737335 ], [ 8.89651407218817, 45.954732825614421 ], [ 8.896514239606349, 45.954732625533026 ], [ 8.897186779117474, 45.953824391624835 ], [ 8.897186846256057, 45.953824288407738 ], [ 8.897186865867209, 45.95382417589267 ], [ 8.897265724384763, 45.95304142103555 ], [ 8.897265728333798, 45.953041338020753 ], [ 8.8972657234763, 45.953041255029369 ], [ 8.897124912141129, 45.951781152037256 ], [ 8.897124911633544, 45.951781147552701 ], [ 8.896959967801244, 45.950342145953464 ], [ 8.896959949280218, 45.95034167520749 ], [ 8.896960001384368, 45.950341205688872 ], [ 8.896960123543126, 45.950340742539133 ], [ 8.896960314418783, 45.950340290829971 ], [ 8.89696057192115, 45.950339855507849 ], [ 8.897542013783804, 45.949486490437536 ], [ 8.897542073946926, 45.949486404503631 ], [ 8.898111141387911, 45.948695002658198 ], [ 8.898111195936936, 45.948694918268281 ], [ 8.898111229842499, 45.948694828768595 ], [ 8.898526434435295, 45.947381376589412 ], [ 8.89852649685729, 45.947381095610993 ], [ 8.898670408208027, 45.946274377129406 ], [ 8.898670419583125, 45.946274249282752 ], [ 8.898724048058384, 45.945158415483014 ], [ 8.898724046283583, 45.945158313326559 ], [ 8.898724017956267, 45.94515821309205 ], [ 8.898287738974018, 45.943916048753195 ], [ 8.898287594991773, 45.943915738330539 ], [ 8.897721854968356, 45.942943438676011 ], [ 8.897721717577822, 45.942943232989961 ], [ 8.89671803925029, 45.941619485904994 ], [ 8.896717890486748, 45.941619276740582 ], [ 8.895753148556174, 45.940169498378232 ], [ 8.895753084164411, 45.940169407074819 ], [ 8.894994078669191, 45.939151918616034 ], [ 8.89499380062219, 45.939151493273648 ], [ 8.894183933405712, 45.937719919341717 ], [ 8.894183908654012, 45.937719876860612 ], [ 8.89337388035373, 45.936369214905135 ], [ 8.893373743324346, 45.936368965940595 ], [ 8.892731907653486, 45.935090870319385 ], [ 8.892731722122397, 45.935090430121271 ], [ 8.892731601797095, 45.935089979029549 ], [ 8.892514272360513, 45.933956624933941 ], [ 8.892514219576032, 45.933956190147278 ], [ 8.892514227386963, 45.933955753837488 ], [ 8.892619699003752, 45.932750579066742 ], [ 8.89261974814775, 45.932750235198554 ], [ 8.892619834962051, 45.932749894975522 ], [ 8.893060823014025, 45.931338118133652 ], [ 8.893061032390106, 45.931337599364397 ], [ 8.89306132914084, 45.931337101781011 ], [ 8.894004980944166, 45.929988650262658 ], [ 8.894005383275896, 45.929988156913303 ], [ 8.895154543129051, 45.928765445168793 ], [ 8.895154612060647, 45.928765368503875 ], [ 8.895904257237307, 45.92789311496815 ], [ 8.895904348648054, 45.92789300125893 ], [ 8.89682152288677, 45.926670326269623 ], [ 8.896821925079548, 45.926669860861637 ], [ 8.896822404735682, 45.926669432681926 ], [ 8.897402639475109, 45.926211402568718 ], [ 8.8974027227178, 45.926211331159266 ], [ 8.897402797297479, 45.926211255230776 ], [ 8.89772572102915, 45.925851720336816 ], [ 8.897725924770683, 45.925851507225047 ], [ 8.898255573708399, 45.925330265000653 ], [ 8.898255653275974, 45.92533017821723 ], [ 8.898255551135728, 45.925330103827633 ], [ 8.898255547289674, 45.925330101281055 ], [ 8.898255662737084, 45.925330170511629 ], [ 8.898255782103501, 45.925330104597307 ], [ 8.899057906279316, 45.924840466608188 ], [ 8.899314493712735, 45.924683208536877 ], [ 8.899502934393951, 45.924566356480874 ], [ 8.899502941290207, 45.924566352210654 ], [ 8.900643955332619, 45.923860827070413 ], [ 8.900643972131764, 45.923860816719063 ], [ 8.902063740644341, 45.9229890158743 ], [ 8.904362857667548, 45.92157345711108 ], [ 8.904362967617438, 45.921573382579169 ], [ 8.904363042770628, 45.921573289346682 ], [ 8.904382349447518, 45.921546399767095 ], [ 8.904382353449874, 45.92154639417339 ], [ 8.904898625865478, 45.920822324202376 ], [ 8.904898649852662, 45.920822289830888 ], [ 8.90513820041715, 45.920471493422347 ], [ 8.905138204341904, 45.92047148768534 ], [ 8.905304584705078, 45.920228721998072 ], [ 8.905304746196377, 45.920228502087888 ], [ 8.90553404722437, 45.919936304483166 ], [ 8.906441083442495, 45.918758077952141 ], [ 8.906441242297419, 45.918757883370589 ], [ 8.906472182757003, 45.918722085559907 ], [ 8.906472246822524, 45.918722003958166 ], [ 8.906472290674811, 45.918721916086412 ], [ 8.906739143320154, 45.918105971421227 ], [ 8.906739426030613, 45.918105441577026 ], [ 8.906893396344715, 45.917864382020824 ], [ 8.906893702176315, 45.917863963443388 ], [ 8.906894068871177, 45.917863569403835 ], [ 8.906894492431908, 45.917863204197687 ], [ 8.906894968241209, 45.917862871806086 ], [ 8.906895491112214, 45.917862575852475 ], [ 8.906896055345031, 45.917862319563085 ], [ 8.906896654788872, 45.917862105731793 ], [ 8.906937482523466, 45.917849371674919 ], [ 8.906937618632899, 45.917849326529804 ], [ 8.907542523106605, 45.917636450865132 ], [ 8.907543059363251, 45.917636283079887 ], [ 8.907543615280311, 45.917636150070351 ], [ 8.907544186239573, 45.917636052941553 ], [ 8.907544767497857, 45.917635992500315 ], [ 8.907636658041232, 45.917629407993473 ], [ 8.908544978703299, 45.917558147420159 ], [ 8.908545242531117, 45.917558130543924 ], [ 8.90979677338823, 45.917496134035829 ], [ 8.909796953174068, 45.917496121585856 ], [ 8.910698253443496, 45.917415843116778 ], [ 8.910698654921038, 45.917415816231568 ], [ 8.911288424172589, 45.917389280951582 ], [ 8.912052377346312, 45.9173538785804 ], [ 8.912052697033516, 45.917353869318049 ], [ 8.912777458794981, 45.917345432413171 ], [ 8.912777573396681, 45.917345431789741 ], [ 8.912966596591289, 45.917345575905593 ], [ 8.912967150374701, 45.917345592958647 ], [ 8.912967700012933, 45.917345643148231 ], [ 8.912968241443446, 45.917345726103378 ], [ 8.912968770664364, 45.917345841210924 ], [ 8.913183567637546, 45.917399733202458 ], [ 8.91318370216935, 45.917399768141067 ], [ 8.913418216888966, 45.917462755559612 ], [ 8.913418852903231, 45.917462954557266 ], [ 8.913419454425695, 45.917463200309392 ], [ 8.913487310026666, 45.917494477289949 ], [ 8.913487345365468, 45.917494493695656 ], [ 8.913805387253797, 45.91764319678559 ], [ 8.913805486654878, 45.917643244205522 ], [ 8.913990634591205, 45.917733351604355 ], [ 8.913990698337848, 45.917733383030239 ], [ 8.914143962109344, 45.917809913500683 ], [ 8.914144090570433, 45.917809971057174 ], [ 8.914144154306197, 45.917809874243744 ], [ 8.914450717790602, 45.917274785419529 ], [ 8.914450762383558, 45.917274697055724 ], [ 8.914450796265116, 45.91727460640444 ], [ 8.914646358600621, 45.916644846956878 ], [ 8.914646379645406, 45.916644773262767 ], [ 8.914723659529468, 45.916348422563516 ], [ 8.9147237793191, 45.916348052501675 ], [ 8.914723943340814, 45.916347690797359 ], [ 8.914724150428867, 45.916347340021261 ], [ 8.915048537713542, 45.915857569309033 ], [ 8.915176144325672, 45.915664164561349 ], [ 8.91517615893498, 45.915664142574954 ], [ 8.915615537241296, 45.915007525557911 ], [ 8.915615620761274, 45.915007389189491 ], [ 8.916006674922192, 45.914305744888402 ], [ 8.916006708511709, 45.914305681847104 ], [ 8.916248979565147, 45.913829304703725 ], [ 8.916249232544612, 45.91382887807297 ], [ 8.916249546820977, 45.913828471781486 ], [ 8.916276622287315, 45.913797396330828 ], [ 8.916414744294258, 45.913636812176549 ], [ 8.916442699844181, 45.913604118477664 ], [ 8.916443054648763, 45.913603746784489 ], [ 8.916881786102492, 45.913190182736997 ], [ 8.916881848943275, 45.913190121375926 ], [ 8.917566148180256, 45.912497678764424 ], [ 8.917566287494326, 45.912497543234792 ], [ 8.918469598908862, 45.911652277723597 ], [ 8.918469709036074, 45.911652177630756 ], [ 8.919386209726415, 45.910842917423409 ], [ 8.919386365856425, 45.910842767213786 ], [ 8.920148057843292, 45.910042444856536 ], [ 8.920148146030252, 45.910042340334371 ], [ 8.920148217521039, 45.910042229772301 ], [ 8.920742631301987, 45.908971966500012 ], [ 8.920742979450731, 45.908971442259258 ], [ 8.921233349576802, 45.90834235721973 ], [ 8.921233648360509, 45.908342011765143 ], [ 8.921233990272938, 45.908341686383508 ], [ 8.922394693572892, 45.907335029733794 ], [ 8.92239502153835, 45.907334766824754 ], [ 8.922395377673107, 45.907334522427568 ], [ 8.923414376445255, 45.906687453951854 ], [ 8.923414484543574, 45.906687382043359 ], [ 8.92461447167606, 45.905851241537384 ], [ 8.924614578980439, 45.905851158889817 ], [ 8.924614646504073, 45.905851057795381 ], [ 8.925143954859969, 45.904942584095032 ], [ 8.925144010512664, 45.904942471882606 ], [ 8.925144048851985, 45.904942356190155 ], [ 8.925455070204359, 45.903709713748697 ], [ 8.925455087047412, 45.903709627584576 ], [ 8.925455094289321, 45.90370954076888 ], [ 8.92548215920726, 45.902737705111697 ], [ 8.925482153675526, 45.902737587825392 ], [ 8.925482130615016, 45.902737471585155 ], [ 8.92518710908244, 45.901666386262626 ], [ 8.925187088803435, 45.901666318307718 ], [ 8.924917917328012, 45.900829196457096 ], [ 8.924917881988289, 45.900829079275042 ], [ 8.924699816754693, 45.900055051126678 ], [ 8.924699778226685, 45.900054943030312 ], [ 8.924699724530818, 45.900054838135304 ], [ 8.924288225177593, 45.899361676534106 ], [ 8.924288192682678, 45.899361620743861 ], [ 8.924147849328586, 45.899115967309385 ], [ 8.924147786125095, 45.899115870894654 ], [ 8.924147649281107, 45.899115916878515 ], [ 8.924147652931747, 45.899115915491841 ], [ 8.924147780869788, 45.899115861135598 ], [ 8.924147732178529, 45.899115762251995 ], [ 8.924005308636685, 45.898866465456003 ], [ 8.924005262532553, 45.898866388892984 ], [ 8.923825598293604, 45.898582794606028 ], [ 8.923696537389265, 45.898380186246833 ], [ 8.923696498870875, 45.898380128026929 ], [ 8.923220485898961, 45.897686763016033 ], [ 8.923220472520315, 45.897686743407036 ], [ 8.922860341838046, 45.897155598950889 ], [ 8.922860264980693, 45.897155499004725 ], [ 8.922860174055256, 45.897155404991238 ], [ 8.922301835535656, 45.896636737042016 ], [ 8.922191287959182, 45.89653404287926 ], [ 8.92219119527026, 45.896533960815127 ], [ 8.92181834495436, 45.89621916945395 ], [ 8.921817883261074, 45.896218727478335 ], [ 8.92181750178325, 45.896218249653472 ], [ 8.921484698329351, 45.895734383038153 ], [ 8.921484454074408, 45.895733978429554 ], [ 8.921484267452996, 45.895733559126477 ], [ 8.921484140241686, 45.895733129120536 ], [ 8.921484073651486, 45.895732692505241 ], [ 8.921484068316312, 45.895732253437018 ], [ 8.92148412428695, 45.895731816095662 ], [ 8.921484241030578, 45.895731384644492 ], [ 8.921484417435835, 45.8957309631908 ], [ 8.9214846518234, 45.895730555746681 ], [ 8.921767144305536, 45.895301314176557 ], [ 8.921767460602421, 45.895300893609289 ], [ 8.921767838627293, 45.895300498664824 ], [ 8.921768274168164, 45.895300133743667 ], [ 8.921807493570018, 45.89527059416195 ], [ 8.922015922382249, 45.89511360657621 ], [ 8.922208722342457, 45.894968389636681 ], [ 8.922244951230351, 45.89494110214433 ], [ 8.922245058457284, 45.894941012304869 ], [ 8.922245086279528, 45.894940896981815 ], [ 8.922245084547297, 45.894940907536281 ], [ 8.922245075207469, 45.894941006157097 ], [ 8.922245200875341, 45.894940960670674 ], [ 8.923108673959179, 45.894590675038565 ], [ 8.923108799211123, 45.894590618561651 ], [ 8.923108848714895, 45.894590520359579 ], [ 8.923445013941331, 45.893807857318691 ], [ 8.923445065901397, 45.893807741995808 ], [ 8.92427064628688, 45.892057808052215 ], [ 8.924270686621957, 45.892057706374906 ], [ 8.924270602719789, 45.892057619508833 ], [ 8.924270697644074, 45.892057699921793 ], [ 8.92427084479646, 45.892057682559987 ], [ 8.926386063963641, 45.891735028518369 ], [ 8.926386144115318, 45.891735015540441 ], [ 8.927275547814755, 45.891582621151301 ], [ 8.927275677909915, 45.891582594747653 ], [ 8.927275799797297, 45.891582553448757 ], [ 8.928087958899228, 45.891277143672895 ], [ 8.92808809851676, 45.891277084510243 ], [ 8.928088178388801, 45.891276985038736 ], [ 8.928604533250608, 45.89054846521109 ], [ 8.928604653184452, 45.890548274190579 ], [ 8.92913424024003, 45.889585689944383 ], [ 8.929134279701188, 45.889585619970113 ], [ 8.929560517506381, 45.88884792502278 ], [ 8.929560564594887, 45.888847838429207 ], [ 8.930115937530694, 45.887759519210157 ], [ 8.93011613619054, 45.887759175399069 ], [ 8.930116374701289, 45.887758844174186 ], [ 8.930838940236487, 45.886850643897205 ], [ 8.930839050319811, 45.886850492307104 ], [ 8.931497473927344, 45.885851962417249 ], [ 8.931497548780262, 45.885851839404133 ], [ 8.932156138153825, 45.88467340369111 ], [ 8.932156276854206, 45.884673089254179 ], [ 8.932570121176479, 45.883413517746412 ], [ 8.932570173460823, 45.88341331737351 ], [ 8.93279058980729, 45.882279618783258 ], [ 8.932790617894343, 45.882279377317218 ], [ 8.932817195090326, 45.881596167493505 ], [ 8.932817247249123, 45.881595705447843 ], [ 8.932817367174692, 45.881595249599371 ], [ 8.932817553595005, 45.881594804783198 ], [ 8.933281002787984, 45.880668773855554 ], [ 8.933281091638213, 45.880668606990575 ], [ 8.933758797318736, 45.879823022449834 ], [ 8.933758842489423, 45.879822931117026 ], [ 8.933758852617675, 45.879822834748055 ], [ 8.933785752640485, 45.87919785495388 ], [ 8.933785803566845, 45.879197409645201 ], [ 8.933785917453754, 45.879196970057059 ], [ 8.934018115828378, 45.878500135221969 ], [ 8.934018145556136, 45.878500018078867 ], [ 8.934018139166213, 45.878499899193613 ], [ 8.933903225967544, 45.877617995447601 ], [ 8.933903188761983, 45.877617802695596 ], [ 8.933672381243724, 45.876717893658387 ], [ 8.933672311717961, 45.876717544100366 ], [ 8.933544630978789, 45.87581800360531 ], [ 8.933544599799436, 45.875817599496898 ], [ 8.933544620720294, 45.875817195065956 ], [ 8.93363564869103, 45.875034859652878 ], [ 8.933635750258912, 45.87503434995179 ], [ 8.933813943447655, 45.874405837498422 ], [ 8.933814108951234, 45.874405380714471 ], [ 8.933814341922634, 45.874404938521778 ], [ 8.933814639807915, 45.874404515767829 ], [ 8.934021659624861, 45.874145846316623 ], [ 8.934022023209502, 45.874145443626595 ], [ 8.934022445662322, 45.874145070019821 ], [ 8.934022922255361, 45.87414472967761 ], [ 8.934500266572595, 45.873838113871848 ], [ 8.934500389325343, 45.873838025873916 ], [ 8.934500497551566, 45.873837929019651 ], [ 8.934689243203461, 45.873648452955706 ], [ 8.934822850810235, 45.87351433955503 ], [ 8.934822940108887, 45.873514238867365 ], [ 8.934822961771337, 45.873514121394358 ], [ 8.934849010809286, 45.873271273334367 ], [ 8.934849017061046, 45.873271198207213 ], [ 8.934888450475723, 45.872605241427912 ], [ 8.934888452502928, 45.872605196164692 ], [ 8.934901822570358, 45.872164963110627 ], [ 8.934901876046881, 45.872164472167157 ], [ 8.93490200598155, 45.872163988242775 ], [ 8.934902210819052, 45.87216351713009 ], [ 8.935108418733636, 45.871768410671166 ], [ 8.935108466194428, 45.871768302826851 ], [ 8.935108385480449, 45.871768205099769 ], [ 8.934799701134587, 45.87143519726299 ], [ 8.934799556984546, 45.871435034248414 ], [ 8.934504104118567, 45.871084433433722 ], [ 8.934503842815907, 45.871084090266216 ], [ 8.934503624878655, 45.871083732627874 ], [ 8.93450345193261, 45.871083363186649 ], [ 8.934092564704214, 45.870057630529267 ], [ 8.934092548597192, 45.870057589575445 ], [ 8.934092513493974, 45.870057498644293 ], [ 8.934092563425292, 45.870057605800959 ], [ 8.934092709678353, 45.870057653351694 ], [ 8.934315902879213, 45.87012071020267 ], [ 8.934315940611706, 45.87012072096001 ], [ 8.934582224971276, 45.87019732398506 ], [ 8.934582368191332, 45.8701973596946 ], [ 8.934582518870769, 45.870197345365611 ], [ 8.935136325811056, 45.870125701164881 ], [ 8.935136472294502, 45.870125677173434 ], [ 8.935136595811263, 45.870125617159793 ], [ 8.935639141826721, 45.869856012462364 ], [ 8.935639267442872, 45.869855937545651 ], [ 8.935639354281877, 45.869855839398952 ], [ 8.93593602823762, 45.869478141875987 ], [ 8.935936091616169, 45.869478063074666 ], [ 8.936336027497552, 45.868992289104902 ], [ 8.936645576895051, 45.868614549209134 ], [ 8.936645744469189, 45.868614356120879 ], [ 8.937058408623249, 45.868164704030612 ], [ 8.937058496471828, 45.868164610868988 ], [ 8.93735462962343, 45.867858882830866 ], [ 8.937354708443589, 45.867858792542428 ], [ 8.937354761575735, 45.867858693515942 ], [ 8.937479585202766, 45.867587740389254 ], [ 8.937573760080342, 45.867383326037633 ], [ 8.93757399204245, 45.867382898388222 ], [ 8.937574284934216, 45.867382489393158 ], [ 8.937574635730998, 45.867382103276022 ], [ 8.937575040810188, 45.867381744024172 ], [ 8.937575495988606, 45.867381415347545 ], [ 8.937575996565709, 45.867381120640317 ], [ 8.937696292416955, 45.867317309596885 ], [ 8.93769633453366, 45.867317287445204 ], [ 8.938167096942712, 45.867071785571518 ], [ 8.938167614256388, 45.867071542116882 ], [ 8.938168162848637, 45.86707133475538 ], [ 8.938168737576138, 45.867071165431128 ], [ 8.93816933305054, 45.867071035731627 ], [ 8.938169943688973, 45.86707094687285 ], [ 8.938170563766402, 45.867070899687938 ], [ 8.938171187469299, 45.867070894619232 ], [ 8.938171808950139, 45.867070931714288 ], [ 8.938172422382239, 45.867071010625281 ], [ 8.938173022014363, 45.867071130612416 ], [ 8.938173602224671, 45.867071290550733 ], [ 8.938174157573403, 45.867071488940752 ], [ 8.938174682853893, 45.86707172392245 ], [ 8.938175173141374, 45.867071993292782 ], [ 8.938553011645862, 45.867301109098491 ], [ 8.93855353439492, 45.867301464262532 ], [ 8.938553996338269, 45.867301858423403 ], [ 8.939342809804629, 45.868058547350856 ], [ 8.939845521472224, 45.868535275108179 ], [ 8.939969378515721, 45.868652322501354 ], [ 8.939969450807864, 45.868652388249203 ], [ 8.940329318726812, 45.868967484948861 ], [ 8.940329413361312, 45.868967560598747 ], [ 8.940329517301311, 45.868967630033161 ], [ 8.941037377774611, 45.869399818082599 ], [ 8.941037780536831, 45.869400086283285 ], [ 8.941719806454611, 45.869895242250266 ], [ 8.94171993751706, 45.86989532734782 ], [ 8.941720081329953, 45.869895401720157 ], [ 8.942544006779915, 45.870273696011672 ], [ 8.942544135013783, 45.870273749013045 ], [ 8.942544280399476, 45.870273726231957 ], [ 8.94305905672441, 45.8701750374006 ], [ 8.943059198994685, 45.870175004921904 ], [ 8.943059214338424, 45.870174900915714 ], [ 8.943085291294233, 45.869842111050453 ], [ 8.943085292758207, 45.869842011890704 ], [ 8.943085256825565, 45.869841915955135 ], [ 8.94290677810991, 45.86943926056508 ], [ 8.942906617766441, 45.869438821792677 ], [ 8.942906521357836, 45.869438373984707 ], [ 8.942906489860281, 45.869437921675498 ], [ 8.942906523592709, 45.869437469444954 ], [ 8.942906622213552, 45.869437021872137 ], [ 8.942906784724224, 45.869436583488998 ], [ 8.942907009479207, 45.869436158734395 ], [ 8.942907294202726, 45.869435751909229 ], [ 8.942907636011798, 45.869435367132816 ], [ 8.942908031445409, 45.869435008301252 ], [ 8.943278909765946, 45.869131377849605 ], [ 8.943279298436412, 45.869131086771588 ], [ 8.943279722405679, 45.869130820824545 ], [ 8.943798848282096, 45.868833070949449 ], [ 8.9438593054593, 45.868798412650733 ], [ 8.943859543659004, 45.868798282511626 ], [ 8.944671393800608, 45.86837579836849 ], [ 8.944671533321133, 45.868375716770828 ], [ 8.944671658714844, 45.868375624659365 ], [ 8.945175201910315, 45.867960973635462 ], [ 8.945457963351851, 45.867728144836192 ], [ 8.945458063443922, 45.867728053182461 ], [ 8.945458102165603, 45.867727941120179 ], [ 8.945600280107637, 45.867197191398581 ], [ 8.945600300576574, 45.867197088712551 ], [ 8.945600252770229, 45.867196990562107 ], [ 8.945433161621388, 45.866900102657212 ], [ 8.945433095141894, 45.866900000003007 ], [ 8.945433014254185, 45.866899902526733 ], [ 8.945265821304483, 45.866719911038899 ], [ 8.945265800585277, 45.86671988901707 ], [ 8.945034234577419, 45.86647687556971 ], [ 8.945034070782665, 45.866476694476248 ], [ 8.944725377147423, 45.866116698741706 ], [ 8.944725290022468, 45.866116607561423 ], [ 8.944725190572973, 45.866116522758297 ], [ 8.944107470735959, 45.86563937928706 ], [ 8.944107354787054, 45.865639298431105 ], [ 8.944107227645015, 45.865639226252917 ], [ 8.943154947961121, 45.86515280248237 ], [ 8.943154872163378, 45.865152764924524 ], [ 8.942086143692505, 45.864639227197578 ], [ 8.94208610697066, 45.864639209810967 ], [ 8.941275127915224, 45.864260899318872 ], [ 8.941274709699863, 45.864260686784803 ], [ 8.941030355131135, 45.864125703875409 ], [ 8.941030258607375, 45.864125654518368 ], [ 8.941030157097606, 45.864125610312065 ], [ 8.940489937852039, 45.86390941715657 ], [ 8.940489711133775, 45.863909334597615 ], [ 8.940264268103165, 45.863835037389087 ], [ 8.939833086472484, 45.863692966103244 ], [ 8.939832691799497, 45.863692857652516 ], [ 8.938592834919131, 45.863416550243748 ], [ 8.938557959260491, 45.863408801544587 ], [ 8.9385579073882, 45.86340879035501 ], [ 8.937566202511794, 45.863201240771154 ], [ 8.937566168770434, 45.863201233639053 ], [ 8.937270680210482, 45.863138156937943 ], [ 8.93727005809804, 45.863137999303774 ], [ 8.936536558735105, 45.86292174515706 ], [ 8.936536044741111, 45.862921574555607 ], [ 8.935879567323989, 45.862678288735474 ], [ 8.935879523199409, 45.862678272686857 ], [ 8.935223012235994, 45.862443973489079 ], [ 8.935222623428817, 45.86244382268432 ], [ 8.934525526194406, 45.862151002160111 ], [ 8.934525475531462, 45.862150981316042 ], [ 8.93430263238006, 45.862061201134864 ], [ 8.934302081493426, 45.862060952246274 ], [ 8.934301569698933, 45.86206066549947 ], [ 8.934301102305483, 45.862060343868905 ], [ 8.933858525808821, 45.861723083201618 ], [ 8.933710686535434, 45.861611856990145 ], [ 8.933343908905771, 45.861335914661062 ], [ 8.933343391990043, 45.861335472551325 ], [ 8.933166993584356, 45.861163379628287 ], [ 8.933166882511648, 45.861163277543064 ], [ 8.932919003966285, 45.860948450317146 ], [ 8.932918972528025, 45.860948423496147 ], [ 8.932468642719964, 45.860570210651993 ], [ 8.932468494293818, 45.860570081215123 ], [ 8.932031380098744, 45.860174150093862 ], [ 8.932031090865895, 45.860173865998178 ], [ 8.932030833977715, 45.860173567111318 ], [ 8.931889603427237, 45.859993817857877 ], [ 8.931889527564991, 45.859993726460175 ], [ 8.931542710493202, 45.859597616741304 ], [ 8.931542585581221, 45.859597484740732 ], [ 8.9311566927018, 45.859219310159517 ], [ 8.931156656389465, 45.859219275285135 ], [ 8.930410503564358, 45.858516907188083 ], [ 8.930410284830909, 45.858516687974671 ], [ 8.929677199715371, 45.857733394548617 ], [ 8.929677057140177, 45.857733235025258 ], [ 8.928571452349763, 45.856436629970766 ], [ 8.928571304217929, 45.856436471767225 ], [ 8.927297795003831, 45.855193675097233 ], [ 8.92620477001239, 45.854130964718514 ], [ 8.926204664042883, 45.854130867381755 ], [ 8.922512848207772, 45.850924308571138 ], [ 8.922512807042763, 45.850924272436067 ], [ 8.921989733309452, 45.850460240931945 ], [ 8.920583729954446, 45.849212893795624 ], [ 8.920583599863685, 45.849212774334823 ], [ 8.919001920635834, 45.847708883810199 ], [ 8.919001452709036, 45.847708369122209 ], [ 8.91761384494168, 45.845925651529512 ], [ 8.917613645274955, 45.845925427435603 ], [ 8.916392219317625, 45.844718712849378 ], [ 8.916391951183583, 45.84471842527099 ], [ 8.915350841720699, 45.843502825817794 ], [ 8.915350759562408, 45.843502739459922 ], [ 8.915350611439857, 45.843502745610657 ], [ 8.91535060209112, 45.843502746310932 ], [ 8.915350751726466, 45.843502729743456 ], [ 8.915350692911147, 45.843502632163926 ], [ 8.914785825624623, 45.842683342095903 ], [ 8.914785739439031, 45.842683211816528 ], [ 8.914580267727933, 45.8423591470548 ], [ 8.914580218166186, 45.842359066791033 ], [ 8.914412467695637, 45.84207997833952 ], [ 8.914412446369003, 45.842079942424178 ], [ 8.914111444601483, 45.841566781372926 ], [ 8.914111347263422, 45.841566631329854 ], [ 8.914092318765549, 45.841539943795624 ], [ 8.914091999808056, 45.841539414216591 ], [ 8.913899612298369, 45.841152598947772 ], [ 8.913899538063458, 45.841152440257538 ], [ 8.913745609436917, 45.84080147750727 ], [ 8.913745514248303, 45.840801290389123 ], [ 8.913604612019748, 45.840558801428031 ], [ 8.913604424079475, 45.840558432759373 ], [ 8.913604282678417, 45.84055805407197 ], [ 8.913604188885991, 45.840557668229891 ], [ 8.913476686433967, 45.839847283380358 ], [ 8.913476603112001, 45.839846984673578 ], [ 8.913207407996959, 45.839140556935931 ], [ 8.913207304573181, 45.839140239872421 ], [ 8.912951311506268, 45.838199840475653 ], [ 8.912951233146368, 45.838199468649883 ], [ 8.912747362514899, 45.836840539674917 ], [ 8.91274730185186, 45.836840281395752 ], [ 8.912570725593669, 45.836290825128707 ], [ 8.912570693376553, 45.836290718899292 ], [ 8.912452706228208, 45.835877142889636 ], [ 8.91245269765245, 45.835877113829504 ], [ 8.912402092618404, 45.835711168807954 ], [ 8.912337464564718, 45.835499234900631 ], [ 8.91233736170536, 45.835498788762287 ], [ 8.912286409480039, 45.835174997258356 ], [ 8.912286397904065, 45.835174917098904 ], [ 8.912235517997511, 45.834787956034461 ], [ 8.912235504622794, 45.834787837010282 ], [ 8.912125516418314, 45.833608874662445 ], [ 8.912125502841757, 45.833608602664128 ], [ 8.91212160688297, 45.833020909801469 ], [ 8.912112298238551, 45.831633642651362 ], [ 8.912112320655643, 45.831633245718578 ], [ 8.912112393057912, 45.831632851714076 ], [ 8.912448648539264, 45.830278952100379 ], [ 8.912448668565412, 45.83027883498832 ], [ 8.912448635279803, 45.830278719360521 ], [ 8.912346131824298, 45.829999849378716 ], [ 8.912346090320272, 45.829999754243282 ], [ 8.91234601437791, 45.829999670135415 ], [ 8.912050542437122, 45.829702585703657 ], [ 8.912050445891673, 45.829702498306389 ], [ 8.912050291491346, 45.829702475002996 ], [ 8.910391246226528, 45.829512208217707 ], [ 8.910391104886857, 45.829512196494875 ], [ 8.910390964133871, 45.829512211269787 ], [ 8.909477237684769, 45.82963741743653 ], [ 8.909476317663405, 45.829637495969529 ], [ 8.908462030030728, 45.829672584634139 ], [ 8.908461361292838, 45.829672583453792 ], [ 8.908460696338414, 45.829672533781036 ], [ 8.908460042343229, 45.829672436151903 ], [ 8.908459406364795, 45.829672291619964 ], [ 8.908458795266197, 45.829672101744883 ], [ 8.908458215642034, 45.829671868575709 ], [ 8.908457673747245, 45.829671594628664 ], [ 8.907740635569143, 45.829267844459487 ], [ 8.907740127368172, 45.829267525805079 ], [ 8.907739670294911, 45.829267171320055 ], [ 8.907739269489538, 45.829266784990871 ], [ 8.907738929459448, 45.82926637116217 ], [ 8.907738654028565, 45.829265934487793 ], [ 8.907392855467817, 45.828628039897609 ], [ 8.907392604414422, 45.828627462643951 ], [ 8.907213591512846, 45.828088300836441 ], [ 8.907213470262668, 45.828087817152969 ], [ 8.907213425116106, 45.828087327113479 ], [ 8.907213456610688, 45.828086836552494 ], [ 8.907304479251675, 45.827449006951909 ], [ 8.907304560386148, 45.827448614436307 ], [ 8.907304690636318, 45.827448228438598 ], [ 8.907562395979525, 45.826811499356225 ], [ 8.907562588931091, 45.82681109632432 ], [ 8.907562835405249, 45.826810707814872 ], [ 8.907563133203732, 45.82681033729294 ], [ 8.907563479670522, 45.826809988063125 ], [ 8.907563871715535, 45.826809663240184 ], [ 8.907564305842181, 45.826809365721139 ], [ 8.907564778178552, 45.826809098159536 ], [ 8.907565284511954, 45.826808862941689 ], [ 8.9083357992941, 45.826486505148253 ], [ 8.908336384168525, 45.826486288195234 ], [ 8.909134542383503, 45.826226061051933 ], [ 8.909134690875728, 45.82622600574868 ], [ 8.909134778857718, 45.826225905488009 ], [ 8.909728070643151, 45.825461531343599 ], [ 8.90972814003003, 45.825461430105854 ], [ 8.909728163211772, 45.825461319021848 ], [ 8.909790220480284, 45.825003805707233 ], [ 8.909884468588366, 45.82430959743494 ], [ 8.90988447570869, 45.824309484026188 ], [ 8.909884449969331, 45.824309371943691 ], [ 8.909654040597642, 45.823553443601938 ], [ 8.90965394655491, 45.823553050296638 ], [ 8.909552026221849, 45.822968589462576 ], [ 8.909551980219584, 45.822968135632081 ], [ 8.909551999991686, 45.822967680873369 ], [ 8.909604155330802, 45.82251825022599 ], [ 8.909604160529041, 45.822518150891739 ], [ 8.909604140552721, 45.822518052477136 ], [ 8.909348342807721, 45.821564275175184 ], [ 8.909348263183855, 45.821563884316994 ], [ 8.909348232861451, 45.821563490083626 ], [ 8.909336703936503, 45.820744926164622 ], [ 8.909336694888717, 45.820744817853473 ], [ 8.90933665615028, 45.820744712792965 ], [ 8.909093070130558, 45.820195703393907 ], [ 8.9090930129067, 45.820195594630221 ], [ 8.90909293993302, 45.820195490577035 ], [ 8.908720808365929, 45.819727691596619 ], [ 8.908720511896819, 45.819727268089849 ], [ 8.90872028042976, 45.819726825218737 ], [ 8.908245985717123, 45.818646906968731 ], [ 8.9082459056162, 45.818646746465973 ], [ 8.907796848615137, 45.817845619608036 ], [ 8.907796647523696, 45.817845201641632 ], [ 8.907501926922489, 45.8171162130594 ], [ 8.907501845975775, 45.817116039944089 ], [ 8.907027502684826, 45.816225398549513 ], [ 8.907027288839599, 45.816224915669174 ], [ 8.907027153790537, 45.816224419065513 ], [ 8.907027099241571, 45.816223915004279 ], [ 8.907007023297565, 45.815497952610265 ], [ 8.907007022953414, 45.815497939118998 ], [ 8.907004811315794, 45.815403281459851 ], [ 8.90700481046995, 45.815403254875804 ], [ 8.907003522401064, 45.815371271514586 ], [ 8.907003511277811, 45.815371169509241 ], [ 8.907003366320028, 45.815371183338911 ], [ 8.906946480918617, 45.815378567591338 ], [ 8.906946448093723, 45.815378571790767 ], [ 8.906024503088556, 45.815494790078354 ], [ 8.906024341709513, 45.815494816506849 ], [ 8.906024185093891, 45.8154948544421 ], [ 8.905265089965166, 45.815710043863945 ], [ 8.905264526649871, 45.815710182640984 ], [ 8.905263947362373, 45.815710284305972 ], [ 8.904505867452508, 45.815817452581477 ], [ 8.904505226961357, 45.815817519874777 ], [ 8.904504580040957, 45.815817541813686 ], [ 8.904503933242957, 45.815817518175976 ], [ 8.903915154366588, 45.815775145517883 ], [ 8.90374573879658, 45.815762952310216 ], [ 8.903745584190846, 45.815762946501025 ], [ 8.903745450832993, 45.81576300150531 ], [ 8.903012359039334, 45.816100174226754 ], [ 8.903012238118812, 45.816100235757567 ], [ 8.903012196831078, 45.816100336265151 ], [ 8.902982233456971, 45.81618884976637 ], [ 8.902982220420492, 45.816188889911729 ], [ 8.902908029421377, 45.816427442930639 ], [ 8.902907873732833, 45.816427850487194 ], [ 8.90290766415324, 45.816428246059886 ], [ 8.90290740252409, 45.816428626172957 ], [ 8.902907091144217, 45.816428987486525 ], [ 8.902729145829543, 45.816615135793619 ], [ 8.902728769071022, 45.816615490840142 ], [ 8.902728344308423, 45.816615818323974 ], [ 8.902727875641144, 45.816616115084472 ], [ 8.902727367592314, 45.816616378257692 ], [ 8.902726825065137, 45.816616605303636 ], [ 8.902726253295562, 45.816616794031141 ], [ 8.902725657801765, 45.816616942618758 ], [ 8.902725044330879, 45.816617049632477 ], [ 8.902724418803539, 45.816617114039481 ], [ 8.90272378725674, 45.816617135218216 ], [ 8.902255519768476, 45.816616735609038 ], [ 8.902254904775306, 45.816616714487779 ], [ 8.902254295483093, 45.81661665236954 ], [ 8.902253697468547, 45.816616549822882 ], [ 8.902253116205156, 45.816616407786384 ], [ 8.902252557013087, 45.816616227560061 ], [ 8.902252025010499, 45.81661601079351 ], [ 8.902251525066685, 45.816615759470722 ], [ 8.902251061757514, 45.816615475892014 ], [ 8.902250639323547, 45.816615162652901 ], [ 8.902174270892843, 45.816552810740127 ], [ 8.902174211163688, 45.816552763337022 ], [ 8.902048115963417, 45.816455477901847 ], [ 8.902047744037869, 45.816455163397421 ], [ 8.902047414386995, 45.816454826626888 ], [ 8.902047129721646, 45.816454470359645 ], [ 8.902046892382733, 45.816454097525401 ], [ 8.902046704321991, 45.81645371119015 ], [ 8.902046567085918, 45.816453314530875 ], [ 8.901931807730769, 45.816040532277931 ], [ 8.901931769695569, 45.816040424485024 ], [ 8.901931674737098, 45.816040335503146 ], [ 8.901794740356307, 45.815924549495939 ], [ 8.90179441405834, 45.815924248746356 ], [ 8.901761675258754, 45.815891288481566 ], [ 8.901761530032205, 45.815891153400941 ], [ 8.901610583723995, 45.815761217256735 ], [ 8.901610467337436, 45.815761127487363 ], [ 8.901610326045875, 45.815761057339451 ], [ 8.901433088410091, 45.815682807202926 ], [ 8.900915984485192, 45.815454510598869 ], [ 8.900915911489903, 45.815454477888913 ], [ 8.900678041070194, 45.815346297894003 ], [ 8.900677999014043, 45.81534627860345 ], [ 8.900054980290237, 45.815058064716624 ], [ 8.900054511257968, 45.815057825801972 ], [ 8.900054074907231, 45.815057558316887 ], [ 8.900053674785388, 45.815057264435936 ], [ 8.899618634995459, 45.814707423053733 ], [ 8.899618220190685, 45.814707051913032 ], [ 8.899617863135678, 45.814706652487118 ], [ 8.899617567742137, 45.814706229151881 ], [ 8.899617337246228, 45.814705786545147 ], [ 8.899617174173134, 45.814705329515853 ], [ 8.89961708030939, 45.814704863070972 ], [ 8.899570849221721, 45.814336083532261 ], [ 8.899566494585816, 45.814301348236384 ], [ 8.899566474616012, 45.814301244730729 ], [ 8.899566427525471, 45.814301145614081 ], [ 8.899348466873894, 45.813905152529479 ], [ 8.899348392437366, 45.813905037234555 ], [ 8.89934828285595, 45.813904936584144 ], [ 8.899149228255373, 45.813742129033507 ], [ 8.898808698390338, 45.813463605031579 ], [ 8.898808595196227, 45.813463528257543 ], [ 8.898808473273576, 45.81346346634934 ], [ 8.897728449102489, 45.812967601411223 ], [ 8.897728312868356, 45.812967545422879 ], [ 8.897728156267119, 45.812967530650575 ], [ 8.896956522146532, 45.812921860929116 ], [ 8.896956126858496, 45.812921820416996 ], [ 8.896956155973335, 45.812921725475839 ], [ 8.896991879521591, 45.812767637665111 ], [ 8.897154992025257, 45.812064076624928 ], [ 8.897176211020705, 45.811972549221196 ], [ 8.89717622773669, 45.811972446173286 ], [ 8.897176093672831, 45.811972401829763 ], [ 8.896808508312713, 45.811865521549869 ], [ 8.896807933598771, 45.811865330621742 ], [ 8.896807388654869, 45.811865100940125 ], [ 8.896806878807915, 45.81186483475016 ], [ 8.896806409041737, 45.811864534653907 ], [ 8.896805983948363, 45.811864203584832 ], [ 8.896805607683147, 45.811863844779204 ], [ 8.896805283924127, 45.811863461744409 ], [ 8.896805015836103, 45.811863058224624 ], [ 8.896804806039665, 45.811862638164349 ], [ 8.896804656585603, 45.811862205669726 ], [ 8.896804568934854, 45.811861764968448 ], [ 8.896804543944212, 45.811861320368436 ], [ 8.896804581857962, 45.811860876215732 ], [ 8.896804682305492, 45.811860436851951 ], [ 8.896913770222408, 45.81149896091771 ], [ 8.896971594600632, 45.811307353552557 ], [ 8.896971761520382, 45.811306912459933 ], [ 8.896971991450986, 45.811306485453954 ], [ 8.896972282028882, 45.811306076924012 ], [ 8.896972630267094, 45.811305691069549 ], [ 8.896973032585924, 45.811305331856943 ], [ 8.897809286451229, 45.810631987706465 ], [ 8.897809362701652, 45.810631921392982 ], [ 8.897809431553306, 45.810631851232699 ], [ 8.898402390832921, 45.809975641385414 ], [ 8.898402867314033, 45.809975181207179 ], [ 8.89960127869451, 45.80895947590129 ], [ 8.899601466853307, 45.808959299505439 ], [ 8.900336240014143, 45.808195089821773 ], [ 8.900336332439723, 45.808194980804728 ], [ 8.900336387399193, 45.808194860034689 ], [ 8.900620403278856, 45.807421331340407 ], [ 8.900620482748282, 45.807421031973981 ], [ 8.900789537568521, 45.806404358676126 ], [ 8.900789557832582, 45.80640416190051 ], [ 8.900829950408538, 45.805396365802999 ], [ 8.900829970813231, 45.805396112306809 ], [ 8.900924294737074, 45.804616792907389 ], [ 8.900924350166145, 45.804616472306499 ], [ 8.901206739105749, 45.803362510712248 ], [ 8.901206753684326, 45.80336242431396 ], [ 8.901206758656231, 45.803362337385643 ], [ 8.901208524286917, 45.80236338207488 ], [ 8.901197749333358, 45.801184623732212 ], [ 8.901197765324012, 45.801184276577828 ], [ 8.901197819545672, 45.801183931319954 ], [ 8.901418286105562, 45.800149660206991 ], [ 8.901418437196332, 45.800149153354901 ], [ 8.901754408024026, 45.799276716947041 ], [ 8.901754471312467, 45.799276563495447 ], [ 8.902245347793828, 45.798161058688507 ], [ 8.902245404776014, 45.798160911661853 ], [ 8.902368697162098, 45.7977940144862 ], [ 8.902478088754982, 45.797468481538118 ], [ 8.902478225761454, 45.797468136193423 ], [ 8.902478401620582, 45.797467799569716 ], [ 8.902799325253232, 45.796921962362653 ], [ 8.902799602848708, 45.796921550724456 ], [ 8.902799938464366, 45.796921160803976 ], [ 8.902800328667489, 45.796920796589347 ], [ 8.902800769467031, 45.796920461805804 ], [ 8.902801256354445, 45.796920159877573 ], [ 8.902801784349785, 45.796919893892778 ], [ 8.902802348052653, 45.796919666571959 ], [ 8.902802941697429, 45.796919480240192 ], [ 8.902803559212243, 45.796919336803285 ], [ 8.902804194281083, 45.796919237728325 ], [ 8.902804840408388, 45.796919184028674 ], [ 8.903173868727622, 45.796901688364457 ], [ 8.903174025158394, 45.796901675419214 ], [ 8.903174120705017, 45.796901587818446 ], [ 8.903575631854087, 45.796492510631154 ], [ 8.903575638722632, 45.796492503647215 ], [ 8.903650886790713, 45.796416145428388 ], [ 8.903651051793499, 45.796415959183534 ], [ 8.904192541689614, 45.795732483746356 ], [ 8.904746609572747, 45.795021946042567 ], [ 8.904746697697293, 45.795021836686146 ], [ 8.904976362550716, 45.794745905656526 ], [ 8.904976702886126, 45.794745538964165 ], [ 8.904977092481081, 45.794745197102742 ], [ 8.904977527658728, 45.794744883298655 ], [ 8.90497800431201, 45.794744600513461 ], [ 8.904978517942444, 45.794744351415986 ], [ 8.904979063702569, 45.794744138357103 ], [ 8.904979636441693, 45.794743963347607 ], [ 8.904980230754507, 45.794743828039159 ], [ 8.904980841032101, 45.794743733708778 ], [ 8.904981461514888, 45.7947436812467 ], [ 8.904982086346976, 45.794743671148055 ], [ 8.904982709631422, 45.794743703508146 ], [ 8.904983325485887, 45.794743778021555 ], [ 8.906066720507718, 45.794913134210042 ], [ 8.9061363218394, 45.794924013688764 ], [ 8.906136468226011, 45.794924031635823 ], [ 8.906136616358953, 45.794924040028626 ], [ 8.906522292460647, 45.794933344346589 ], [ 8.9065224450386, 45.794933342823136 ], [ 8.906522528871669, 45.794933253633715 ], [ 8.906908966796552, 45.794474928592237 ], [ 8.906909225088796, 45.794474646758943 ], [ 8.906909512616796, 45.79447437913683 ], [ 8.907126279091736, 45.794287516918871 ], [ 8.907126714799208, 45.794287177956555 ], [ 8.907127197290169, 45.794286871565383 ], [ 8.90712772161439, 45.794286600888839 ], [ 8.907128282392449, 45.794286368703986 ], [ 8.907128873870908, 45.794286177392991 ], [ 8.90712948998136, 45.79428602891867 ], [ 8.907130124402677, 45.794285924804278 ], [ 8.907130770625868, 45.794285866118067 ], [ 8.907131422020854, 45.7942858534621 ], [ 8.907719566355702, 45.794295274773006 ], [ 8.90771972614195, 45.794295271626318 ], [ 8.907719819538563, 45.794295180880013 ], [ 8.907894831857988, 45.794105416634139 ], [ 8.908653151122349, 45.793281151382544 ], [ 8.908653224700847, 45.793281062280464 ], [ 8.908653099961542, 45.79328100774385 ], [ 8.908653234247895, 45.793281060362126 ], [ 8.908954548442674, 45.79339916842531 ], [ 8.909521988919403, 45.793621588231616 ], [ 8.909522124316931, 45.793621635331 ], [ 8.909522203885713, 45.793621545380574 ], [ 8.909846955165234, 45.793210457789165 ], [ 8.909994320066616, 45.79302391262771 ], [ 8.910537905855158, 45.792335788958596 ], [ 8.910772722705865, 45.792038530708183 ], [ 8.910772754459241, 45.792038489504129 ], [ 8.91159463290175, 45.79094489087899 ], [ 8.911594943783511, 45.790944521139799 ], [ 8.911595303573545, 45.790944173786322 ], [ 8.911595709003047, 45.790943851974376 ], [ 8.911596156388551, 45.790943558627717 ], [ 8.911596641665419, 45.79094329641152 ], [ 8.911597160424748, 45.790943067708113 ], [ 8.911597707953446, 45.790942874595309 ], [ 8.911598279277033, 45.790942718827623 ], [ 8.91159886920485, 45.790942601820227 ], [ 8.911599472377212, 45.790942524636201 ], [ 8.911600083314102, 45.790942487976771 ], [ 8.911600696464962, 45.790942492175013 ], [ 8.911601306259115, 45.790942537192763 ], [ 8.911601907156387, 45.790942622621039 ], [ 8.911602493697428, 45.790942747683694 ], [ 8.911603060553324, 45.790942911244478 ], [ 8.912201762917464, 45.791139511314796 ], [ 8.912201907258956, 45.791139552718548 ], [ 8.912202043700555, 45.791139499805418 ], [ 8.912640201080697, 45.79094906340724 ], [ 8.913669480216143, 45.790501696136204 ], [ 8.913669619336035, 45.790501628230359 ], [ 8.913669720919472, 45.790501533188447 ], [ 8.914313468695223, 45.789827141065892 ], [ 8.914313589680107, 45.789827003924778 ], [ 8.914625419946955, 45.789443432178246 ], [ 8.915068712068676, 45.788898143927291 ], [ 8.915069072336193, 45.788897749925496 ], [ 8.91506948911119, 45.788897384210564 ], [ 8.915069957891907, 45.788897050732764 ], [ 8.915070473614859, 45.788896753094086 ], [ 8.915071030709511, 45.78889649450948 ], [ 8.915071623158461, 45.788896277771997 ], [ 8.915072244562426, 45.788896105222726 ], [ 8.915072888209377, 45.788895978725414 ], [ 8.915384445399098, 45.788846807733371 ], [ 8.915384554686387, 45.788846791182102 ], [ 8.91606986284904, 45.788747355003558 ], [ 8.916069902950037, 45.788747348998101 ], [ 8.916759792960757, 45.788640807419156 ], [ 8.918224617792982, 45.788408139249007 ], [ 8.918225209671501, 45.788408065388595 ], [ 8.918225808821511, 45.788408030508855 ], [ 8.918226410009334, 45.78840803491449 ], [ 8.918227007983493, 45.788408078567002 ], [ 8.918227597520579, 45.78840816108508 ], [ 8.918228173470887, 45.788408281747927 ], [ 8.918997424224619, 45.788597262280213 ], [ 8.918998039233946, 45.788597438835097 ], [ 8.918998624914007, 45.788597658851174 ], [ 8.919615107432731, 45.7888588136693 ], [ 8.919615238272122, 45.788858863415953 ], [ 8.919615383663251, 45.788858885941437 ], [ 8.920436928053444, 45.788958307563014 ], [ 8.920437499604994, 45.788958395630289 ], [ 8.920438057350212, 45.788958519673322 ], [ 8.920438596672589, 45.788958678665352 ], [ 8.920439113108094, 45.788958871290419 ], [ 8.921065321675968, 45.789218694660555 ], [ 8.92183948604181, 45.789539900028629 ], [ 8.921839614240884, 45.789539947810148 ], [ 8.921839759237603, 45.789539941717941 ], [ 8.92328019046154, 45.7894329399969 ], [ 8.923280335292199, 45.789432924476579 ], [ 8.923280446748539, 45.789432857940724 ], [ 8.924323196217536, 45.788749676408607 ], [ 8.92432354175588, 45.788749465671813 ], [ 8.925147301934281, 45.788282135670443 ], [ 8.925147460235454, 45.788282039718418 ], [ 8.925247203038369, 45.788217485497185 ], [ 8.925247682100261, 45.788217204404482 ], [ 8.925248197906367, 45.788216957176999 ], [ 8.925248745583648, 45.788216746150397 ], [ 8.925249319957969, 45.788216573318323 ], [ 8.925249915602969, 45.788216440313619 ], [ 8.925250526891347, 45.788216348392801 ], [ 8.925294648928329, 45.788211268689082 ], [ 8.925294794444405, 45.788211247010402 ], [ 8.925294918605605, 45.788211189664246 ], [ 8.925378343023748, 45.788168616388404 ], [ 8.925378582005262, 45.788168481749523 ], [ 8.925436239035607, 45.788132694166656 ], [ 8.925436557431249, 45.788132466343853 ], [ 8.925507029861405, 45.78807430986209 ], [ 8.925507491557562, 45.788073966977727 ], [ 8.925621441069813, 45.787997758516312 ], [ 8.925621613317999, 45.787997634091475 ], [ 8.925730947562023, 45.787912313657188 ], [ 8.925731054809541, 45.78791223201145 ], [ 8.925803413458159, 45.787858490713269 ], [ 8.925803718669082, 45.787858278701691 ], [ 8.926203191360194, 45.787598754908643 ], [ 8.926203308041357, 45.787598680944129 ], [ 8.926988153623741, 45.787113261867177 ], [ 8.926988260948798, 45.787113188957001 ], [ 8.926988347023181, 45.787113103356127 ], [ 8.927134202775072, 45.786952598057873 ], [ 8.927134625255233, 45.786952186337807 ], [ 8.927228039838312, 45.786871199236579 ], [ 8.927228158290502, 45.786871089879604 ], [ 8.927438741267194, 45.786663836077473 ], [ 8.927439160440303, 45.786663466248697 ], [ 8.927439632672415, 45.78666312916846 ], [ 8.927483180864156, 45.78663514359976 ], [ 8.927565069451889, 45.786582518252807 ], [ 8.92777372154409, 45.786447772176466 ], [ 8.927774137071545, 45.786447525787963 ], [ 8.927947383749911, 45.786353318154191 ], [ 8.928046656188018, 45.786299328741187 ], [ 8.928046702288459, 45.786299303902574 ], [ 8.928172885334366, 45.786231951058213 ], [ 8.928173108610087, 45.786231837104488 ], [ 8.92827578566812, 45.786181761965054 ], [ 8.928477109196942, 45.786083577310492 ], [ 8.928477149885151, 45.786083557629162 ], [ 8.928636302455502, 45.786007204670327 ], [ 8.928636413183414, 45.786007146457663 ], [ 8.928636498792299, 45.786007070282245 ], [ 8.928928549400542, 45.785722649041439 ], [ 8.929125347309188, 45.785530973751179 ], [ 8.929125734944222, 45.785530632401006 ], [ 8.929126167970148, 45.785530318894423 ], [ 8.929126642323121, 45.785530036173597 ], [ 8.930502143583881, 45.784787542151214 ], [ 8.930541498107059, 45.784766297511638 ], [ 8.930541657293388, 45.784766205731486 ], [ 8.931622882633109, 45.784100931977093 ], [ 8.93162299825352, 45.784100853228196 ], [ 8.931623074922136, 45.784100753891202 ], [ 8.932241571840406, 45.783192212922877 ], [ 8.932241650227846, 45.78319208817544 ], [ 8.932589652156107, 45.782589344130159 ], [ 8.932859736782868, 45.782112894590902 ], [ 8.932589717046861, 45.782589229902833 ], [ 8.932589668454767, 45.78258932938931 ], [ 8.932589779321734, 45.782589400356237 ], [ 8.932961948874217, 45.782805486631126 ], [ 8.93296206341428, 45.782805547263301 ], [ 8.932962196910458, 45.782805584338668 ], [ 8.93333488119081, 45.782895742612318 ], [ 8.933335033484964, 45.78289577349463 ], [ 8.933335151241543, 45.782895699201021 ], [ 8.933862869829133, 45.782527085564169 ], [ 8.933862910859528, 45.782527056377738 ], [ 8.93419692365983, 45.782285095252128 ], [ 8.93419738373886, 45.7822847931346 ], [ 8.934197883911525, 45.782284524010734 ], [ 8.934198419364611, 45.782284290470365 ], [ 8.9341989849454, 45.782284094760833 ], [ 8.934199575211244, 45.782283938765509 ], [ 8.934200184481954, 45.78228382398553 ], [ 8.934200806894454, 45.782283751525441 ], [ 8.934201436459205, 45.782283722082539 ], [ 8.934202067117839, 45.782283735940148 ], [ 8.934202692801462, 45.782283792964925 ], [ 8.934203307489053, 45.782283892608099 ], [ 8.934203905265413, 45.782284033910813 ], [ 8.934204480378073, 45.782284215513293 ], [ 8.934205027292666, 45.782284435667918 ], [ 8.934205540746175, 45.782284692256184 ], [ 8.934206015797583, 45.782284982808868 ], [ 8.934206447875418, 45.782285304529957 ], [ 8.934206832821749, 45.78228565432353 ], [ 8.934207166932199, 45.782286028823428 ], [ 8.934207446991582, 45.78228642442587 ], [ 8.934207670304858, 45.782286837323845 ], [ 8.934207834723059, 45.782287263544077 ], [ 8.93420793866397, 45.782287698984945 ], [ 8.934207981127354, 45.782288139456185 ], [ 8.934207961704582, 45.782288580719083 ], [ 8.934107665480546, 45.783165464633974 ], [ 8.934107661127133, 45.783165563405163 ], [ 8.934107773247296, 45.783165503311658 ], [ 8.934530353494473, 45.782915089100193 ], [ 8.934530880289795, 45.782914808195677 ], [ 8.934531445579944, 45.782914566684489 ], [ 8.934532043370725, 45.782914367127553 ], [ 8.934532667323317, 45.782914211640886 ], [ 8.935430455521866, 45.782726316837319 ], [ 8.935431096741393, 45.782726207367141 ], [ 8.935431750618983, 45.782726144449882 ], [ 8.935432410269421, 45.782726128748045 ], [ 8.93543306874669, 45.782726160426989 ], [ 8.935433719117134, 45.782726239153121 ], [ 8.936741272665396, 45.782933349428937 ], [ 8.936741899390112, 45.782933472318845 ], [ 8.93674250515571, 45.782933638894455 ], [ 8.936743083759449, 45.782933847450103 ], [ 8.936743629276718, 45.782934095850308 ], [ 8.936744136121691, 45.782934381551556 ], [ 8.936744599104525, 45.782934701628406 ], [ 8.936745013484511, 45.782935052803445 ], [ 8.937231788648798, 45.783392926047696 ], [ 8.937232029110005, 45.783393126682277 ], [ 8.937450307215336, 45.783555077786687 ], [ 8.937450420251325, 45.783555153648777 ], [ 8.937450572466782, 45.783555127807226 ], [ 8.937921126699781, 45.783457534175049 ], [ 8.93792172537999, 45.783457431558467 ], [ 8.937922335349979, 45.783457369506436 ], [ 8.937922951008421, 45.783457348588797 ], [ 8.93792356670175, 45.783457368997617 ], [ 8.937924176776077, 45.783457430545489 ], [ 8.93792477562911, 45.783457532667235 ], [ 8.93792535776161, 45.783457674425051 ], [ 8.937925917827872, 45.783457854517195 ], [ 8.937926450684833, 45.783458071289886 ], [ 8.937926951439284, 45.783458322752509 ], [ 8.937927415492819, 45.783458606595886 ], [ 8.937927838584049, 45.783458920213519 ], [ 8.937928216827745, 45.783459260725422 ], [ 8.937928546750504, 45.783459625004731 ], [ 8.937928825322661, 45.783460009706268 ], [ 8.93837593663568, 45.784158599930308 ], [ 8.938376012115926, 45.784158703086099 ], [ 8.938376140852991, 45.784158776005469 ], [ 8.939545512709053, 45.784753309358997 ], [ 8.939545622208561, 45.784753360366359 ], [ 8.939545737311605, 45.784753404927287 ], [ 8.94119157305386, 45.785330222976071 ], [ 8.941191793455962, 45.785330303988523 ], [ 8.941846979322083, 45.785582563358837 ], [ 8.941847121637293, 45.785582611846699 ], [ 8.941847279764204, 45.785582606770205 ], [ 8.942243271143001, 45.78555599509054 ], [ 8.94224391029346, 45.785555974502522 ], [ 8.942244549205471, 45.785555998440735 ], [ 8.942245181557618, 45.785556066668299 ], [ 8.942245801093387, 45.785556178510184 ], [ 8.942246401683068, 45.785556332859841 ], [ 8.942246977384412, 45.785556528190106 ], [ 8.942247522501409, 45.785556762568369 ], [ 8.94224803164065, 45.785557033675708 ], [ 8.943544398720856, 45.786321442676922 ], [ 8.943544530308049, 45.786321512462827 ], [ 8.943544679565134, 45.786321561869961 ], [ 8.944108005452941, 45.786483681594476 ], [ 8.944108144785659, 45.786483716361246 ], [ 8.944108237140783, 45.786483635514777 ], [ 8.944158577768391, 45.786434984809432 ], [ 8.944158964880423, 45.786434646300378 ], [ 8.944159396751271, 45.786434335420843 ], [ 8.944159869373397, 45.786434055055643 ], [ 8.944160378361111, 45.786433807806418 ], [ 8.944160918991267, 45.786433595967516 ], [ 8.944161486247097, 45.78643342150469 ], [ 8.944162074864757, 45.786433286036846 ], [ 8.944162679382181, 45.786433190821093 ], [ 8.944163294189758, 45.786433136740953 ], [ 8.944163913582388, 45.78643312429827 ], [ 8.944164531812429, 45.78643315360852 ], [ 8.944165143143024, 45.786433224399708 ], [ 8.944165741901342, 45.786433336014916 ], [ 8.944166322531213, 45.786433487418428 ], [ 8.944166879644689, 45.786433677205295 ], [ 8.94433329355572, 45.786497480044744 ], [ 8.944613341667266, 45.786604848665867 ], [ 8.944613481762156, 45.786604896091823 ], [ 8.944613570083256, 45.786604806438888 ], [ 8.945580531019996, 45.785508313764595 ], [ 8.945580825446726, 45.78550800857564 ], [ 8.945581154547545, 45.78550772124742 ], [ 8.945581516119486, 45.785507453703282 ], [ 8.945800713672476, 45.785358008510158 ], [ 8.945800806408666, 45.785357946532855 ], [ 8.94603408216145, 45.785205125794455 ], [ 8.946034121636778, 45.785205100149938 ], [ 8.94616541691088, 45.785120519592837 ], [ 8.946165652113113, 45.785120351332672 ], [ 8.946240540537916, 45.785060842826894 ], [ 8.946240611506475, 45.785060784458423 ], [ 8.946295893196655, 45.785013716617492 ], [ 8.946295925798015, 45.785013688399275 ], [ 8.946341534497583, 45.784973553979455 ], [ 8.946408147103661, 45.784914936676117 ], [ 8.94640834473338, 45.784914771075904 ], [ 8.946526721770907, 45.784820278018756 ], [ 8.946526944363823, 45.78482007875764 ], [ 8.946583565316825, 45.784763051054767 ], [ 8.946583952140404, 45.784762699749933 ], [ 8.946611067740278, 45.784740435438827 ], [ 8.946611480277172, 45.78474012725038 ], [ 8.946696886095205, 45.784682043114152 ], [ 8.946697306946026, 45.784681780975347 ], [ 8.946758230533874, 45.78464705702703 ], [ 8.946758344422634, 45.784646985142828 ], [ 8.946758237013757, 45.784646908531748 ], [ 8.94608872007063, 45.78421518241128 ], [ 8.946088279690141, 45.784214869277271 ], [ 8.946087885044241, 45.784214527594678 ], [ 8.946087539893394, 45.784214160619271 ], [ 8.946087247526441, 45.784213771847853 ], [ 8.946087010729258, 45.784213364984936 ], [ 8.946086831758214, 45.78421294390737 ], [ 8.946086712318669, 45.784212512627491 ], [ 8.946086653548727, 45.784212075254828 ], [ 8.946086656008388, 45.784211635957 ], [ 8.946086719674211, 45.784211198919913 ], [ 8.946086843939545, 45.784210768307979 ], [ 8.946087027620298, 45.784210348224356 ], [ 8.946087268966233, 45.784209942671914 ], [ 8.946087565677631, 45.784209555515048 ], [ 8.946219293647736, 45.784056156263013 ], [ 8.94621943370683, 45.784056000469249 ], [ 8.94627391416588, 45.783998062972493 ], [ 8.946273995587996, 45.783997971703215 ], [ 8.946572317183406, 45.783645053395361 ], [ 8.946572591853588, 45.783644755839099 ], [ 8.946852501005971, 45.783366221177936 ], [ 8.946852916922182, 45.783365850237878 ], [ 8.946853386021516, 45.783365511777056 ], [ 8.946931911869047, 45.783314495692856 ], [ 8.946932472661441, 45.783314170713972 ], [ 8.946933082358617, 45.783313892164692 ], [ 8.946933733146794, 45.783313663614855 ], [ 8.947584892778755, 45.783116423084515 ], [ 8.947585098055361, 45.783116363826593 ], [ 8.947680770728383, 45.783090088423982 ], [ 8.947680881306196, 45.7830900563809 ], [ 8.948341700707342, 45.782888402520719 ], [ 8.948341814945991, 45.782888363828704 ], [ 8.94834192445756, 45.782888318941559 ], [ 8.948685487340626, 45.782734416466042 ], [ 8.948685979918135, 45.782734216741474 ], [ 8.948686495807472, 45.782734048273795 ], [ 8.948687030967056, 45.782733912382838 ], [ 8.948687581204341, 45.782733810133195 ], [ 8.949308491116517, 45.782638788410289 ], [ 8.949308644880594, 45.782638759192785 ], [ 8.949308787328578, 45.782638709246399 ], [ 8.950557631557441, 45.782144884310071 ], [ 8.95055793548873, 45.782144747814719 ], [ 8.950864598047827, 45.781989334410802 ], [ 8.952292600223625, 45.781265450121083 ], [ 8.952292711906301, 45.781265388000605 ], [ 8.95229279608979, 45.781265307404126 ], [ 8.952421421165882, 45.781129855083947 ], [ 8.952421517559886, 45.781129756439952 ], [ 8.95251839583117, 45.781033388119099 ], [ 8.95251844411322, 45.781033338707246 ], [ 8.952679795129226, 45.780863403380707 ], [ 8.952679869642974, 45.780863316618088 ], [ 8.952679908128049, 45.78086321904307 ], [ 8.952732079331286, 45.78070296291483 ], [ 8.952732241508631, 45.780702554593546 ], [ 8.9527324578607, 45.780702158756696 ], [ 8.952732726468907, 45.780701778914555 ], [ 8.952733044951257, 45.78070141843552 ], [ 8.952733410483475, 45.780701080516266 ], [ 8.952733819824052, 45.780700768153451 ], [ 8.953457667392486, 45.780198115550391 ], [ 8.953457773562855, 45.780198034113084 ], [ 8.953457811450853, 45.780197927118479 ], [ 8.953697930800166, 45.779339211448907 ], [ 8.953697947414051, 45.77933914708214 ], [ 8.953719836594731, 45.779246676908841 ], [ 8.953719916600756, 45.779246395065606 ], [ 8.953744733909378, 45.779171558509923 ], [ 8.953744893091125, 45.779171161909055 ], [ 8.953745103434841, 45.779170777154448 ], [ 8.953745363178081, 45.779170407469906 ], [ 8.953745670144492, 45.779170055952974 ], [ 8.953746021762045, 45.779169725548961 ], [ 8.953746415084584, 45.779169419026282 ], [ 8.953746846816514, 45.779169138953236 ], [ 8.954220130262897, 45.778889172842121 ], [ 8.954220228989758, 45.778889109302959 ], [ 8.954220319786151, 45.778889040215361 ], [ 8.954451096864531, 45.778697990897328 ], [ 8.95477760703451, 45.778427685247919 ], [ 8.954777702934035, 45.778427597199389 ], [ 8.954777662606475, 45.778427490152261 ], [ 8.954633244852072, 45.778110099252423 ], [ 8.954610138917856, 45.778059319313812 ], [ 8.954516873250268, 45.77785446440032 ], [ 8.954516726601465, 45.777854086035802 ], [ 8.954516627568267, 45.777853700176479 ], [ 8.954516576902181, 45.77785330975037 ], [ 8.95451657498768, 45.777852917720239 ], [ 8.95452222905063, 45.777754438250611 ], [ 8.954522284593207, 45.77775400193115 ], [ 8.954522400495174, 45.777753571457112 ], [ 8.954522575658432, 45.777753150906911 ], [ 8.954522808423423, 45.777752744264994 ], [ 8.95452309658485, 45.777752355384017 ], [ 8.954523437412572, 45.777751987948406 ], [ 8.954523827677468, 45.777751645439366 ], [ 8.954524263682035, 45.777751331101918 ], [ 8.95452474129541, 45.777751047914222 ], [ 8.954525255992522, 45.777750798559296 ], [ 8.954525802896953, 45.777750585399616 ], [ 8.954526376827138, 45.777750410454722 ], [ 8.954921226969132, 45.777645735915769 ], [ 8.955030872923096, 45.777616669007564 ], [ 8.955031413492941, 45.777616544542511 ], [ 8.955031967670227, 45.777616454001048 ], [ 8.955032531116146, 45.777616398092029 ], [ 8.956407020847259, 45.777523180731556 ], [ 8.956407642373645, 45.777523159737683 ], [ 8.956408263890472, 45.777523180869636 ], [ 8.956408879579994, 45.777523243929579 ], [ 8.956409483679005, 45.77752334832725 ], [ 8.956410070532799, 45.777523493085418 ], [ 8.956410634648091, 45.777523676849079 ], [ 8.95641117074444, 45.777523897898099 ], [ 8.956411673803684, 45.777524154163309 ], [ 8.9564121391169, 45.777524443245944 ], [ 8.956412562328492, 45.777524762440038 ], [ 8.956412939476959, 45.777525108757722 ], [ 8.956413267031978, 45.777525478957294 ], [ 8.956413541927446, 45.777525869573459 ], [ 8.956413761590184, 45.777526276949835 ], [ 8.956413923964025, 45.777526697273146 ], [ 8.956437435476269, 45.77760181507233 ], [ 8.956437473924932, 45.777601915023418 ], [ 8.956437616624099, 45.777601942296165 ], [ 8.956701110692096, 45.777643036737572 ], [ 8.956701258169568, 45.777643054670207 ], [ 8.956701396339676, 45.777643014379827 ], [ 8.956786772085309, 45.777614737327816 ], [ 8.956787315626874, 45.777614578196186 ], [ 8.956787877699727, 45.777614454538501 ], [ 8.95678845358662, 45.777614367392523 ], [ 8.956789038454371, 45.777614317489665 ], [ 8.956882203643717, 45.777609385096248 ], [ 8.956882591054981, 45.777609372790337 ], [ 8.957421728522441, 45.777603632929811 ], [ 8.957421876978989, 45.777603626410652 ], [ 8.957421955862854, 45.777603538168108 ], [ 8.95748747496255, 45.777521867587701 ], [ 8.957487801404346, 45.777521502729641 ], [ 8.957488176170534, 45.777521161364426 ], [ 8.957488595832336, 45.777520846615218 ], [ 8.957554493268113, 45.777475935667027 ], [ 8.957554863532009, 45.777475702186713 ], [ 8.957555258523335, 45.777475489471051 ], [ 8.957645866014349, 45.777430495708678 ], [ 8.957646047495038, 45.777430408814674 ], [ 8.95774490772464, 45.777384790381589 ], [ 8.957745569413149, 45.777384523087768 ], [ 8.957746271731681, 45.777384312586079 ], [ 8.957904816207385, 45.777344411050322 ], [ 8.958062581434502, 45.777304414233811 ], [ 8.958063310766549, 45.777304262818255 ], [ 8.958256388329222, 45.777272736681667 ], [ 8.958256716255196, 45.777272689398913 ], [ 8.958355660227529, 45.777260292156718 ], [ 8.958356587357336, 45.777260224018676 ], [ 8.958477454106918, 45.777257507381279 ], [ 8.958478029265786, 45.777257512461347 ], [ 8.958478601475729, 45.777257553479302 ], [ 8.958479166159798, 45.777257630107066 ], [ 8.9585592037491, 45.777271115194331 ], [ 8.958559806982896, 45.777271238940664 ], [ 8.958560390070632, 45.777271403303587 ], [ 8.958560947441873, 45.777271606712915 ], [ 8.958561473771855, 45.777271847225379 ], [ 8.958561964032365, 45.777272122543295 ], [ 8.958695257561189, 45.777354786311399 ], [ 8.958695379312454, 45.777354854488053 ], [ 8.958695513698535, 45.777354799139324 ], [ 8.958740795416812, 45.777333936494216 ], [ 8.958741430701211, 45.777333678911823 ], [ 8.958742103801791, 45.777333473673508 ], [ 8.958942903188371, 45.777281573110223 ], [ 8.958943038597793, 45.777281533085379 ], [ 8.958943168200713, 45.777281484552674 ], [ 8.959271545068741, 45.777144613005333 ], [ 8.959271669080831, 45.777144555451144 ], [ 8.959271602098511, 45.777144462468506 ], [ 8.959086535312094, 45.77691580398416 ], [ 8.959086257784682, 45.776915419202382 ], [ 8.959086034134245, 45.776915017607834 ], [ 8.959085866412185, 45.776914602884133 ], [ 8.959085756156915, 45.776914178835291 ], [ 8.959085704379737, 45.776913749350832 ], [ 8.95908571155557, 45.776913318370156 ], [ 8.959085777618595, 45.776912889846372 ], [ 8.959085901962855, 45.77691246771009 ], [ 8.959086083447813, 45.776912055833286 ], [ 8.959086320408817, 45.776911657993857 ], [ 8.959086610672372, 45.776911277840959 ], [ 8.959086951576063, 45.776910918861475 ], [ 8.959087339992996, 45.776910584348116 ], [ 8.959087772360455, 45.776910277369169 ], [ 8.9590882447126, 45.776910000740358 ], [ 8.959088752716832, 45.776909756999025 ], [ 8.95943362883027, 45.776760751453473 ], [ 8.959434172106279, 45.776760541360446 ], [ 8.959434741795825, 45.776760368893129 ], [ 8.959435332592326, 45.776760235658053 ], [ 8.959435938992584, 45.776760142896265 ], [ 8.95943655534805, 45.776760091471843 ], [ 8.959437175917449, 45.776760081863813 ], [ 8.959437794920252, 45.776760114161647 ], [ 8.95943840659052, 45.776760188064493 ], [ 8.959439005230619, 45.776760302883993 ], [ 8.959439585264288, 45.776760457550573 ], [ 8.959440141288585, 45.776760650623565 ], [ 8.959440668124209, 45.776760880304479 ], [ 8.959441160863745, 45.776761144453907 ], [ 8.959585073621376, 45.776846310985547 ], [ 8.959585206767606, 45.776846381741635 ], [ 8.95958536468679, 45.776846420158464 ], [ 8.959796376928495, 45.776889213653646 ], [ 8.959796513601407, 45.776889236861223 ], [ 8.959796654192683, 45.77688923429271 ], [ 8.959918326349612, 45.776883253565288 ], [ 8.959988700721205, 45.776879794201683 ], [ 8.959989319018286, 45.776879784666107 ], [ 8.959989935765639, 45.776879816729846 ], [ 8.959990545260382, 45.776879890096417 ], [ 8.959991141866688, 45.77688000408741 ], [ 8.959991720067908, 45.776880157648776 ], [ 8.959992274517584, 45.776880349360596 ], [ 8.959992800088873, 45.77688057745015 ], [ 8.959993291921972, 45.776880839808364 ], [ 8.959993745469037, 45.776881134009294 ], [ 8.959994156536245, 45.776881457332529 ], [ 8.960133955972569, 45.77700268365281 ], [ 8.960367836830583, 45.777205491928775 ], [ 8.960367938796946, 45.77720557190019 ], [ 8.960368077030788, 45.777205525748109 ], [ 8.961059988615121, 45.776944343385139 ], [ 8.96106011495961, 45.77694429009766 ], [ 8.961060070282231, 45.776944191719615 ], [ 8.960897758088549, 45.776638189824112 ], [ 8.960711095921441, 45.776286276089216 ], [ 8.960710904351254, 45.776285851666621 ], [ 8.960710773631609, 45.776285416078196 ], [ 8.960710705041132, 45.776284973584595 ], [ 8.960710699250733, 45.776284528514068 ], [ 8.960710756317043, 45.77628408522002 ], [ 8.96071087568188, 45.776283648038458 ], [ 8.960711056177679, 45.77628322124567 ], [ 8.960711296038941, 45.776282809016259 ], [ 8.96071159291948, 45.776282415382447 ], [ 8.960711943915392, 45.776282044194474 ], [ 8.960712345593437, 45.776281699083121 ], [ 8.960712794024637, 45.776281383424063 ], [ 8.96071328482271, 45.776281100304864 ], [ 8.961068578190496, 45.776096010241432 ], [ 8.96106868938476, 45.77609594668494 ], [ 8.96106877235183, 45.776095864690845 ], [ 8.961299620420668, 45.775844481621938 ], [ 8.961299987429111, 45.775844122085552 ], [ 8.96130040305248, 45.775843789465334 ], [ 8.961300863284558, 45.775843486967432 ], [ 8.961380917520856, 45.775795823055603 ], [ 8.961498697060884, 45.775725697613758 ], [ 8.961498805393306, 45.77572562648745 ], [ 8.961498705582258, 45.775725549497579 ], [ 8.961386260579914, 45.775646854285583 ], [ 8.961332810915842, 45.77560944691654 ], [ 8.9613327043546, 45.775609378768486 ], [ 8.961332589467728, 45.77560931760182 ], [ 8.961162765344135, 45.775527074636344 ], [ 8.961162675036929, 45.775527032461817 ], [ 8.961096339640124, 45.775497173311834 ], [ 8.960833197481209, 45.77537872463845 ], [ 8.960833106587916, 45.775378685204082 ], [ 8.960750598930522, 45.775344204751462 ], [ 8.960696980135076, 45.775321776428243 ], [ 8.960629050400172, 45.775293441092174 ], [ 8.960628850851167, 45.775293364421515 ], [ 8.960259424155947, 45.775163115612621 ], [ 8.960258869901718, 45.775162895453697 ], [ 8.960258349508901, 45.77516263798816 ], [ 8.960257868087986, 45.775162345744434 ], [ 8.960257430366736, 45.775162021592493 ], [ 8.96025704064377, 45.775161668715647 ], [ 8.960256702746328, 45.775161290579284 ], [ 8.960256419992717, 45.775160890896892 ], [ 8.960256195159698, 45.77516047359353 ], [ 8.960256030455227, 45.77516004276729 ], [ 8.960255927496775, 45.775159602649055 ], [ 8.960255887295432, 45.775159157561021 ], [ 8.960255910246, 45.775158711874091 ], [ 8.960255996123086, 45.775158269965168 ], [ 8.960256144083344, 45.775157836173939 ], [ 8.960256352673731, 45.775157414760443 ], [ 8.960256619845801, 45.775157009863165 ], [ 8.960256942975805, 45.775156625458344 ], [ 8.960257318890466, 45.775156265321002 ], [ 8.960397830389315, 45.775034779950452 ], [ 8.960398107710539, 45.775034555710256 ], [ 8.96077885244217, 45.774746443636275 ], [ 8.960778979789245, 45.774746341239215 ], [ 8.960837146571206, 45.774696617377295 ], [ 8.960918649992861, 45.774626943383694 ], [ 8.960918723347227, 45.774626881803187 ], [ 8.961021991438002, 45.774541742229673 ], [ 8.961022067939899, 45.77454168030777 ], [ 8.961142186963276, 45.774446222400144 ], [ 8.961142830118439, 45.774445778471673 ], [ 8.961243226884259, 45.774385606386382 ], [ 8.961243792121136, 45.774385303886767 ], [ 8.961384323970144, 45.774318379664557 ], [ 8.961384782184663, 45.774318180595415 ], [ 8.961385262624102, 45.774318009093193 ], [ 8.96153168070726, 45.774271047665259 ], [ 8.961532226064575, 45.774270893455387 ], [ 8.961680814678585, 45.77423431377958 ], [ 8.961681020378608, 45.774234257511935 ], [ 8.961854218642484, 45.774182012427346 ], [ 8.963095637891552, 45.773807528794435 ], [ 8.963095786889967, 45.773807477260142 ], [ 8.963095917457267, 45.773807405294676 ], [ 8.963218549642555, 45.773732262219248 ], [ 8.963218666905064, 45.773732182574676 ], [ 8.963218744189165, 45.773732081817869 ], [ 8.963291778623383, 45.77362389629733 ], [ 8.963292086620651, 45.773623494198823 ], [ 8.963292451210675, 45.773623115987697 ], [ 8.963433564452448, 45.773491634154837 ], [ 8.963433681270478, 45.773491517828155 ], [ 8.96355624966152, 45.77336087523485 ], [ 8.963556322202516, 45.773360799594904 ], [ 8.963655975590067, 45.77325912793313 ], [ 8.963656082144794, 45.773259011729408 ], [ 8.963795414933777, 45.773096281824863 ], [ 8.963795723698439, 45.773095954467067 ], [ 8.963913864213044, 45.772981846658944 ], [ 8.963913954741695, 45.772981748907711 ], [ 8.963914030290212, 45.772981645111507 ], [ 8.964121092711723, 45.77265641146758 ], [ 8.964121433858761, 45.77265594945645 ], [ 8.964626949746602, 45.772058695537353 ], [ 8.964854302155501, 45.771787403369643 ], [ 8.964854382508088, 45.771787294186865 ], [ 8.964854445309156, 45.771787179507264 ], [ 8.964976652997104, 45.771521252176363 ], [ 8.964976883705559, 45.771520825630972 ], [ 8.96497717492014, 45.771520417616934 ], [ 8.964977523649965, 45.771520032324702 ], [ 8.964977926313455, 45.771519673711353 ], [ 8.964978378775097, 45.771519345460021 ], [ 8.965083633340717, 45.771450351445417 ], [ 8.965084107657825, 45.771450069412658 ], [ 8.965084618713609, 45.771449820789449 ], [ 8.965085161720774, 45.771449607904785 ], [ 8.965085731592714, 45.771449432752824 ], [ 8.965086322991171, 45.771449296974318 ], [ 8.965086930376236, 45.771449201841158 ], [ 8.965087548058248, 45.771449148244514 ], [ 8.965639669009162, 45.77142013325232 ], [ 8.965639816539491, 45.771420120537485 ], [ 8.965639874629961, 45.771420024786657 ], [ 8.965812459041729, 45.771093139214905 ], [ 8.965812701181232, 45.771092740700816 ], [ 8.965812996932057, 45.771092360318299 ], [ 8.965813343555798, 45.771092001589388 ], [ 8.965813737843003, 45.771091667835627 ], [ 8.965814176142901, 45.771091362147274 ], [ 8.9659257484123, 45.771020699988846 ], [ 8.965926252166966, 45.771020411995863 ], [ 8.965926794917674, 45.771020161089822 ], [ 8.965927371111256, 45.771019949837871 ], [ 8.965927974852374, 45.771019780401431 ], [ 8.965928599963835, 45.771019654514092 ], [ 8.9659292400498, 45.77101957346386 ], [ 8.965929888561211, 45.77101953808004 ], [ 8.965930538862814, 45.771019548724645 ], [ 8.965931184301033, 45.771019605288778 ], [ 8.965931818272049, 45.771019707193652 ], [ 8.965932434289376, 45.77101985339668 ], [ 8.965933026050216, 45.771020042401958 ], [ 8.96625180943113, 45.771135832937901 ], [ 8.966251944047901, 45.771135876235142 ], [ 8.966252034773049, 45.771135794269007 ], [ 8.966671334916292, 45.770716944215117 ], [ 8.96667172323845, 45.770716594313242 ], [ 8.966672158840709, 45.770716272827407 ], [ 8.966672637501457, 45.770715982873256 ], [ 8.966673154581791, 45.770715727260871 ], [ 8.96667370507047, 45.770715508467475 ], [ 8.966674283632472, 45.770715328613512 ], [ 8.966674884660708, 45.770715189442015 ], [ 8.966675502330361, 45.770715092301749 ], [ 8.966676130655335, 45.770715038134156 ], [ 8.966676763546264, 45.770715027464163 ], [ 8.966677394869537, 45.770715060395212 ], [ 8.966678018506732, 45.770715136608146 ], [ 8.966678628413922, 45.770715255364351 ], [ 8.966679218680232, 45.770715415512889 ], [ 8.966679783585148, 45.770715615501722 ], [ 8.966680317653934, 45.770715853392694 ], [ 8.967410170010069, 45.771077462475709 ], [ 8.96741029258928, 45.77107751718664 ], [ 8.967410335907315, 45.771077420063015 ], [ 8.967446578413417, 45.770979813001475 ], [ 8.967446611958048, 45.770979698278069 ], [ 8.96744661066635, 45.770979581181024 ], [ 8.967438887691326, 45.770889774465118 ], [ 8.967438878571004, 45.770889693068774 ], [ 8.967435182619054, 45.770862944814617 ], [ 8.967435167577758, 45.770862854886161 ], [ 8.967419926621073, 45.770785284342075 ], [ 8.967419903460286, 45.770785194002947 ], [ 8.967419869832886, 45.770785105289612 ], [ 8.967211789130323, 45.770314662681905 ], [ 8.967211654000954, 45.770314306010825 ], [ 8.967211561078786, 45.770313942791404 ], [ 8.967067251170722, 45.769576759775276 ], [ 8.96706722109133, 45.769576579006554 ], [ 8.966987953248063, 45.768998718653073 ], [ 8.966970400438452, 45.768870583982995 ], [ 8.96697037115902, 45.768870133570431 ], [ 8.966970406425309, 45.76886968336801 ], [ 8.966970505883332, 45.768869237894663 ], [ 8.966970668534776, 45.768868801621778 ], [ 8.966970892747028, 45.768868378928502 ], [ 8.96697117626956, 45.768867974057578 ], [ 8.96697151625651, 45.76886759107289 ], [ 8.966971909295262, 45.768867233818668 ], [ 8.966972351440688, 45.768866905880849 ], [ 8.966972838254756, 45.7688666105511 ], [ 8.966973364851073, 45.768866350793779 ], [ 8.966973925943931, 45.768866129216228 ], [ 8.966974515901359, 45.768865948042489 ], [ 8.966975128801666, 45.768865809091132 ], [ 8.966975758492866, 45.768865713756881 ], [ 8.96697639865444, 45.76886566299661 ], [ 8.967061217177443, 45.768861935915155 ], [ 8.968764674654524, 45.768787065460032 ], [ 8.968764817653435, 45.768787054264351 ], [ 8.968764738193553, 45.768786970310408 ], [ 8.968580433719024, 45.76861143462105 ], [ 8.968580083779635, 45.768611064352001 ], [ 8.968579787669198, 45.768610671755532 ], [ 8.96857954826906, 45.768610260651904 ], [ 8.968579367908744, 45.768609835041403 ], [ 8.96857924834327, 45.768609399065532 ], [ 8.968579190736087, 45.768608956966588 ], [ 8.968579195647749, 45.76860851304648 ], [ 8.968579263030461, 45.768608071624868 ], [ 8.968579392228547, 45.768607636997068 ], [ 8.96857958198482, 45.768607213392272 ], [ 8.968579830452825, 45.768606804932446 ], [ 8.968580135214808, 45.768606415592188 ], [ 8.968580493305231, 45.768606049159992 ], [ 8.96858090123964, 45.768605709201545 ], [ 8.968679982039887, 45.768530958360259 ], [ 8.968680077953083, 45.768530878608637 ], [ 8.968679987699961, 45.768530795684399 ], [ 8.968576101004775, 45.768444333945808 ], [ 8.968575700858661, 45.768443963715207 ], [ 8.968575357336894, 45.768443566606337 ], [ 8.968575074094538, 45.768443146844426 ], [ 8.968574854145288, 45.768442708895726 ], [ 8.968574699829405, 45.768442257420041 ], [ 8.9685746127888, 45.76844179722103 ], [ 8.968574593949587, 45.768441333195213 ], [ 8.968574643512213, 45.768440870279854 ], [ 8.968613227984662, 45.768228355353024 ], [ 8.968613239351479, 45.768228261027694 ], [ 8.968613227886658, 45.768228166708155 ], [ 8.968588774842607, 45.768094262515227 ], [ 8.968588744949795, 45.768094147240255 ], [ 8.968588681430177, 45.768094038843778 ], [ 8.968302893741303, 45.767670953322714 ], [ 8.968302825675611, 45.767670863438227 ], [ 8.968302707892942, 45.767670803826498 ], [ 8.968137922833165, 45.767595184115166 ], [ 8.967835258419237, 45.76745629100995 ], [ 8.967834764429444, 45.767456040070378 ], [ 8.9678343066628, 45.767455757480626 ], [ 8.967833889244101, 45.767455445787057 ], [ 8.967833515934585, 45.767455107798241 ], [ 8.967833190098027, 45.767454746559686 ], [ 8.967832914670442, 45.767454365326408 ], [ 8.967832692133628, 45.767453967533598 ], [ 8.967692275572668, 45.767162982257204 ], [ 8.967692221892664, 45.767162886337367 ], [ 8.967692076049889, 45.767162900256658 ], [ 8.967615463650896, 45.767172831265064 ], [ 8.967615319685748, 45.767172854905461 ], [ 8.967615276086766, 45.767172953797115 ], [ 8.967603285760404, 45.76720555061096 ], [ 8.967603094859772, 45.767205979617579 ], [ 8.967602843784512, 45.767206393163072 ], [ 8.9676025350375, 45.767206787124934 ], [ 8.967602171696521, 45.767207157575939 ], [ 8.967601757383589, 45.767207500823154 ], [ 8.967601296228834, 45.767207813444898 ], [ 8.967600792829343, 45.767208092324744 ], [ 8.96760025220332, 45.767208334682664 ], [ 8.96759967974007, 45.767208538102665 ], [ 8.967599081146272, 45.767208700556921 ], [ 8.967598462389084, 45.767208820425985 ], [ 8.967511103996021, 45.767222498732473 ], [ 8.96751047546468, 45.767222574463077 ], [ 8.967509839305706, 45.767222606245852 ], [ 8.967509201777114, 45.767222593768153 ], [ 8.967508569150397, 45.767222537152747 ], [ 8.967507947648821, 45.76722243695653 ], [ 8.967507343386215, 45.76722229416518 ], [ 8.967506762306826, 45.767222110183361 ], [ 8.967506210126841, 45.767221886820934 ], [ 8.967505692278161, 45.767221626275138 ], [ 8.967505213854958, 45.767221331109049 ], [ 8.967504779563573, 45.767221004226244 ], [ 8.967504393676208, 45.76722064884234 ], [ 8.967504059988915, 45.767220268453308 ], [ 8.967503781784231, 45.767219866801121 ], [ 8.96750356179891, 45.767219447836887 ], [ 8.96741584900855, 45.767022775513603 ], [ 8.967415792572726, 45.767022668535269 ], [ 8.967415692603868, 45.767022578483306 ], [ 8.967331489063413, 45.766954245792739 ], [ 8.96733112131859, 45.766953917789685 ], [ 8.967330798523687, 45.766953567376149 ], [ 8.967330523449146, 45.766953197559602 ], [ 8.967330298455837, 45.766952811514066 ], [ 8.967244800393553, 45.766784165539327 ], [ 8.967244650230018, 45.7667838277603 ], [ 8.967244538438409, 45.766783482770208 ], [ 8.967112079681094, 45.766284527120135 ], [ 8.967111984277796, 45.766283988739275 ], [ 8.967111982130429, 45.766283446235846 ], [ 8.967154572273854, 45.765765976756299 ], [ 8.967154647366508, 45.765765503115901 ], [ 8.967154793598738, 45.765765037688354 ], [ 8.967155009330856, 45.76576458569243 ], [ 8.967155292143877, 45.765764152196319 ], [ 8.967155638866641, 45.765763742060798 ], [ 8.967193309573762, 45.765724129247346 ], [ 8.967408213962445, 45.765498142503077 ], [ 8.967408293801087, 45.765498048888453 ], [ 8.967408301133528, 45.765497939986268 ], [ 8.967407340787414, 45.765164454649856 ], [ 8.967407368296396, 45.765164029641944 ], [ 8.967407453025055, 45.765163608351259 ], [ 8.967407594216176, 45.765163194542836 ], [ 8.967407790607938, 45.765162791914911 ], [ 8.967408040445191, 45.76516240406572 ], [ 8.967408341495142, 45.76516203446149 ], [ 8.967408691067323, 45.765161686405357 ], [ 8.967409086037613, 45.76516136300787 ], [ 8.967409522876173, 45.765161067159212 ], [ 8.967409997678995, 45.765160801503413 ], [ 8.967410506202778, 45.765160568414608 ], [ 8.967564642986144, 45.7650969926827 ], [ 8.967564773471079, 45.765096932652433 ], [ 8.967564873522175, 45.765096848744953 ], [ 8.967720892200733, 45.764952154253265 ], [ 8.967720976360901, 45.764952068018204 ], [ 8.967720967144016, 45.764951963785634 ], [ 8.967662436608244, 45.764577725928724 ], [ 8.967662394054122, 45.764577532272739 ], [ 8.967604047568196, 45.764372041691864 ], [ 8.967603953144, 45.764371590727521 ], [ 8.967603924375688, 45.764371135391421 ], [ 8.96760396155833, 45.764370680353935 ], [ 8.967604064310549, 45.764370230282346 ], [ 8.967604231578415, 45.764369789793001 ], [ 8.967604461646271, 45.764369363404001 ], [ 8.967604752154319, 45.764368955488791 ], [ 8.96760510012283, 45.764368570231362 ], [ 8.967893425074875, 45.764082520899684 ], [ 8.967893774732683, 45.764082204800033 ], [ 8.967894163089586, 45.764081911664853 ], [ 8.967894587081206, 45.764081643807124 ], [ 8.968375790492356, 45.763803764423137 ], [ 8.968375929915165, 45.763803673628836 ], [ 8.968376052941311, 45.763803571885845 ], [ 8.968505104288436, 45.76368296812786 ], [ 8.968505357760558, 45.763682691073669 ], [ 8.968918239968517, 45.763149007351537 ], [ 8.968918567638099, 45.763148629409123 ], [ 8.968918946706863, 45.763148275791842 ], [ 8.968919373516908, 45.763147949911961 ], [ 8.968919843949651, 45.763147654914135 ], [ 8.969014980657589, 45.763093650555518 ], [ 8.969015574672131, 45.763093350931562 ], [ 8.969016213504187, 45.763093100517786 ], [ 8.969016888869801, 45.76309290256139 ], [ 8.969158580927258, 45.763057863684516 ], [ 8.969158727019032, 45.763057821704933 ], [ 8.969158813815172, 45.763057729362281 ], [ 8.969243330663735, 45.762957217498631 ], [ 8.969243397338435, 45.762957129447301 ], [ 8.969243428382807, 45.762957032191537 ], [ 8.969281187185057, 45.762807746260329 ], [ 8.9692813329158, 45.762807302325726 ], [ 8.969281542014764, 45.762806870975623 ], [ 8.96928181233986, 45.762806456629001 ], [ 8.96928214112177, 45.76280606353054 ], [ 8.96928252499233, 45.762805695707314 ], [ 8.96928296001902, 45.762805356927423 ], [ 8.969283441745262, 45.76280505066147 ], [ 8.96928396523607, 45.762804780046963 ], [ 8.969284525128604, 45.762804547856156 ], [ 8.969582092279207, 45.762694987387256 ], [ 8.969582237516025, 45.762694926815712 ], [ 8.969582348333564, 45.762694837449132 ], [ 8.969611631532159, 45.762668521533627 ], [ 8.969611883389437, 45.762668258987986 ], [ 8.969639689013867, 45.762634337311319 ], [ 8.969640001996108, 45.762633992711578 ], [ 8.969640358316024, 45.762633669386275 ], [ 8.969640755040162, 45.762633369997197 ], [ 8.969641188902436, 45.762633097009115 ], [ 8.969641656331023, 45.762632852669476 ], [ 8.969642153477746, 45.762632638989793 ], [ 8.969705786283447, 45.762607998611116 ], [ 8.969705916790927, 45.762607942109554 ], [ 8.969705967416964, 45.762607840715511 ], [ 8.969778197687196, 45.76243692062684 ], [ 8.969778421491444, 45.762436477544306 ], [ 8.969778710091935, 45.762436053213378 ], [ 8.969779060341503, 45.762435652261281 ], [ 8.9697794684207, 45.762435279060433 ], [ 8.969779929879456, 45.762434937680503 ], [ 8.969780439685595, 45.762434631844279 ], [ 8.969922297502844, 45.762358148927859 ], [ 8.969922434640271, 45.762358065886531 ], [ 8.969922541499242, 45.762357963343248 ], [ 8.969922532903533, 45.762357972661285 ], [ 8.969922450758023, 45.762358072754616 ], [ 8.969922433309709, 45.762358187538219 ], [ 8.969920156566632, 45.762387629698615 ], [ 8.969920156104561, 45.762387741420689 ], [ 8.969920292172917, 45.762387799830776 ], [ 8.971542425404037, 45.763006521447657 ], [ 8.971711806897385, 45.763071125664105 ], [ 8.971712331732981, 45.763071349240548 ], [ 8.971712823684078, 45.763071606857217 ], [ 8.971713278258839, 45.763071896161925 ], [ 8.971713691306697, 45.763072214513102 ], [ 8.971714059056248, 45.76307255900403 ], [ 8.971714378149699, 45.763072926489251 ], [ 8.971714645673512, 45.763073313613397 ], [ 8.971714859185019, 45.763073716841774 ], [ 8.971715016734722, 45.763074132492626 ], [ 8.97175429012896, 45.763202137561493 ], [ 8.971754374008421, 45.763202471942854 ], [ 8.971754421634829, 45.763202809798415 ], [ 8.971843327453284, 45.764228057405568 ], [ 8.971869848310277, 45.764533880028239 ], [ 8.971869865981786, 45.764533990720224 ], [ 8.971869992759059, 45.764534058044028 ], [ 8.972389408730972, 45.764781921969423 ], [ 8.972389792160392, 45.764782119890796 ], [ 8.972390153598692, 45.764782337139188 ], [ 8.972786543225929, 45.765039050076311 ], [ 8.972786872634238, 45.765039279415994 ], [ 8.973238967990531, 45.765377641216801 ], [ 8.973562749149607, 45.765619962034606 ], [ 8.973562879020921, 45.765620048874631 ], [ 8.973563033319593, 45.765620113225282 ], [ 8.974491453012869, 45.765959294778128 ], [ 8.974491577201666, 45.765959337789916 ], [ 8.974657022970632, 45.766013563925689 ], [ 8.974657546648457, 45.766013756598767 ], [ 8.975711526585169, 45.766445966820307 ], [ 8.975711659657197, 45.766446022910756 ], [ 8.976508752290696, 45.766791246544386 ], [ 8.976688682498471, 45.766869173815536 ], [ 8.976688801244618, 45.766869220477048 ], [ 8.976688929567082, 45.7668692523904 ], [ 8.976747398012629, 45.766881860624117 ], [ 8.97674799536173, 45.766882012435772 ], [ 8.976748568381742, 45.76688220477336 ], [ 8.977813807967758, 45.767286223591022 ], [ 8.977814334341875, 45.767286446665452 ], [ 8.977814827838584, 45.767286703931433 ], [ 8.977815283938586, 45.767286993032954 ], [ 8.977815698465047, 45.767287311322548 ], [ 8.977816067621866, 45.767287655885404 ], [ 8.977816388028407, 45.767288023566124 ], [ 8.977816656750484, 45.767288410997573 ], [ 8.977816871327219, 45.76728881463179 ], [ 8.977817029793579, 45.76728923077242 ], [ 8.97781713069838, 45.76728965560855 ], [ 8.977817173117558, 45.76729008524967 ], [ 8.977817156662653, 45.767290515761253 ], [ 8.977817081484353, 45.767290943200798 ], [ 8.977816948271119, 45.767291363653953 ], [ 8.977816758242872, 45.767291773270308 ], [ 8.977704966276114, 45.767498498159377 ], [ 8.977624939229194, 45.76764694373874 ], [ 8.97762487067142, 45.767647084906294 ], [ 8.977565924016087, 45.767783098696896 ], [ 8.977565873239246, 45.767783230034965 ], [ 8.977523766837425, 45.767906855890075 ], [ 8.977523722835395, 45.76790700823976 ], [ 8.977460479316241, 45.768172995913453 ], [ 8.977460457575557, 45.76817310326571 ], [ 8.977430948380418, 45.768349272063809 ], [ 8.97743088029671, 45.768349583688192 ], [ 8.977342366637401, 45.768677405768578 ], [ 8.97734235897002, 45.768677435239432 ], [ 8.977304427132315, 45.76882894794749 ], [ 8.977304408770761, 45.768829047197833 ], [ 8.977304415919605, 45.768829147151443 ], [ 8.977312783048673, 45.768890793268383 ], [ 8.977312847972032, 45.768891077163829 ], [ 8.977333791709638, 45.768955803524442 ], [ 8.977333840366116, 45.768955922811692 ], [ 8.977333907561709, 45.768956037604944 ], [ 8.9773632366937, 45.768999168517233 ], [ 8.977363296919306, 45.768999248597297 ], [ 8.977363366164422, 45.768999325023159 ], [ 8.977396911652862, 45.769033244836386 ], [ 8.977397018694038, 45.769033346818794 ], [ 8.977434745984247, 45.769067249740516 ], [ 8.977434856953735, 45.769067339213713 ], [ 8.977435002421476, 45.769067399815526 ], [ 8.977493651674203, 45.769088965445448 ], [ 8.977493801715397, 45.769089013863393 ], [ 8.97749396276846, 45.769089039679081 ], [ 8.977569412571043, 45.769098290520809 ], [ 8.977569599206106, 45.769098305570772 ], [ 8.977569787075193, 45.769098305213618 ], [ 8.977641037322419, 45.769095238017961 ], [ 8.977641356154615, 45.769095213063103 ], [ 8.978562655282799, 45.768990285587336 ], [ 8.978563206822988, 45.768990239776613 ], [ 8.97856376195441, 45.768990227443936 ], [ 8.978564316535834, 45.768990248681305 ], [ 8.979374959245183, 45.769045943393479 ], [ 8.979375578741342, 45.769046007394209 ], [ 8.979376186405243, 45.769046113260529 ], [ 8.979376776474439, 45.769046259988485 ], [ 8.979377343353338, 45.769046446186664 ], [ 8.979826607619096, 45.769213152221631 ], [ 8.97982677050028, 45.769213204683204 ], [ 8.979826945992752, 45.76921323041686 ], [ 8.981342795858128, 45.769373926573714 ], [ 8.981343406101088, 45.769374012588003 ], [ 8.981344001601137, 45.76937413949225 ], [ 8.98134457677801, 45.769374306097262 ], [ 8.981345126241887, 45.769374510841843 ], [ 8.981345644843895, 45.769374751807376 ], [ 8.981346127724354, 45.769375026735858 ], [ 8.98134657035833, 45.769375333051009 ], [ 8.981346968598022, 45.769375667882407 ], [ 8.981347318711631, 45.769376028092459 ], [ 8.981347617418344, 45.769376410305725 ], [ 8.981347861919058, 45.769376810940621 ], [ 8.981348049922628, 45.769377226242895 ], [ 8.981389000754568, 45.769485661613054 ], [ 8.981389051823612, 45.769485772822797 ], [ 8.981389163312656, 45.769485859755136 ], [ 8.981481540775757, 45.769550688609463 ], [ 8.981481667674377, 45.769550768563796 ], [ 8.981481830669017, 45.769550804169626 ], [ 8.982370020937115, 45.76970869370345 ], [ 8.982370189523873, 45.769708717015895 ], [ 8.982370360708485, 45.769708727555383 ], [ 8.982891314376811, 45.769721157606519 ], [ 8.982892022823361, 45.769721202054214 ], [ 8.982892719921917, 45.769721300985424 ], [ 8.982893397143878, 45.76972145318981 ], [ 8.983402968591497, 45.769858161425113 ], [ 8.983403561347711, 45.769858344930725 ], [ 8.983404124697124, 45.769858569262873 ], [ 8.983404652916539, 45.769858832142496 ], [ 8.983405140639659, 45.769859130898936 ], [ 8.983405582911585, 45.769859462497095 ], [ 8.98346723394668, 45.769910629217023 ], [ 8.983467332732163, 45.769910704003472 ], [ 8.983467456711523, 45.769910757335715 ], [ 8.983950684863306, 45.77009795018958 ], [ 8.983951215494473, 45.770098179959447 ], [ 8.983951711806554, 45.770098444638641 ], [ 8.983952169126509, 45.770098741735048 ], [ 8.983952583148413, 45.770099068451351 ], [ 8.983952949974025, 45.770099421711315 ], [ 8.983953266149484, 45.770099798188852 ], [ 8.983953528697821, 45.770100194339179 ], [ 8.983953735147001, 45.770100606432337 ], [ 8.983953883553188, 45.770101030588236 ], [ 8.983953972519057, 45.770101462813244 ], [ 8.983954001206943, 45.770101899037677 ], [ 8.983953969346732, 45.770102335154291 ], [ 8.98395387723841, 45.770102767056791 ], [ 8.983953725749219, 45.770103190678569 ], [ 8.98395351630551, 45.770103602031 ], [ 8.983923321747099, 45.770154887176233 ], [ 8.983923269727086, 45.77015498974275 ], [ 8.983923364365122, 45.770155076106924 ], [ 8.984277641777998, 45.770447066259656 ], [ 8.984277744714108, 45.770447143079686 ], [ 8.984277853789219, 45.770447070527027 ], [ 8.984554377454455, 45.770244069061697 ], [ 8.984554497787446, 45.770243983055387 ], [ 8.984582072301389, 45.770224794741267 ], [ 8.984582553845273, 45.770224491819199 ], [ 8.984583076476142, 45.770224224321126 ], [ 8.98458363489552, 45.770223994958968 ], [ 8.984584223442113, 45.77022380605802 ], [ 8.984584836149189, 45.770223659533357 ], [ 8.984585466805077, 45.770223556870455 ], [ 8.984586109016142, 45.770223499110131 ], [ 8.984586756271602, 45.770223486837978 ], [ 8.984587402009531, 45.770223520178384 ], [ 8.984588039683389, 45.770223598793329 ], [ 8.984588662828392, 45.770223721885856 ], [ 8.984589265127051, 45.770223888208008 ], [ 8.984589840473213, 45.770224096073612 ], [ 8.984590383033979, 45.770224343375318 ], [ 8.984806016937899, 45.770333831388442 ], [ 8.98497903095959, 45.770421678990488 ], [ 8.984979097679796, 45.7704217119703 ], [ 8.985090159371445, 45.770475142853421 ], [ 8.985090845357274, 45.77047552347959 ], [ 8.985158515209177, 45.770518633618231 ], [ 8.985158640296611, 45.770518715464817 ], [ 8.985217746727207, 45.770558434945578 ], [ 8.985218154840585, 45.770558735693612 ], [ 8.985218521657048, 45.770559061457995 ], [ 8.985265703004607, 45.770605185644079 ], [ 8.985265798516481, 45.770605270111027 ], [ 8.985265915361298, 45.770605340225508 ], [ 8.985341652769099, 45.770646532406609 ], [ 8.985341780800766, 45.770646595137237 ], [ 8.985341930717629, 45.770646564217955 ], [ 8.985383902738388, 45.770636291088742 ], [ 8.985384796092065, 45.770636121807613 ], [ 8.98552580690856, 45.770616896925311 ], [ 8.985526641116916, 45.770616822398139 ], [ 8.985611675593677, 45.770613155636973 ], [ 8.985663982587011, 45.77061089979739 ], [ 8.985664082667494, 45.77061089602882 ], [ 8.985846809858439, 45.770605014205934 ], [ 8.985847454319254, 45.77060501608409 ], [ 8.985848095275166, 45.770605063094429 ], [ 8.985848726288809, 45.770605154764802 ], [ 8.985849341022671, 45.770605290174522 ], [ 8.985849933302742, 45.770605467963641 ], [ 8.986347819450016, 45.770776073291238 ], [ 8.986348372784621, 45.770776287099388 ], [ 8.986348893453192, 45.770776537889873 ], [ 8.986349376425609, 45.770776823239835 ], [ 8.986349817035931, 45.770777140392518 ], [ 8.986350211027473, 45.770777486283961 ], [ 8.986350554593921, 45.770777857572547 ], [ 8.986350844416124, 45.770778250671299 ], [ 8.98635107769414, 45.770778661782522 ], [ 8.986351252174293, 45.770779086934539 ], [ 8.986351366170952, 45.770779522019978 ], [ 8.986351418582805, 45.770779962835554 ], [ 8.98637507156144, 45.771268766395274 ], [ 8.986375079025617, 45.771268861311334 ], [ 8.986550075600563, 45.772874877505835 ], [ 8.986550092873326, 45.772875311648647 ], [ 8.986550050264137, 45.772875744934922 ], [ 8.986549948169827, 45.772876173329294 ], [ 8.986549787541247, 45.772876592841961 ], [ 8.98654956987439, 45.772876999565788 ], [ 8.986549297196479, 45.772877389712818 ], [ 8.986548972047077, 45.772877759649454 ], [ 8.986548597454432, 45.772878105930317 ], [ 8.986548176907275, 45.772878425330326 ], [ 8.986547714322343, 45.772878714874821 ], [ 8.986505100466402, 45.772902902263574 ], [ 8.986504885020597, 45.772903036190328 ], [ 8.986449499547184, 45.772940706314962 ], [ 8.986449222557361, 45.772940920606146 ], [ 8.986408244921771, 45.772977041434615 ], [ 8.986408152102035, 45.772977132182262 ], [ 8.986408072628704, 45.772977228935609 ], [ 8.986377282833828, 45.773019444938008 ], [ 8.986377232992075, 45.773019519982242 ], [ 8.986377191181367, 45.773019597390828 ], [ 8.986352560594975, 45.773070830738412 ], [ 8.986352390743505, 45.773071144759854 ], [ 8.986292220702911, 45.773170969943195 ], [ 8.986291836978443, 45.773171504315279 ], [ 8.986263147793085, 45.773205601253061 ], [ 8.986263036148264, 45.773205745765232 ], [ 8.986241279692672, 45.773236545126267 ], [ 8.98624118394476, 45.773236694047043 ], [ 8.986220006428876, 45.773273110448784 ], [ 8.98621994261733, 45.773273229744589 ], [ 8.986207297295371, 45.773299076395105 ], [ 8.986207248349674, 45.773299185395324 ], [ 8.98619652551484, 45.773325372061294 ], [ 8.986196477745958, 45.773325503576665 ], [ 8.986181823755958, 45.773371633854673 ], [ 8.986181783782442, 45.773371783397195 ], [ 8.986173241130981, 45.773411045745505 ], [ 8.986173235615956, 45.773411070624874 ], [ 8.986160977902189, 45.773465364509306 ], [ 8.986160959681062, 45.773465457858151 ], [ 8.9861513294532, 45.773523895024489 ], [ 8.986151315291611, 45.773524004322972 ], [ 8.986146934200276, 45.773570367437443 ], [ 8.986146931324178, 45.773570472615113 ], [ 8.986146942537259, 45.773570577518981 ], [ 8.986154813832703, 45.773615667835905 ], [ 8.986154840078473, 45.773615790146103 ], [ 8.986165324342094, 45.773656915888303 ], [ 8.986165424958847, 45.773657201191924 ], [ 8.986183794539311, 45.773697697499081 ], [ 8.986183955802902, 45.773697983500433 ], [ 8.986210180281823, 45.773736535780991 ], [ 8.986210265216576, 45.773736651849397 ], [ 8.986236385915182, 45.77376993294255 ], [ 8.986236487070922, 45.773770067140539 ], [ 8.986258063645909, 45.773799899684917 ], [ 8.986258259184053, 45.773800196294609 ], [ 8.986273527251431, 45.773825756345815 ], [ 8.986273696008531, 45.7738260714871 ], [ 8.986273830640128, 45.77382639457214 ], [ 8.986285785847814, 45.773859666618314 ], [ 8.986285898991845, 45.773860052043354 ], [ 8.986294779075795, 45.773898835156828 ], [ 8.986294856041045, 45.773899387851351 ], [ 8.986296649574635, 45.77393482226271 ], [ 8.986296653411191, 45.773935016496488 ], [ 8.986296253630146, 45.773971056489998 ], [ 8.986296252583189, 45.773971109953109 ], [ 8.98629548943946, 45.773998292962595 ], [ 8.986295488929084, 45.773998318550561 ], [ 8.986295167766526, 45.774025492214896 ], [ 8.986295168902418, 45.774025573452171 ], [ 8.986296603565002, 45.774061626755753 ], [ 8.986296617817336, 45.774061784762424 ], [ 8.986301504388821, 45.774096482268902 ], [ 8.986301543427073, 45.774096674238933 ], [ 8.986310664179001, 45.774130879063165 ], [ 8.986310704660191, 45.774131009339889 ], [ 8.986323069990071, 45.774165803461479 ], [ 8.986323105827728, 45.774165895862062 ], [ 8.986337632964418, 45.774200427250967 ], [ 8.986337657207308, 45.774200482268697 ], [ 8.986353494225401, 45.774234855278827 ], [ 8.986370494644261, 45.774270647468668 ], [ 8.986370509586022, 45.774270679322527 ], [ 8.986385729540151, 45.774303538780629 ], [ 8.98638577424342, 45.77430363928616 ], [ 8.986400441349739, 45.774338027264434 ], [ 8.986400498656455, 45.774338170183185 ], [ 8.986410838643796, 45.774365694670152 ], [ 8.986410877440283, 45.774365803435984 ], [ 8.986420270990662, 45.774393607569159 ], [ 8.986420276757245, 45.774393624788821 ], [ 8.986431909560162, 45.77442867146052 ], [ 8.986431917387073, 45.774428695335629 ], [ 8.986443283720599, 45.774463805217337 ], [ 8.986443292507099, 45.774463832758691 ], [ 8.98645434369149, 45.774498990771825 ], [ 8.986454354105865, 45.774499024520395 ], [ 8.9864650179622, 45.77453423566314 ], [ 8.98646502718278, 45.774534266645404 ], [ 8.986472755621497, 45.774560700420899 ], [ 8.986472765543386, 45.774560735048325 ], [ 8.986480196180281, 45.774587206411653 ], [ 8.986480206750072, 45.774587244953928 ], [ 8.9864896671791, 45.774622573545358 ], [ 8.986489680212971, 45.774622623791551 ], [ 8.986498559159735, 45.774657993324624 ], [ 8.986498572584749, 45.7746580488392 ], [ 8.986506810587542, 45.774693459337627 ], [ 8.986506822012638, 45.77469351028666 ], [ 8.986512728741502, 45.774720873570658 ], [ 8.986512748592633, 45.774720973034796 ], [ 8.986517764223919, 45.774748328697974 ], [ 8.986517785423469, 45.774748459436772 ], [ 8.986522801269059, 45.774784026452629 ], [ 8.986522815784983, 45.774784145546263 ], [ 8.986526489663543, 45.774819886656395 ], [ 8.986526496944782, 45.774819967703763 ], [ 8.986529256738226, 45.774855854930529 ], [ 8.986529259617642, 45.774855895842336 ], [ 8.986531558392587, 45.774891891087037 ], [ 8.986533839311409, 45.77492791919753 ], [ 8.986536714511491, 45.774965744819745 ], [ 8.986536719411518, 45.774965797581288 ], [ 8.986541260444129, 45.775007173916471 ], [ 8.986541268132697, 45.775007233563464 ], [ 8.98654659188961, 45.775043180848201 ], [ 8.986546594062391, 45.775043195761533 ], [ 8.986551726676193, 45.775079015639761 ], [ 8.986551744105952, 45.775079160963649 ], [ 8.986555183225345, 45.775114744753083 ], [ 8.986555197690022, 45.775115013539214 ], [ 8.986555572068726, 45.775148810037777 ], [ 8.986555558702308, 45.775149137005997 ], [ 8.986552419426651, 45.775182912465887 ], [ 8.986552391423945, 45.775183131192826 ], [ 8.986546605158123, 45.775218573213536 ], [ 8.986546577947518, 45.775218718786086 ], [ 8.986539094982192, 45.775254236303191 ], [ 8.986539078354753, 45.775254310884215 ], [ 8.986530698610418, 45.775289933357072 ], [ 8.986522302483344, 45.775325616680554 ], [ 8.986522294841652, 45.775325650787714 ], [ 8.986514695740858, 45.775361355763891 ], [ 8.986514682107492, 45.775361427783174 ], [ 8.986508752694622, 45.775397174412518 ], [ 8.986508739646492, 45.775397271347494 ], [ 8.986505476362558, 45.775428810454173 ], [ 8.986505468434814, 45.775428934609998 ], [ 8.986504699582239, 45.775460527591342 ], [ 8.986504700679392, 45.775460636049516 ], [ 8.986506301859615, 45.775496553239314 ], [ 8.986506308276871, 45.775496641510955 ], [ 8.986509934002513, 45.775532584460038 ], [ 8.986509939891194, 45.775532634788981 ], [ 8.986513529798087, 45.775559593530339 ], [ 8.986513533547782, 45.775559619995114 ], [ 8.986517583974543, 45.775586583378839 ], [ 8.986523057686059, 45.775622486280966 ], [ 8.986523065345628, 45.775622539519816 ], [ 8.986529176969935, 45.775667712035975 ], [ 8.986529180146363, 45.775667736208312 ], [ 8.986534148067435, 45.775706693582038 ], [ 8.986539003181797, 45.775742551057832 ], [ 8.986544057766308, 45.775778391608725 ], [ 8.98654793609459, 45.775805269242866 ], [ 8.986551866010084, 45.775832135070985 ], [ 8.986557405514775, 45.775870052468214 ], [ 8.986557406268703, 45.775870057658516 ], [ 8.986563489949473, 45.775912182447613 ], [ 8.98656863870557, 45.775948009922359 ], [ 8.986573904363498, 45.775983828450535 ], [ 8.986579400050273, 45.776019640675536 ], [ 8.986585538312577, 45.776057143919857 ], [ 8.986591854513275, 45.776093735852221 ], [ 8.986591879449499, 45.776093838499555 ], [ 8.986592028039947, 45.776093844065699 ], [ 8.988934488515714, 45.776102516665183 ], [ 8.988934639483348, 45.776102512042485 ], [ 8.98893466279039, 45.776102407566896 ], [ 8.988940105573164, 45.776066560078718 ], [ 8.988940213379509, 45.776066089197286 ], [ 8.988940391788084, 45.77606562894222 ], [ 8.988999365334774, 45.775940211914921 ], [ 8.988999596305048, 45.775939792525186 ], [ 8.988999885905475, 45.775939391348203 ], [ 8.989000231247511, 45.775939012385443 ], [ 8.98900062888664, 45.775938659416745 ], [ 8.989001074856715, 45.775938335962685 ], [ 8.989001564709531, 45.77593804524949 ], [ 8.989002093559186, 45.775937790176791 ], [ 8.989002656130815, 45.775937573288715 ], [ 8.989003246813201, 45.775937396748589 ], [ 8.989003859714746, 45.775937262317257 ], [ 8.989004488722232, 45.775937171335549 ], [ 8.989005127561798, 45.77593712471095 ], [ 8.989298696528902, 45.775926027428319 ], [ 8.9892993239531, 45.775926025157752 ], [ 8.989299948707671, 45.775926065679293 ], [ 8.989300564846404, 45.775926148607297 ], [ 8.989301166505088, 45.775926273152464 ], [ 8.989301747957331, 45.775926438129424 ], [ 8.989302303669056, 45.775926641967985 ], [ 8.989302828351178, 45.775926882728058 ], [ 8.989303317009943, 45.775927158118193 ], [ 8.989303764994453, 45.775927465517292 ], [ 8.989304168040935, 45.775927801999643 ], [ 8.989304522313322, 45.775928164362696 ], [ 8.989304824439762, 45.775928549157619 ], [ 8.989305071544708, 45.775928952722062 ], [ 8.989305261276298, 45.775929371215007 ], [ 8.989305391828728, 45.775929800653373 ], [ 8.989305461959434, 45.775930236949918 ], [ 8.989328127401706, 45.776180816576407 ], [ 8.989328134147994, 45.776180877866892 ], [ 8.989347962431843, 45.776333719703487 ], [ 8.989347986568108, 45.776333836573038 ], [ 8.989348061705513, 45.776333942305648 ], [ 8.989378815578604, 45.776372016367183 ], [ 8.989378912770283, 45.776372128885185 ], [ 8.989406779643028, 45.776402358056302 ], [ 8.989406822093661, 45.776402402918706 ], [ 8.989435818267287, 45.776432264575753 ], [ 8.989435863131934, 45.776432309588699 ], [ 8.989465910281714, 45.776461685923266 ], [ 8.989465957962098, 45.776461731327046 ], [ 8.989497009879612, 45.776490537654027 ], [ 8.989497054473354, 45.77649057806105 ], [ 8.98952270274291, 45.776513281163773 ], [ 8.989522766309568, 45.776513335658038 ], [ 8.989549391446092, 45.77653544603902 ], [ 8.989549452388093, 45.776535495187055 ], [ 8.989575134826383, 45.776555612188844 ], [ 8.989575191150854, 45.776555655173247 ], [ 8.989601645075348, 45.776575325712471 ], [ 8.989601680789908, 45.776575351845075 ], [ 8.989637593751651, 45.776601210413311 ], [ 8.98967381001702, 45.776626891502076 ], [ 8.989673832873311, 45.776626907791993 ], [ 8.989708564134949, 45.776651787001725 ], [ 8.989708633894089, 45.776651837761094 ], [ 8.989742768675042, 45.776677067656863 ], [ 8.989742812191407, 45.776677100141271 ], [ 8.989777842682118, 45.776703510580703 ], [ 8.989804172421096, 45.776723324208184 ], [ 8.989804196200524, 45.776723341910042 ], [ 8.98983080291479, 45.776742935423869 ], [ 8.989830849794753, 45.776742969230988 ], [ 8.989867065047672, 45.776768544378363 ], [ 8.98986714112529, 45.776768596356497 ], [ 8.989899869876965, 45.776790229465 ], [ 8.98989999515182, 45.776790308032936 ], [ 8.989934299567825, 45.776810715637517 ], [ 8.989934428258248, 45.776810788289907 ], [ 8.989975298649277, 45.776832671934002 ], [ 8.989975368796276, 45.776832708446321 ], [ 8.990015605400295, 45.776853063414123 ], [ 8.990015627177142, 45.776853074479249 ], [ 8.990058646514262, 45.776875029533691 ], [ 8.990058811690977, 45.776875116714287 ], [ 8.990094566279906, 45.776894627259246 ], [ 8.99009474929721, 45.776894730953622 ], [ 8.990129552968964, 45.776915199488407 ], [ 8.990129605976035, 45.776915231006434 ], [ 8.990168563636018, 45.776938650273543 ], [ 8.990168613496596, 45.776938680559688 ], [ 8.990197573098714, 45.776956454311268 ], [ 8.990197624950621, 45.77695648648249 ], [ 8.990226302777824, 45.776974473510755 ], [ 8.990226347691783, 45.776974501949276 ], [ 8.990254776901741, 45.776992673795043 ], [ 8.990254836948113, 45.77699271266949 ], [ 8.990282905247449, 45.77701111749203 ], [ 8.99028296717535, 45.777011158642843 ], [ 8.990317206715771, 45.777034215102425 ], [ 8.990317293888706, 45.777034274929107 ], [ 8.990350874684989, 45.777057763134628 ], [ 8.990350970475415, 45.777057831577181 ], [ 8.990386438798536, 45.77708371931498 ], [ 8.990386516956532, 45.777083777382671 ], [ 8.99041263685962, 45.777103531093303 ], [ 8.99041270307363, 45.777103581943159 ], [ 8.990438401777869, 45.777123623126116 ], [ 8.99043846290891, 45.777123671492838 ], [ 8.990472198543006, 45.777150752027367 ], [ 8.990472251846482, 45.777150795368343 ], [ 8.990497515125359, 45.777171602810846 ], [ 8.9904975467695, 45.777171629076236 ], [ 8.990522629561399, 45.777192610347022 ], [ 8.990522642364935, 45.777192621090819 ], [ 8.990547300873649, 45.777213378202511 ], [ 8.990547332003839, 45.777213404611047 ], [ 8.990571757036243, 45.777234286267458 ], [ 8.990571801968478, 45.777234325119458 ], [ 8.990603902313204, 45.777262399004229 ], [ 8.99060397449364, 45.777262463320064 ], [ 8.990635282340948, 45.777290887850178 ], [ 8.990635371225901, 45.777290970496338 ], [ 8.990665667225231, 45.777319824287247 ], [ 8.990665756775952, 45.777319911747085 ], [ 8.990688674378564, 45.777342868998282 ], [ 8.990688790224787, 45.777342989119163 ], [ 8.990710597543453, 45.777366405561118 ], [ 8.990710709108194, 45.777366529735971 ], [ 8.990737187129422, 45.777397094891874 ], [ 8.990737275617009, 45.777397200238624 ], [ 8.990762645770015, 45.77742836500277 ], [ 8.990762694143392, 45.777428425503508 ], [ 8.990787467568461, 45.777459977605744 ], [ 8.990787477844226, 45.777459990744987 ], [ 8.990812136867907, 45.777491646293207 ], [ 8.990832228282787, 45.777517056960079 ], [ 8.990832253295416, 45.777517088899273 ], [ 8.990851955970214, 45.777542491033508 ], [ 8.990852006231139, 45.777542557139483 ], [ 8.990875768002025, 45.777574446938139 ], [ 8.990875793711618, 45.777574480737385 ], [ 8.990902401182762, 45.777608754060992 ], [ 8.990902477199853, 45.777608846669118 ], [ 8.990935794839302, 45.777647293357731 ], [ 8.990935849201286, 45.777647353897471 ], [ 8.990963903850002, 45.777677521809103 ], [ 8.990963930722673, 45.777677550232781 ], [ 8.990992654698481, 45.777707437704478 ], [ 8.991014452812641, 45.77772976654397 ], [ 8.991036013492462, 45.777751781093812 ], [ 8.991036033474838, 45.777751801260116 ], [ 8.991065348570372, 45.77778104431016 ], [ 8.991065386326817, 45.777781081177743 ], [ 8.991095792971418, 45.777810148675655 ], [ 8.991095825888898, 45.777810180432894 ], [ 8.991125727755414, 45.777839294485474 ], [ 8.991125849540854, 45.777839417317047 ], [ 8.991148803320982, 45.777863409543826 ], [ 8.991149094218059, 45.777863744249998 ], [ 8.991168887839713, 45.777888926068407 ], [ 8.991169046801481, 45.777889141893361 ], [ 8.991191329616001, 45.777921511282322 ], [ 8.99119140960998, 45.77792161984592 ], [ 8.991211927692371, 45.777947702244887 ], [ 8.99121207761813, 45.777947874133822 ], [ 8.991235751106924, 45.77797246748721 ], [ 8.991235777939181, 45.777972494922452 ], [ 8.991265152175066, 45.778002058286795 ], [ 8.991265180553471, 45.778002086387048 ], [ 8.991295229999368, 45.778031363735344 ], [ 8.991295254517068, 45.778031387299414 ], [ 8.991318200211346, 45.778053142962627 ], [ 8.991318224765831, 45.778053165935667 ], [ 8.991341563530243, 45.778074713770771 ], [ 8.991341589253114, 45.778074737198644 ], [ 8.99137324103031, 45.778103176580217 ], [ 8.991373266974014, 45.778103199580343 ], [ 8.991397604030023, 45.778124488825732 ], [ 8.991397625657944, 45.778124507539054 ], [ 8.991422268133636, 45.77814559747528 ], [ 8.991455136054931, 45.778173307910244 ], [ 8.991488317033365, 45.778200842098457 ], [ 8.991513368480579, 45.778221398050718 ], [ 8.99153855289717, 45.778241877666041 ], [ 8.991572279594156, 45.778269094655009 ], [ 8.991597657249457, 45.778289460990372 ], [ 8.991623093456719, 45.77830979271878 ], [ 8.991657031995846, 45.778336869718942 ], [ 8.991690971925516, 45.778363940084354 ], [ 8.991690976798864, 45.778363943975826 ], [ 8.991722954299853, 45.778389508310156 ], [ 8.991754902636783, 45.778415098532612 ], [ 8.991780326014734, 45.778435419220699 ], [ 8.991805759459137, 45.778455721576854 ], [ 8.991839716058358, 45.778482774892773 ], [ 8.991873703150592, 45.778509806267962 ], [ 8.991907731762449, 45.77853682001146 ], [ 8.991933255108211, 45.778557071751976 ], [ 8.99195879986523, 45.77857731255029 ], [ 8.991992865103787, 45.778604297640157 ], [ 8.992026943340262, 45.778631270317589 ], [ 8.992061021978845, 45.778658246759136 ], [ 8.992095093133633, 45.778685224249415 ], [ 8.992120644142519, 45.778705458354736 ], [ 8.992146188459611, 45.778725698652792 ], [ 8.992171730479118, 45.778745936210058 ], [ 8.992197250397437, 45.778766189099734 ], [ 8.992222756268051, 45.778786451952655 ], [ 8.992248253963899, 45.778806715978867 ], [ 8.992248259485446, 45.778806720372799 ], [ 8.992279807217516, 45.778831858393346 ], [ 8.992279827388881, 45.77883187454384 ], [ 8.992316595014518, 45.778861455030757 ], [ 8.99231661752604, 45.778861473239964 ], [ 8.992350163428267, 45.778888755132101 ], [ 8.992350175553451, 45.778888765022081 ], [ 8.992383623894481, 45.778916127383411 ], [ 8.992417068169384, 45.778943507095214 ], [ 8.992450589666111, 45.778970844375792 ], [ 8.992484263436886, 45.778998082037873 ], [ 8.992518193480125, 45.779025165611316 ], [ 8.992543843140171, 45.779045348612001 ], [ 8.992569754542011, 45.779065380755092 ], [ 8.992569780413769, 45.779065400518334 ], [ 8.992608667596954, 45.779094753037768 ], [ 8.99260871703294, 45.779094789526326 ], [ 8.99264585706414, 45.77912159614791 ], [ 8.992645904383735, 45.779121629594698 ], [ 8.992682483737987, 45.779146949673667 ], [ 8.992682515081954, 45.779146971076287 ], [ 8.992719587444025, 45.779171942621161 ], [ 8.992747586230223, 45.779190568462077 ], [ 8.99277561781591, 45.779209150943153 ], [ 8.992775629647157, 45.779209158806182 ], [ 8.992803564769563, 45.779227771649694 ], [ 8.992803597737582, 45.779227793772606 ], [ 8.992831304172027, 45.77924651854714 ], [ 8.992831346336889, 45.779246547305505 ], [ 8.992860298577723, 45.779266475700446 ], [ 8.992860348033766, 45.779266510113182 ], [ 8.992889010572545, 45.779286671663606 ], [ 8.992889030418235, 45.779286685684639 ], [ 8.992916093573799, 45.779305889880625 ], [ 8.992916110565615, 45.77930590198369 ], [ 8.992943082364055, 45.77932518620819 ], [ 8.992943094574573, 45.77932519496219 ], [ 8.992978964547182, 45.779350980987083 ], [ 8.992978971185654, 45.779350985766378 ], [ 8.993014802865181, 45.779376820665036 ], [ 8.993041689123382, 45.779396193649944 ], [ 8.993068612417382, 45.779415539406735 ], [ 8.993106910974101, 45.77944288459711 ], [ 8.993106939026884, 45.77944290438019 ], [ 8.993141249325351, 45.779466802463411 ], [ 8.993141325465782, 45.779466853781592 ], [ 8.993169714703427, 45.779485368170761 ], [ 8.993169739244845, 45.779485384259843 ], [ 8.993207130544581, 45.779510026321695 ], [ 8.993207381942831, 45.779510201402069 ], [ 8.993240942942007, 45.779534900017907 ], [ 8.993241318684067, 45.779535202429543 ], [ 8.993280825302723, 45.779570015288556 ], [ 8.993280990507749, 45.779570167386076 ], [ 8.993314635254153, 45.779602546962757 ], [ 8.993314715645866, 45.779602621060732 ], [ 8.993352400276493, 45.779635903554286 ], [ 8.993352534272057, 45.779636014356534 ], [ 8.99338942385177, 45.779664595313015 ], [ 8.993435626530978, 45.779699726045564 ], [ 8.993435694299254, 45.779699776015953 ], [ 8.993487003814158, 45.779736468349576 ], [ 8.993487050847776, 45.779736502339716 ], [ 8.993522163405887, 45.779762145733393 ], [ 8.993522360119396, 45.779762296069201 ], [ 8.993556138479871, 45.779789314564944 ], [ 8.993556202381635, 45.779789366470368 ], [ 8.993589688389749, 45.77981698851746 ], [ 8.993589717588746, 45.779817012266079 ], [ 8.993623783966667, 45.779844332679559 ], [ 8.993623874320249, 45.779844402158091 ], [ 8.993661468918106, 45.77987212556647 ], [ 8.993661518424799, 45.779872161275179 ], [ 8.993698441550217, 45.77989821104854 ], [ 8.993734726467679, 45.77992373331552 ], [ 8.9937710787871, 45.779949216307983 ], [ 8.993798373128445, 45.779968307284292 ], [ 8.99382570070823, 45.779987377393248 ], [ 8.993862160692547, 45.780012782612133 ], [ 8.993889532371488, 45.780031819626863 ], [ 8.993916931931539, 45.780050840123224 ], [ 8.993953481227447, 45.780076182634303 ], [ 8.993980911552416, 45.780095180505512 ], [ 8.994008348306007, 45.780114172063065 ], [ 8.994044950100154, 45.78013947920612 ], [ 8.994072406051858, 45.780158458050323 ], [ 8.99409987511131, 45.780177428032204 ], [ 8.994136490126113, 45.780202721843629 ], [ 8.994173103527604, 45.780228023495518 ], [ 8.994200571082088, 45.780246992366102 ], [ 8.994228022911129, 45.780265977194972 ], [ 8.994264616115666, 45.780291287136677 ], [ 8.994301180446586, 45.780316611926011 ], [ 8.994328596568279, 45.780335616720102 ], [ 8.994355989631913, 45.780354636853176 ], [ 8.994392487044118, 45.780380010147923 ], [ 8.994428953803657, 45.780405411460947 ], [ 8.994428959439379, 45.780405415391428 ], [ 8.994465368879027, 45.780430839575594 ], [ 8.99446537367924, 45.780430842931061 ], [ 8.994492650398307, 45.780449930075299 ], [ 8.994492656290159, 45.780449934203531 ], [ 8.994519901864951, 45.780469049030621 ], [ 8.994519907243017, 45.780469052808215 ], [ 8.994556186757096, 45.780494565980099 ], [ 8.994556194522568, 45.78049457145044 ], [ 8.994595498346243, 45.780522306268303 ], [ 8.994595503275294, 45.780522309750268 ], [ 8.994632716867358, 45.780548626813122 ], [ 8.994632722169394, 45.780548630567068 ], [ 8.994668873360615, 45.780574256314445 ], [ 8.994668883328, 45.780574263395444 ], [ 8.99470495279868, 45.78059994437325 ], [ 8.994704964659967, 45.780599952840596 ], [ 8.994740929350895, 45.780625694487618 ], [ 8.994740945682718, 45.780625706219702 ], [ 8.994776776711367, 45.780651539570151 ], [ 8.99477679609234, 45.780651553604145 ], [ 8.994812451962549, 45.780677484688887 ], [ 8.994812473913266, 45.780677500731798 ], [ 8.994847939590805, 45.780703549546793 ], [ 8.994847966334655, 45.780703569308905 ], [ 8.994883183338503, 45.780729750666701 ], [ 8.994883211299829, 45.780729771586955 ], [ 8.994918175608172, 45.780756098795457 ], [ 8.994918208638939, 45.780756123856442 ], [ 8.994952875572219, 45.780782626920391 ], [ 8.994952904079978, 45.780782648859407 ], [ 8.994979224158365, 45.780803038808472 ], [ 8.99497928023024, 45.780803082823127 ], [ 8.99500521679996, 45.780823712706336 ], [ 8.995005306974354, 45.780823786004163 ], [ 8.995038399853904, 45.780851277375419 ], [ 8.995038520926544, 45.780851381045721 ], [ 8.995070409070301, 45.780879530104947 ], [ 8.995070544505017, 45.78087965401118 ], [ 8.995100907163783, 45.78090845306577 ], [ 8.995101053446181, 45.780908597690136 ], [ 8.995128901015388, 45.780937312077796 ], [ 8.995129111625397, 45.780937544201556 ], [ 8.995154365505099, 45.780967352773693 ], [ 8.995154679581798, 45.780967772380386 ], [ 8.995175886242237, 45.781000143775081 ], [ 8.995176187791884, 45.781000697791995 ], [ 8.995189608452705, 45.781031274132211 ], [ 8.995189741086032, 45.781031626580592 ], [ 8.995189832523854, 45.781031985382612 ], [ 8.99519595208803, 45.781063285981531 ], [ 8.995196010608275, 45.781063823690126 ], [ 8.99519682261187, 45.78109921371761 ], [ 8.995196816085446, 45.781099501115989 ], [ 8.995194117360587, 45.781138951475022 ], [ 8.99519411426566, 45.781138992747671 ], [ 8.995190371532955, 45.781184876541133 ], [ 8.995190364868618, 45.781184948190081 ], [ 8.99518662643464, 45.78122073310589 ], [ 8.995186619871626, 45.781220790819674 ], [ 8.99518221600905, 45.78125660242317 ], [ 8.995182212777642, 45.781256627855612 ], [ 8.995178687588819, 45.781283507740717 ], [ 8.99517513717354, 45.781310406237445 ], [ 8.995170748804998, 45.78134523710272 ], [ 8.995170738240493, 45.781345358223255 ], [ 8.995169155242449, 45.78137794067726 ], [ 8.995169158012065, 45.781378054193503 ], [ 8.995169224986023, 45.781378157604216 ], [ 8.995218491107531, 45.781444935764021 ], [ 8.995218669706755, 45.78144519832825 ], [ 8.995258920815258, 45.781509661081408 ], [ 8.995259145066946, 45.781510074483108 ], [ 8.99525931025374, 45.781510501287265 ], [ 8.995259414780959, 45.781510937373589 ], [ 8.995259457639509, 45.781511378532159 ], [ 8.995259438415644, 45.781511820504136 ], [ 8.995259357294943, 45.781512259022755 ], [ 8.995259215060534, 45.781512689854637 ], [ 8.995259013085516, 45.78151310884062 ], [ 8.995258753319726, 45.781513511935891 ], [ 8.994873852561167, 45.782040092046557 ], [ 8.994873801561518, 45.782040168827074 ], [ 8.994873758973828, 45.782040248077493 ], [ 8.994851871635531, 45.782086161512687 ], [ 8.99485178602775, 45.782086375917842 ], [ 8.994836169068758, 45.782134581377036 ], [ 8.994836143377219, 45.782134681634332 ], [ 8.994836144041757, 45.782134783489312 ], [ 8.994839262409076, 45.782178332603735 ], [ 8.99483930986036, 45.782178620900375 ], [ 8.994851785702567, 45.782226795022559 ], [ 8.99485181684674, 45.782226891053881 ], [ 8.994851859901345, 45.782226984805625 ], [ 8.994873715142312, 45.782268262423358 ], [ 8.994873790038598, 45.782268381984814 ], [ 8.994873884304377, 45.782268494638863 ], [ 8.994939549668961, 45.782337417373277 ], [ 8.99493980272092, 45.782337648907415 ], [ 8.995008670949392, 45.782392840968804 ], [ 8.995008740302922, 45.78239289477586 ], [ 8.9952825490929, 45.78259856723438 ], [ 8.995534886008512, 45.782788109711852 ], [ 8.995535276884398, 45.782788432490804 ], [ 8.995535622713088, 45.782788779524097 ], [ 8.995535920438455, 45.782789147745021 ], [ 8.995536167429464, 45.782789533899489 ], [ 8.995536361503422, 45.782789934575035 ], [ 8.995536500945278, 45.782790346230883 ], [ 8.995536584522764, 45.782790765229123 ], [ 8.995541987990268, 45.782831901975513 ], [ 8.995542008017093, 45.782832523232202 ], [ 8.995539701776764, 45.782867165509018 ], [ 8.995539634125537, 45.782867639617535 ], [ 8.995531105422192, 45.782906473529891 ], [ 8.995530987657608, 45.782906882456473 ], [ 8.995530816282404, 45.782907281997154 ], [ 8.995530592769002, 45.782907668719162 ], [ 8.995530319037776, 45.782908039299876 ], [ 8.995503765452078, 45.782940235520655 ], [ 8.995503424515281, 45.78294060578218 ], [ 8.995503033480615, 45.782940950952309 ], [ 8.995502596093626, 45.782941267724816 ], [ 8.995502116543854, 45.782941553065484 ], [ 8.995501599424696, 45.78294180424114 ], [ 8.995501049689414, 45.782942018845915 ], [ 8.995500472603679, 45.782942194824159 ], [ 8.995499873695147, 45.782942330490279 ], [ 8.995428877959776, 45.782955765790867 ], [ 8.995428722653163, 45.782955801284153 ], [ 8.995428612548551, 45.782955885739526 ], [ 8.995342920101558, 45.783028836987739 ], [ 8.995342828806679, 45.783028922798188 ], [ 8.995342790149452, 45.783029026296887 ], [ 8.995332400933695, 45.783063540243802 ], [ 8.995332378011227, 45.783063640848447 ], [ 8.995332514805197, 45.783063605946026 ], [ 8.996153020149793, 45.78282144541037 ], [ 8.996153588788909, 45.782821299245121 ], [ 8.996154174559702, 45.782821191158078 ], [ 8.996154772266102, 45.782821122108011 ], [ 8.996155376606172, 45.782821092707422 ], [ 8.996155982219118, 45.782821103217131 ], [ 8.996156583732864, 45.782821153543907 ], [ 8.996157175811694, 45.782821243241308 ], [ 8.996157753203587, 45.782821371513698 ], [ 8.996158310786797, 45.782821537223207 ], [ 8.996502885556001, 45.782937632095184 ], [ 8.996503184790919, 45.782937720181224 ], [ 8.996549557229431, 45.782949479965225 ], [ 8.997035652227272, 45.783072699600204 ], [ 8.997106402894106, 45.783090501915268 ], [ 8.997106947971307, 45.783090659159278 ], [ 8.997107470179666, 45.78309085066347 ], [ 8.997107965131523, 45.783091074818863 ], [ 8.997377200611085, 45.783225645357909 ], [ 8.997377508835941, 45.783225809441653 ], [ 8.997917529863198, 45.783531677265039 ], [ 8.997917649138207, 45.783531738361475 ], [ 8.997917726587161, 45.783531650267001 ], [ 8.998058779079511, 45.783352234989536 ], [ 8.998059052009564, 45.783351919219754 ], [ 8.99805936099829, 45.783351620156594 ], [ 8.99805970396814, 45.783351339810835 ], [ 8.99890811967242, 45.78271279717157 ], [ 8.998908218622063, 45.782712714756123 ], [ 8.998908107299027, 45.782712640468631 ], [ 8.998679743782748, 45.782574894747434 ], [ 8.998679274980017, 45.782574581824761 ], [ 8.998678853550592, 45.782574237490714 ], [ 8.998678483770743, 45.782573865239229 ], [ 8.998678169392633, 45.782573468847602 ], [ 8.998677913606276, 45.782573052337995 ], [ 8.998677719007137, 45.782572619936779 ], [ 8.998677587569823, 45.782572176031522 ], [ 8.998677520628036, 45.782571725126559 ], [ 8.998677518861031, 45.782571271797238 ], [ 8.998677582286739, 45.782570820643528 ], [ 8.998677710261573, 45.782570376243278 ], [ 8.998677901486966, 45.782569943105848 ], [ 8.998678154022546, 45.7825695256263 ], [ 8.998678465305824, 45.782569128040805 ], [ 8.998678832178193, 45.782568754383696 ], [ 8.998679250916988, 45.782568408446473 ], [ 8.998679717273246, 45.782568093739371 ], [ 8.99868022651483, 45.782567813455742 ], [ 8.999380414642804, 45.7822208977312 ], [ 8.999511520411867, 45.78215593859079 ], [ 8.999511645641288, 45.782155869743079 ], [ 8.999511748912097, 45.782155784911943 ], [ 8.999637834965666, 45.78204109944047 ], [ 8.999638209674728, 45.782040788728601 ], [ 8.999826031661584, 45.781898605295588 ], [ 8.999877520385022, 45.781859628182822 ], [ 8.999877568169273, 45.781859591196174 ], [ 8.999912407535257, 45.781832016237132 ], [ 8.999912900142617, 45.781831666759409 ], [ 8.99991344421681, 45.781831356896696 ], [ 8.999914033285565, 45.781831090335146 ], [ 9.000197641419849, 45.781717599586656 ], [ 9.000657318207235, 45.781533640943202 ], [ 9.000657358911511, 45.781533624375683 ], [ 9.001570536527813, 45.781155647076403 ], [ 9.001570659120675, 45.781155590809668 ], [ 9.001570708192439, 45.781155494141807 ], [ 9.00162732816686, 45.781025087861074 ], [ 9.001827895810424, 45.780561581330986 ], [ 9.001827914738188, 45.780561538364111 ], [ 9.00217549325677, 45.779786287321606 ], [ 9.002239499845629, 45.779643493005175 ], [ 9.002330752624243, 45.779436459103643 ], [ 9.002496475714127, 45.779059082275516 ], [ 9.002496691204177, 45.779058665783168 ], [ 9.002496964165125, 45.779058266130818 ], [ 9.002497291952677, 45.779057887190085 ], [ 9.002856722816091, 45.77868510083924 ], [ 9.002857134716869, 45.778684719083387 ], [ 9.00306260273107, 45.77851397494689 ], [ 9.003062695532844, 45.778513889715953 ], [ 9.003062661061977, 45.778513785317024 ], [ 9.002870042805581, 45.778037617880919 ], [ 9.002869914578616, 45.778037239067586 ], [ 9.002869833618083, 45.778036853917421 ], [ 9.002869800529792, 45.778036465312411 ], [ 9.002869815561331, 45.778036076160419 ], [ 9.002933991372723, 45.777398227930867 ], [ 9.002934060067457, 45.777397816550092 ], [ 9.002934182520935, 45.777397411330647 ], [ 9.0030151853113, 45.777179451821212 ], [ 9.00304782066268, 45.777091800352437 ], [ 9.003332692173199, 45.776326744959036 ], [ 9.003332711484266, 45.776326690302405 ], [ 9.003474095325902, 45.775903889355064 ], [ 9.003474256223621, 45.775903491545684 ], [ 9.003577055592137, 45.775687693712804 ], [ 9.003577082447244, 45.775687634637499 ], [ 9.003705632930766, 45.775390753158632 ], [ 9.003705711253847, 45.775390532706119 ], [ 9.003812943080145, 45.775006868934902 ], [ 9.003821345243841, 45.774976804684442 ], [ 9.003821477526438, 45.774976421369928 ], [ 9.004014102077351, 45.774509035643838 ], [ 9.004014331554206, 45.774508574453044 ], [ 9.004014631091348, 45.77450813337704 ], [ 9.004489139774911, 45.773897285712216 ], [ 9.004489465002804, 45.773896911635227 ], [ 9.004489840641108, 45.773896561446179 ], [ 9.004490263133784, 45.773896238460182 ], [ 9.00449072848124, 45.773895945734829 ], [ 9.005334545837856, 45.773414956795428 ], [ 9.005334615473755, 45.773414915942368 ], [ 9.005378094706302, 45.77338866713982 ], [ 9.005416491126097, 45.773365490153274 ], [ 9.005416663481881, 45.773365389729335 ], [ 9.005608569692194, 45.773257483187436 ], [ 9.00560883385317, 45.773257342349766 ], [ 9.007087615383472, 45.772510335910113 ], [ 9.00708771936343, 45.772510278667063 ], [ 9.007087808469793, 45.772510210233513 ], [ 9.007756113404255, 45.771952301838802 ], [ 9.007756192578166, 45.7719522300413 ], [ 9.007756263213645, 45.77195215400635 ], [ 9.007785218143425, 45.771918046116319 ], [ 9.007785561609827, 45.771917682804698 ], [ 9.007785953661909, 45.771917344434044 ], [ 9.007786390626228, 45.771917034174862 ], [ 9.007786868408525, 45.771916754934189 ], [ 9.007787382532086, 45.771916509328427 ], [ 9.007787928179688, 45.771916299658862 ], [ 9.00778850023873, 45.771916127890059 ], [ 9.007789093349148, 45.771915995631453 ], [ 9.00778970195363, 45.771915904122274 ], [ 9.007790320349686, 45.771915854219948 ], [ 9.007856642834742, 45.771912768412577 ], [ 9.007856785173997, 45.771912757276283 ], [ 9.007856912809906, 45.771912711801008 ], [ 9.008112358131832, 45.771811337094697 ], [ 9.008112478067243, 45.771811284450209 ], [ 9.008112574011651, 45.771811211595647 ], [ 9.008504890054075, 45.771485449439396 ], [ 9.008505166358759, 45.771485182492945 ], [ 9.008583295704012, 45.771396694471633 ], [ 9.008647686484489, 45.771323768975016 ], [ 9.008648136614454, 45.771323322320868 ], [ 9.00864866079613, 45.771322917147089 ], [ 9.008792547026694, 45.771224440944906 ], [ 9.008793025516958, 45.771224144541407 ], [ 9.009057869603469, 45.771075835157212 ], [ 9.00905801144366, 45.771075745498955 ], [ 9.009058136999949, 45.771075644647091 ], [ 9.009261717404138, 45.770890914697958 ], [ 9.009468085674477, 45.770703936757585 ], [ 9.009468092234135, 45.770703930824467 ], [ 9.009849875369657, 45.770359205015453 ], [ 9.010133332311149, 45.770103257432588 ], [ 9.010133489022913, 45.770103121463201 ], [ 9.010322370090622, 45.769945597072308 ], [ 9.010322391999939, 45.76994557889789 ], [ 9.010678342668532, 45.769651882828306 ], [ 9.010977768169445, 45.769404822788921 ], [ 9.011205384610378, 45.769217011439814 ], [ 9.011205481410579, 45.769216923016053 ], [ 9.01120556520071, 45.769216828308736 ], [ 9.011340421373294, 45.76904599060618 ], [ 9.011340485924588, 45.769045899162158 ], [ 9.011340485964494, 45.769045797167784 ], [ 9.011330820923096, 45.768897515718628 ], [ 9.011330803578751, 45.768897394879964 ], [ 9.011330731663879, 45.768897284352526 ], [ 9.011220111324395, 45.768749241290536 ], [ 9.011219874929964, 45.768748888524989 ], [ 9.011219683021512, 45.768748522771588 ], [ 9.011115518696142, 45.768519856668512 ], [ 9.011115344082166, 45.768519387299442 ], [ 9.011115242657771, 45.768518907505204 ], [ 9.011090735829054, 45.768334946962064 ], [ 9.011065831214513, 45.768148007123898 ], [ 9.011065803992679, 45.768147880998036 ], [ 9.011065756465033, 45.768147757854571 ], [ 9.011044344267948, 45.768102653407666 ], [ 9.011044174269554, 45.768102225926647 ], [ 9.011044065249852, 45.768101788807179 ], [ 9.011044018268693, 45.768101346298792 ], [ 9.011044033782813, 45.768100902703395 ], [ 9.011060319983443, 45.767946719762726 ], [ 9.011060324340653, 45.767946633131231 ], [ 9.011060319136874, 45.767946546522644 ], [ 9.010995903361627, 45.767388638462663 ], [ 9.010995895081349, 45.767388577195149 ], [ 9.010974989113093, 45.76725360548803 ], [ 9.010854657084453, 45.766470578218623 ], [ 9.010854648526292, 45.766470518825713 ], [ 9.010713002514784, 45.765417584368357 ], [ 9.010712982155848, 45.765417386273562 ], [ 9.010622728990752, 45.764148430805811 ], [ 9.010622726159196, 45.764148396324799 ], [ 9.010618029463126, 45.764097962453938 ], [ 9.010573218213286, 45.763617373900239 ], [ 9.01049389322811, 45.762771357325711 ], [ 9.010493888155723, 45.762771297039215 ], [ 9.010377862615556, 45.761214326572656 ], [ 9.010377847040083, 45.761214218590823 ], [ 9.010377802010078, 45.761214114737406 ], [ 9.010249265600978, 45.760962314048214 ], [ 9.010249206924913, 45.760962215032528 ], [ 9.010249061699366, 45.760962249065386 ], [ 9.010249081210697, 45.760962243719675 ], [ 9.010249208533672, 45.760962204283821 ], [ 9.010249324177092, 45.760962150012134 ], [ 9.011123413408701, 45.76051215991361 ], [ 9.011123531424234, 45.760512092684102 ], [ 9.011123488228693, 45.760511990560595 ], [ 9.010853459817994, 45.759972213806812 ], [ 9.010853301041463, 45.759971951157823 ], [ 9.010493797366616, 45.759468826437768 ], [ 9.010493561020615, 45.75946845451427 ], [ 9.010493373652629, 45.7594680691641 ], [ 9.01049323679554, 45.759467673539866 ], [ 9.010493151569005, 45.759467270878226 ], [ 9.010428951312015, 45.759027545452199 ], [ 9.010428918126181, 45.759027059626519 ], [ 9.010428960036796, 45.759026574131319 ], [ 9.010595807454266, 45.758010284408449 ], [ 9.010595976886449, 45.758009653460952 ], [ 9.010917146122043, 45.757154889119562 ], [ 9.010917162666884, 45.757154843120546 ], [ 9.011251242809328, 45.756182835072273 ], [ 9.011251290770065, 45.756182704198423 ], [ 9.011346436837631, 45.755938370369016 ], [ 9.011521096231604, 45.755489807508127 ], [ 9.011521171484338, 45.75548956015534 ], [ 9.011662442423711, 45.754850638638075 ], [ 9.011778053717348, 45.75430161629977 ], [ 9.011778069180982, 45.754301531806824 ], [ 9.011854994256213, 45.753807127533918 ], [ 9.011855079426383, 45.753806738820082 ], [ 9.011855212747575, 45.753806356795344 ], [ 9.011855393201751, 45.753805984376854 ], [ 9.012034754690642, 45.753482958424144 ], [ 9.012035058707459, 45.753482491610541 ], [ 9.012035436644693, 45.753482052052433 ], [ 9.012201667373157, 45.753311535351507 ], [ 9.012201740728313, 45.753311452577329 ], [ 9.012201781028342, 45.753311359343115 ], [ 9.012372142265574, 45.752844796212131 ], [ 9.012397325048358, 45.752775906855945 ], [ 9.012437437587689, 45.752666218427443 ], [ 9.012612892039208, 45.752186428456099 ], [ 9.012612951899364, 45.752186226698761 ], [ 9.012779745501019, 45.751457869319573 ], [ 9.012779865853476, 45.751457464029571 ], [ 9.012780038892265, 45.751457068195805 ], [ 9.012780263153344, 45.751456685167348 ], [ 9.01292327248094, 45.7512412394424 ], [ 9.012923304619566, 45.751241191757792 ], [ 9.012980013262393, 45.751158313625155 ], [ 9.013015640588755, 45.751106217901949 ], [ 9.013015666623911, 45.751106178877656 ], [ 9.013126722362994, 45.750935473612955 ], [ 9.013127164091296, 45.75093490647545 ], [ 9.013667969997428, 45.750345566097124 ], [ 9.013774207675526, 45.750229194438944 ], [ 9.013774628172436, 45.750228786107357 ], [ 9.01377511117726, 45.750228413206145 ], [ 9.013775650647002, 45.750228080400781 ], [ 9.014191708203713, 45.749999029224469 ], [ 9.014191862186502, 45.749998947048994 ], [ 9.014986141223266, 45.749588152583641 ], [ 9.015027259055351, 45.749566880315619 ], [ 9.015027419593114, 45.749566791595292 ], [ 9.01600405327701, 45.748990802071866 ], [ 9.016004545944801, 45.748990538853185 ], [ 9.016955436285317, 45.74853152957327 ], [ 9.016955568792714, 45.748531462055062 ], [ 9.018446459051347, 45.74773027094318 ], [ 9.018446690858221, 45.747730133708465 ], [ 9.020091695176674, 45.746658891287893 ], [ 9.020091852467376, 45.746658781516487 ], [ 9.021801085547809, 45.745380438395586 ], [ 9.022906259408023, 45.744543225169572 ], [ 9.022906352010976, 45.744543148388566 ], [ 9.022906434432787, 45.744543066115291 ], [ 9.023012740381875, 45.744426144902874 ], [ 9.023343050362763, 45.744057221846276 ], [ 9.023343421611187, 45.744056850217753 ], [ 9.023522814064306, 45.743895265098267 ], [ 9.023523144750556, 45.743894990583314 ], [ 9.023523505645681, 45.743894735403337 ], [ 9.023660152706908, 45.743805532843105 ], [ 9.02408850522321, 45.743525900498859 ], [ 9.024088611911438, 45.743525823837167 ], [ 9.024088683149257, 45.743525729131612 ], [ 9.024154313719546, 45.743427305624714 ], [ 9.024196586396171, 45.743363805237571 ], [ 9.024196603622348, 45.743363779572519 ], [ 9.024409346813611, 45.743049391400127 ], [ 9.024409670848163, 45.743048971624845 ], [ 9.024410056539173, 45.743048578230642 ], [ 9.024410499550763, 45.743048215640002 ], [ 9.024923706618042, 45.742670674182627 ], [ 9.024923807878865, 45.742670592081573 ], [ 9.024923897340793, 45.742670503516266 ], [ 9.02557859896101, 45.741950913220926 ], [ 9.02557893869727, 45.741950575143129 ], [ 9.025579321304706, 45.741950260318546 ], [ 9.02557974355517, 45.7419499714034 ], [ 9.026401452763347, 45.741437216776951 ], [ 9.026401538633481, 45.741437159049461 ], [ 9.026401618152747, 45.741437097022128 ], [ 9.02659419846394, 45.741275173169562 ], [ 9.026594275738761, 45.741275102703447 ], [ 9.026594344815368, 45.741275028180389 ], [ 9.027159510184733, 45.740608997068207 ], [ 9.027159649410937, 45.740608840397812 ], [ 9.027478706370996, 45.74026569393574 ], [ 9.02771194173514, 45.740014838617768 ], [ 9.02771201675422, 45.740014749044278 ], [ 9.027712026135159, 45.740014645412522 ], [ 9.027724604737246, 45.73948381644653 ], [ 9.027724598743147, 45.739483699550561 ], [ 9.027724541340763, 45.739483589701884 ], [ 9.027390185535323, 45.738934818292009 ], [ 9.027390133132869, 45.738934740651054 ], [ 9.027390072411189, 45.738934666040926 ], [ 9.026862909135131, 45.7383409084146 ], [ 9.026862820438119, 45.738340818955457 ], [ 9.026862680689675, 45.738340866753212 ], [ 9.026862695933071, 45.738340860852304 ], [ 9.026862818448052, 45.738340808224784 ], [ 9.026862895788998, 45.738340723393136 ], [ 9.027055433629133, 45.738106850216703 ], [ 9.027055505424348, 45.738106752071793 ], [ 9.027055517537365, 45.738106642126994 ], [ 9.027080918621172, 45.737458723294971 ], [ 9.027080919717179, 45.737458680511665 ], [ 9.027093267805929, 45.73643275160795 ], [ 9.027093258643692, 45.736432622066545 ], [ 9.027093228163027, 45.736432494134647 ], [ 9.026655726403238, 45.735082944514865 ], [ 9.026655586042642, 45.735082294906128 ], [ 9.026616131417839, 45.734724691932691 ], [ 9.026382773655886, 45.732609491605416 ], [ 9.026371655853959, 45.732508570977288 ], [ 9.02637162496365, 45.732508388333066 ], [ 9.025972424306572, 45.730762562364554 ], [ 9.025972379200805, 45.730762324710135 ], [ 9.025881697757292, 45.730162623458959 ], [ 9.025866710082944, 45.730063509545147 ], [ 9.025727475938867, 45.729142406465847 ], [ 9.025727464713727, 45.729142325163544 ], [ 9.025690372852463, 45.728845585398794 ], [ 9.02553398834786, 45.727594472323574 ], [ 9.02553396406452, 45.727594115162361 ], [ 9.025530097190368, 45.727248907288562 ], [ 9.025520577980357, 45.726397274082665 ], [ 9.02552056760614, 45.726397110185076 ], [ 9.025456090741166, 45.725839275622391 ], [ 9.02545607205899, 45.725839173570279 ], [ 9.025455950972875, 45.725839115315416 ], [ 9.025344274508814, 45.725790604917506 ], [ 9.025086148359327, 45.725678477180026 ], [ 9.025085640111994, 45.72567823197415 ], [ 9.025085167796412, 45.72567795374875 ], [ 9.025084735769736, 45.725677645070498 ], [ 9.025084348017458, 45.725677308786977 ], [ 9.025084008116627, 45.725676948000462 ], [ 9.025083719202861, 45.725676566039198 ], [ 9.025083483941421, 45.725676166426851 ], [ 9.02508330450261, 45.725675752849874 ], [ 9.025083182541771, 45.725675329123554 ], [ 9.025083119184005, 45.7256748991568 ], [ 9.025078721982315, 45.725618754967869 ], [ 9.025005780240889, 45.724687283909397 ], [ 9.025005765105986, 45.724687180002583 ], [ 9.025005696683746, 45.724687087199726 ], [ 9.024812988395384, 45.724453281792904 ], [ 9.024812907035958, 45.724453193062978 ], [ 9.024812784604558, 45.724453131687589 ], [ 9.024663906944966, 45.724385723783442 ], [ 9.024663880285271, 45.724385711646988 ], [ 9.024224070928865, 45.724184407064129 ], [ 9.024223583141334, 45.724184160218911 ], [ 9.024223130464666, 45.724183882493556 ], [ 9.024222716869589, 45.724183576324108 ], [ 9.024222345984018, 45.724183244396222 ], [ 9.024222021061231, 45.724182889621446 ], [ 9.024221744951342, 45.724182515111757 ], [ 9.024221520076287, 45.724182124152179 ], [ 9.024221348408593, 45.724181720172119 ], [ 9.024221231454074, 45.724181306715138 ], [ 9.024016425092032, 45.723224027846207 ], [ 9.024016361733427, 45.723223579566991 ], [ 9.02401636267493, 45.723223129097022 ], [ 9.024016427907105, 45.723222680949668 ], [ 9.024016556776377, 45.723222239614955 ], [ 9.024016747991583, 45.723221809514726 ], [ 9.024016999636901, 45.723221394958223 ], [ 9.02401730919105, 45.723221000098938 ], [ 9.024017673552555, 45.723220628893102 ], [ 9.024018089070806, 45.723220285059803 ], [ 9.024018551582657, 45.723219972044035 ], [ 9.024019056454115, 45.723219692981928 ], [ 9.024019598626786, 45.723219450669468 ], [ 9.024020172668546, 45.723219247534409 ], [ 9.024020772827967, 45.723219085612023 ], [ 9.024230829974297, 45.72317071845994 ], [ 9.024230877381978, 45.723170707256656 ], [ 9.024314797326715, 45.7231503642737 ], [ 9.02465792737639, 45.723067154212494 ], [ 9.024658069035254, 45.723067114293308 ], [ 9.024658070175594, 45.723067007346309 ], [ 9.02457602137561, 45.721690701604935 ], [ 9.024554523779688, 45.721330084802382 ], [ 9.024554506822369, 45.721329929536452 ], [ 9.024167966342397, 45.718899970724479 ], [ 9.024167945676366, 45.718899816832007 ], [ 9.024000280356287, 45.717369864119689 ], [ 9.024000262206714, 45.717369742159285 ], [ 9.023807120101829, 45.716343837289834 ], [ 9.023807084045117, 45.716343685841771 ], [ 9.023511141306361, 45.715317756469275 ], [ 9.02351113200619, 45.715317725361515 ], [ 9.023494484224498, 45.715263937056534 ], [ 9.023343985867974, 45.714778102492943 ], [ 9.023343893153047, 45.714777727186856 ], [ 9.023343846071965, 45.714777347732912 ], [ 9.02326629520101, 45.713553757327404 ], [ 9.02326626711592, 45.713553544077421 ], [ 9.022970174860291, 45.712077661565026 ], [ 9.022970150252609, 45.712077523435561 ], [ 9.022764086955522, 45.710754624882014 ], [ 9.02276406314637, 45.710754520536113 ], [ 9.022763918252338, 45.710754549898759 ], [ 9.021531007660592, 45.711051743288209 ], [ 9.021530625073295, 45.711051855362228 ], [ 9.019717919404899, 45.711682146457662 ], [ 9.019622365336378, 45.711716169105017 ], [ 9.019621796335255, 45.711716347913452 ], [ 9.019621205266851, 45.711716487227683 ], [ 9.019620597701445, 45.711716585734813 ], [ 9.019619979364778, 45.711716642506531 ], [ 9.019619356084103, 45.711716657007806 ], [ 9.019618733733267, 45.711716629101957 ], [ 9.019618118177352, 45.711716559051993 ], [ 9.019617515217403, 45.711716447518057 ], [ 9.019616930535761, 45.711716295551277 ], [ 9.019616369642513, 45.711716104583751 ], [ 9.01961583782356, 45.711715876415212 ], [ 9.019615340090802, 45.711715613195935 ], [ 9.019614881134913, 45.711715317406508 ], [ 9.019614465281128, 45.711714991834469 ], [ 9.019614096448482, 45.711714639548042 ], [ 9.019613778112882, 45.711714263867215 ], [ 9.019270102100743, 45.711259767066878 ], [ 9.019269844677838, 45.711259384106455 ], [ 9.019269716735439, 45.711259135488746 ], [ 9.019269743480317, 45.71125910057809 ], [ 9.019744089005528, 45.710558127207058 ], [ 9.019744400692121, 45.71055772162876 ], [ 9.019744769921997, 45.710557340495221 ], [ 9.019745192827139, 45.710556987799166 ], [ 9.019745664977222, 45.710556667235409 ], [ 9.019746181426038, 45.710556382162181 ], [ 9.020579618121896, 45.710142941952228 ], [ 9.020579735867901, 45.710142877469558 ], [ 9.020579772041756, 45.710142775879632 ], [ 9.02073366526322, 45.709602938652758 ], [ 9.02073369157964, 45.709602804597075 ], [ 9.020733694626868, 45.709602669296281 ], [ 9.02068202804886, 45.708792903521825 ], [ 9.020681981146009, 45.708792608207681 ], [ 9.020489297041632, 45.708037728511052 ], [ 9.020489221264137, 45.708037329243489 ], [ 9.020489196743268, 45.708036926828207 ], [ 9.020489223675446, 45.708036524488612 ], [ 9.020489301844938, 45.708036125447457 ], [ 9.020489430625597, 45.708035732901131 ], [ 9.020681544547411, 45.70755068923367 ], [ 9.020681577483753, 45.70755060897396 ], [ 9.020936009561337, 45.706951584201327 ], [ 9.020936042168417, 45.706951493844549 ], [ 9.020936052967881, 45.70695140095215 ], [ 9.020975189153202, 45.706260747428104 ], [ 9.020975248780285, 45.706260288890689 ], [ 9.020975374965696, 45.706259837021683 ], [ 9.020975566388609, 45.706259396550955 ], [ 9.020975821045331, 45.706258972089074 ], [ 9.020976136270285, 45.706258568079015 ], [ 9.020976508763898, 45.706258188749707 ], [ 9.020976934627152, 45.706257838071686 ], [ 9.020977409402386, 45.706257519715649 ], [ 9.020977928119967, 45.706257237013943 ], [ 9.020978485350298, 45.706256992925681 ], [ 9.02133119452504, 45.706119551305633 ], [ 9.021331321067672, 45.706119496199236 ], [ 9.02133125740462, 45.70611940181827 ], [ 9.021014766456526, 45.705703698311076 ], [ 9.021014691274157, 45.705703609911431 ], [ 9.021014547272221, 45.705703630153316 ], [ 9.020545245734313, 45.705785964949513 ], [ 9.020544617940576, 45.705786052061043 ], [ 9.02054398089051, 45.705786094969369 ], [ 9.020543340908237, 45.70578609324852 ], [ 9.020542704346994, 45.705786046915577 ], [ 9.020542077526052, 45.705785956430518 ], [ 9.020541466667993, 45.705785822691588 ], [ 9.020540877836927, 45.705785647026453 ], [ 9.0205403168783, 45.705785431178974 ], [ 9.020539789360862, 45.705785177291901 ], [ 9.020539300521387, 45.705784887885628 ], [ 9.020538855212683, 45.705784565833156 ], [ 9.020538457855416, 45.705784214331551 ], [ 9.020538112394233, 45.70578383687026 ], [ 9.020537822258598, 45.705783437196409 ], [ 9.019781334250817, 45.704598694160616 ], [ 9.019781185424721, 45.704598440631884 ], [ 9.019394505319589, 45.703878090273648 ], [ 9.019394317406578, 45.703877682169939 ], [ 9.019394185782168, 45.703877263387646 ], [ 9.019394111641386, 45.703876837728899 ], [ 9.019394095657356, 45.703876409058275 ], [ 9.019394137975194, 45.703875981267707 ], [ 9.019394238210699, 45.703875558241094 ], [ 9.019394395453821, 45.703875143819161 ], [ 9.019394608276944, 45.703874741764437 ], [ 9.019394874747835, 45.703874355727208 ], [ 9.019395192447192, 45.70387398921229 ], [ 9.019395558490604, 45.70387364554734 ], [ 9.019395969554749, 45.703873327852477 ], [ 9.019396421907551, 45.703873039012073 ], [ 9.019396911442083, 45.703872781648535 ], [ 9.019397433713833, 45.703872558098446 ], [ 9.019397983981074, 45.703872370391466 ], [ 9.019398557247902, 45.703872220231773 ], [ 9.020380847276982, 45.703651676659788 ], [ 9.02038098448504, 45.703651640696165 ], [ 9.020380938569351, 45.703651543224694 ], [ 9.019910685069194, 45.702793554004685 ], [ 9.019526760249311, 45.702093095145408 ], [ 9.019526566536339, 45.702092683494847 ], [ 9.019526430240177, 45.702092260695935 ], [ 9.019526352625149, 45.70209183067071 ], [ 9.019526334411236, 45.702091397408182 ], [ 9.019526375767395, 45.702090964927457 ], [ 9.019526476309993, 45.702090537240331 ], [ 9.019526635106361, 45.702090118314189 ], [ 9.019526850683457, 45.702089712035104 ], [ 9.019527121041518, 45.702089322171844 ], [ 9.01952744367262, 45.702088952340901 ], [ 9.019527815583938, 45.702088605972961 ], [ 9.019528233325504, 45.702088286281004 ], [ 9.01952869302222, 45.702087996230603 ], [ 9.019529190409802, 45.702087738512382 ], [ 9.01964205167738, 45.702034954597103 ], [ 9.019642173029684, 45.702034891660347 ], [ 9.019642138127937, 45.702034788737848 ], [ 9.019534583084498, 45.70177457201622 ], [ 9.019534554711665, 45.701774507057571 ], [ 9.019436812169628, 45.701562233304337 ], [ 9.019436758572278, 45.701562133937472 ], [ 9.019436609149036, 45.701562151886165 ], [ 9.019084933212694, 45.701617005957395 ], [ 9.019084902052194, 45.701617010760856 ], [ 9.018610101547173, 45.701689335158257 ], [ 9.018609461381095, 45.701689409171706 ], [ 9.018608813824489, 45.701689437552844 ], [ 9.018608165485464, 45.701689420012023 ], [ 9.01860752298011, 45.701689356728259 ], [ 9.018606892864991, 45.701689248347336 ], [ 9.01860628157023, 45.701689095975233 ], [ 9.018605695333894, 45.701688901166875 ], [ 9.018605140138337, 45.701688665910233 ], [ 9.018604621649152, 45.701688392605995 ], [ 9.018604145157354, 45.701688084043155 ], [ 9.018603715525391, 45.701687743370506 ], [ 9.018603337137515, 45.701687374064498 ], [ 9.018603013855056, 45.701686979893786 ], [ 9.018602748977003, 45.701686564880745 ], [ 9.018420314959362, 45.701356988165735 ], [ 9.018420072176649, 45.7013564525205 ], [ 9.018332171767257, 45.701110146397419 ], [ 9.01833210280517, 45.70110998051171 ], [ 9.018283389244999, 45.701007619528163 ], [ 9.018283249014686, 45.701007281293705 ], [ 9.018283146963519, 45.701006936410913 ], [ 9.018263682088399, 45.700925177990804 ], [ 9.018263650619021, 45.700925075547573 ], [ 9.01826360564761, 45.700924975608167 ], [ 9.018148748516815, 45.700705962263307 ], [ 9.01814858190483, 45.700705597255855 ], [ 9.018148460214258, 45.700705223639531 ], [ 9.018148384327478, 45.700704844123457 ], [ 9.018120995029221, 45.700506819581989 ], [ 9.018120976553138, 45.70050671270247 ], [ 9.017928657013716, 45.699580415826098 ], [ 9.017793881364909, 45.698931267347056 ], [ 9.017793851067413, 45.698931159674409 ], [ 9.017793705160296, 45.698931119787829 ], [ 9.017621985858757, 45.698891009571518 ], [ 9.017621397723117, 45.698890849295147 ], [ 9.017620834873263, 45.698890649348066 ], [ 9.017620302743049, 45.698890411660628 ], [ 9.017619806469753, 45.69889013852746 ], [ 9.01761935084448, 45.698889832585472 ], [ 9.017618940265919, 45.698889496788297 ], [ 9.017618578697862, 45.69888913437773 ], [ 9.017618269630951, 45.698888748852568 ], [ 9.017618016048971, 45.69888834393474 ], [ 9.017617820400043, 45.698887923533398 ], [ 9.017617684572995, 45.698887491707161 ], [ 9.017617609879125, 45.698887052624954 ], [ 9.017525979440991, 45.69796461245906 ], [ 9.017525943525216, 45.697964398919062 ], [ 9.017507046660848, 45.697884944315604 ], [ 9.01750701644457, 45.697884803577246 ], [ 9.017417369279485, 45.697417094156862 ], [ 9.017417324380487, 45.697416772994174 ], [ 9.017336513689608, 45.696501522771506 ], [ 9.017336505543721, 45.696501083851985 ], [ 9.017336558456366, 45.696500646464187 ], [ 9.017336671924159, 45.696500214769188 ], [ 9.01733684486763, 45.696499792873894 ], [ 9.017337075641482, 45.696499384791977 ], [ 9.017337362050258, 45.696498994405715 ], [ 9.017337701369215, 45.696498625429065 ], [ 9.017338090370258, 45.696498281372222 ], [ 9.017338525352637, 45.696497965508392 ], [ 9.017339002178165, 45.696497680842512 ], [ 9.01733951631058, 45.696497430082758 ], [ 9.017340062858702, 45.696497215614713 ], [ 9.017340636622967, 45.6964970394787 ], [ 9.017341232144894, 45.696496903350415 ], [ 9.017440175983674, 45.696477972991559 ], [ 9.017440319876465, 45.696477940080555 ], [ 9.017440317216126, 45.696477834028329 ], [ 9.017250405097686, 45.694480500921536 ], [ 9.017250385307383, 45.694480384786957 ], [ 9.017250331516433, 45.694480274068326 ], [ 9.01721291304121, 45.694414713323255 ], [ 9.01721269026047, 45.694414252039714 ], [ 9.017212539907563, 45.694413776587886 ], [ 9.017212463743011, 45.694413292534904 ], [ 9.017136509666694, 45.693458513527844 ], [ 9.017136499710874, 45.693458263989932 ], [ 9.017136388308213, 45.693093499731752 ], [ 9.017136380521567, 45.693093391987624 ], [ 9.017136226585221, 45.693093391069056 ], [ 9.016688765848485, 45.693106528896273 ], [ 9.016688118961914, 45.693106525033627 ], [ 9.016687475912088, 45.693106475581224 ], [ 9.016686843224498, 45.693106381040892 ], [ 9.016686227319488, 45.693106242372011 ], [ 9.016685634447093, 45.693106060981748 ], [ 9.016685070623618, 45.6931058387108 ], [ 9.016684541570591, 45.693105577814734 ], [ 9.016684052656693, 45.693105280941012 ], [ 9.016683608843293, 45.693104951102249 ], [ 9.016683214634083, 45.693104591645572 ], [ 9.016682874029392, 45.693104206218614 ], [ 9.016682590485582, 45.693103798732615 ], [ 9.016682366879971, 45.693103373322614 ], [ 9.016682205481651, 45.693102934305564 ], [ 9.016682107928446, 45.693102486136475 ], [ 9.016682075210296, 45.693102033363253 ], [ 9.016681910900381, 45.692549370721714 ], [ 9.016681902948923, 45.692549260916557 ], [ 9.016681759013698, 45.692549217174658 ], [ 9.016534610681729, 45.692510557680691 ], [ 9.016534015918474, 45.692510376931104 ], [ 9.016533450189328, 45.692510155078814 ], [ 9.016532919259586, 45.692509894384713 ], [ 9.016532428539898, 45.692509597505499 ], [ 9.016531983031147, 45.692509267466654 ], [ 9.016531587273464, 45.692508907631549 ], [ 9.016531245299982, 45.69250852166725 ], [ 9.016530960595716, 45.692508113507067 ], [ 9.016530736062061, 45.692507687310545 ], [ 9.016530573987216, 45.692507247420991 ], [ 9.016530476022869, 45.69250679832129 ], [ 9.016530443167364, 45.692506344588161 ], [ 9.016530264250953, 45.691899018719646 ], [ 9.016530256605806, 45.691898911384492 ], [ 9.016530107278848, 45.691898886933217 ], [ 9.016327188882316, 45.691873029663412 ], [ 9.016326578205065, 45.691872930042635 ], [ 9.016325984301421, 45.691872789160186 ], [ 9.016325412833201, 45.691872608359155 ], [ 9.01632486924834, 45.691872389363127 ], [ 9.016324358728959, 45.691872134259846 ], [ 9.016323886141953, 45.691871845481309 ], [ 9.016323455992598, 45.691871525780464 ], [ 9.01632307238161, 45.691871178205105 ], [ 9.016322738966036, 45.691870806068763 ], [ 9.0163224589244, 45.691870412919087 ], [ 9.016322234926404, 45.691870002504039 ], [ 9.016322069107469, 45.691869578736224 ], [ 9.01632196304838, 45.691869145655524 ], [ 9.016321917760227, 45.691868707390569 ], [ 9.016303085596778, 45.691306091608539 ], [ 9.016303101336932, 45.691305653984728 ], [ 9.016303177671469, 45.691305219503022 ], [ 9.016303313878135, 45.691304792274352 ], [ 9.016303508668164, 45.691304376341073 ], [ 9.016303760198507, 45.691303975638633 ], [ 9.016304066089235, 45.691303593958409 ], [ 9.01630442344608, 45.691303234911764 ], [ 9.016304828887815, 45.691302901895902 ], [ 9.016305278578244, 45.691302598061753 ], [ 9.016305768262498, 45.691302326284116 ], [ 9.0163062933073, 45.691302089134496 ], [ 9.016306848744801, 45.691301888856749 ], [ 9.016307429319573, 45.691301727345859 ], [ 9.01630802953836, 45.69130160612999 ], [ 9.016308643722029, 45.691301526356057 ], [ 9.016309266059315, 45.69130148877889 ], [ 9.016813862847929, 45.69128829464649 ], [ 9.016814015135779, 45.691288285307039 ], [ 9.016814012662239, 45.691288178186753 ], [ 9.016796873927516, 45.691106925595868 ], [ 9.016796870381381, 45.691106885363027 ], [ 9.016624049884081, 45.688992211597267 ], [ 9.016624034065238, 45.688992107080679 ], [ 9.016623887238651, 45.688992085691375 ], [ 9.016269966010725, 45.688952953153347 ], [ 9.016269362847268, 45.688952865498194 ], [ 9.016268774443047, 45.688952737741275 ], [ 9.016268206212754, 45.68895257105828 ], [ 9.016267663385436, 45.688952366983052 ], [ 9.016267150956375, 45.68895212739357 ], [ 9.016266673641114, 45.688951854494618 ], [ 9.016266235832072, 45.688951550797533 ], [ 9.016265841558111, 45.688951219096985 ], [ 9.016265494447476, 45.688950862445417 ], [ 9.016265197694389, 45.688950484124874 ], [ 9.01626495402968, 45.68895008761676 ], [ 9.016264765695626, 45.688949676569912 ], [ 9.01626463442534, 45.688949254766889 ], [ 9.016264561426816, 45.688948826089288 ], [ 9.016264547371806, 45.688948394481919 ], [ 9.016282377866863, 45.688451892793829 ], [ 9.016282363244997, 45.688451614520943 ], [ 9.0160507605568, 45.686813724717261 ], [ 9.016050742758518, 45.686813572601714 ], [ 9.015934808417722, 45.685562618888568 ], [ 9.015934799586207, 45.685562498814512 ], [ 9.015857378570692, 45.684140662244936 ], [ 9.015857383189873, 45.684140248605999 ], [ 9.015959711140173, 45.682808370852385 ], [ 9.015959715697063, 45.682808266455581 ], [ 9.015972206537061, 45.681620732846746 ], [ 9.015972253882554, 45.681620219492899 ], [ 9.015972384496859, 45.681619713279964 ], [ 9.015981530702646, 45.681593067137285 ], [ 9.016289220560349, 45.680696627311534 ], [ 9.016289249326462, 45.680696520354978 ], [ 9.016289136972579, 45.680696445228762 ], [ 9.015828635629662, 45.68041783956204 ], [ 9.015283961146002, 45.680089580974773 ], [ 9.014915936735557, 45.679867384711592 ], [ 9.01417885814039, 45.679422361261615 ], [ 9.01328794284114, 45.678884439607593 ], [ 9.013287829106289, 45.678884377461564 ], [ 9.013287803643081, 45.678884476958871 ], [ 9.013282524921856, 45.678913099062036 ], [ 9.013274094429006, 45.678958812671496 ], [ 9.013232103341499, 45.679186499501846 ], [ 9.013147387728775, 45.679645858419327 ], [ 9.01314727984701, 45.679646282549477 ], [ 9.013147114604118, 45.679646697505426 ], [ 9.013146893514371, 45.679647099484527 ], [ 9.013146618603827, 45.67964748480307 ], [ 9.013146292391749, 45.679647849930042 ], [ 9.013145917867524, 45.679648191519398 ], [ 9.013145498463276, 45.679648506440849 ], [ 9.013145038022399, 45.679648791808475 ], [ 9.013144540764351, 45.679649045007181 ], [ 9.013144011245979, 45.679649263716669 ], [ 9.013143454319758, 45.679649445932704 ], [ 9.013142875089335, 45.679649589985424 ], [ 9.013142278862743, 45.67964969455479 ], [ 9.013141671103776, 45.679649758682508 ], [ 9.01238933694813, 45.679703480452943 ], [ 9.012389009652402, 45.679703515867267 ], [ 9.011028277618562, 45.679901621653038 ], [ 9.011028115448385, 45.679901651631432 ], [ 9.011027997233269, 45.679901735023968 ], [ 9.011028009132362, 45.679901725687792 ], [ 9.011028102792899, 45.679901644772293 ], [ 9.011028063341946, 45.679901544309033 ], [ 9.01081001643813, 45.679434260331846 ], [ 9.010809852547238, 45.679433841780124 ], [ 9.010809746937584, 45.679433414108225 ], [ 9.010809700591455, 45.679432981293978 ], [ 9.01077100898519, 45.678416655437019 ], [ 9.010770998049919, 45.67841655272364 ], [ 9.010770851396652, 45.678416546346533 ], [ 9.009872277296489, 45.678407634319015 ], [ 9.009872135712474, 45.678407635103582 ], [ 9.008154062879045, 45.67844371858429 ], [ 9.008153394013863, 45.678443708180424 ], [ 9.008152730324888, 45.678443649040311 ], [ 9.008152079019267, 45.678443541806161 ], [ 9.008151447169677, 45.678443387642439 ], [ 9.008150841637512, 45.678443188223262 ], [ 9.008150268998385, 45.67844294571416 ], [ 9.00814973547071, 45.678442662748601 ], [ 9.007909893279077, 45.678301097478752 ], [ 9.007909442834531, 45.678300804672794 ], [ 9.007909034374514, 45.678300483028835 ], [ 9.007908671638733, 45.678300135491732 ], [ 9.007908357948256, 45.678299765243395 ], [ 9.007908096175116, 45.678299375673696 ], [ 9.007907888716005, 45.67829897034936 ], [ 9.007907737470338, 45.67829855298141 ], [ 9.007907643822865, 45.678298127391095 ], [ 9.007907608630983, 45.678297697474946 ], [ 9.007899598131022, 45.677703961669991 ], [ 9.007895061933953, 45.677367777373583 ], [ 9.007894644196528, 45.677336785561593 ], [ 9.007894636324048, 45.677336684600071 ], [ 9.007894602705546, 45.67733658627256 ], [ 9.007650671670278, 45.676742806815774 ], [ 9.007650564434801, 45.676742507555751 ], [ 9.007355213892968, 45.675779687396535 ], [ 9.007355154201113, 45.675779465965107 ], [ 9.007162484686235, 45.674951640664808 ], [ 9.007162453678204, 45.674951538980864 ], [ 9.007162312042718, 45.674951569861115 ], [ 9.006495123256535, 45.675122509961163 ], [ 9.006494559626178, 45.675122634077326 ], [ 9.005815448899558, 45.675248428842593 ], [ 9.005814906421692, 45.675248511914553 ], [ 9.005814355733033, 45.67524856181403 ], [ 9.005813800953336, 45.675248578167725 ], [ 9.005813246232965, 45.675248560853255 ], [ 9.004549685638526, 45.675170620913462 ], [ 9.003772937441008, 45.675122707759598 ], [ 9.003772797375413, 45.675122698033434 ], [ 9.002293700170068, 45.675008488358024 ], [ 9.002293545470298, 45.675008481930298 ], [ 9.002293512313209, 45.675008588053537 ], [ 9.002193672913364, 45.675428625477473 ], [ 9.00219365265173, 45.675428761613368 ], [ 9.002193656233151, 45.675428898465206 ], [ 9.002309188662879, 45.676445542963755 ], [ 9.002309198081377, 45.676446161978866 ], [ 9.002251954824168, 45.677135268543964 ], [ 9.002232213493116, 45.677372923151637 ], [ 9.002232211324428, 45.677372948068182 ], [ 9.002228056651466, 45.677418598830357 ], [ 9.00211695823749, 45.678639381593975 ], [ 9.002116887905599, 45.678639817926339 ], [ 9.002116757247084, 45.678640247377125 ], [ 9.002116567505814, 45.678640665857984 ], [ 9.002116320488126, 45.678641069384959 ], [ 9.002116018545625, 45.678641454116487 ], [ 9.002115664552806, 45.67864181638992 ], [ 9.002115261879677, 45.67864215275641 ], [ 9.002114814359688, 45.678642460013748 ], [ 9.002114326253229, 45.678642735236835 ], [ 9.002113802207074, 45.678642975805573 ], [ 9.002113247210143, 45.678643179429727 ], [ 9.001256640033388, 45.678921025592579 ], [ 9.00125619040506, 45.678921157150604 ], [ 9.0006204503664, 45.679087607824577 ], [ 9.00026778273635, 45.67918210336402 ], [ 9.000267629092823, 45.6791821477605 ], [ 8.999369038576573, 45.679461088217487 ], [ 8.999368900132243, 45.679461137141132 ], [ 8.999368915266611, 45.679461245301965 ], [ 8.999458747788417, 45.679884073834508 ], [ 8.999458777968789, 45.679884179373239 ], [ 8.999458931470993, 45.679884176491967 ], [ 9.000126277821932, 45.679848195650727 ], [ 9.000126461623079, 45.679848178173685 ], [ 9.000126641298126, 45.679848145887739 ], [ 9.001588426113578, 45.679521035334496 ], [ 9.001589044619521, 45.679520920386523 ], [ 9.001589676376764, 45.679520849165726 ], [ 9.001590315110041, 45.679520822379537 ], [ 9.001590954474796, 45.679520840294032 ], [ 9.001591588120199, 45.679520902731248 ], [ 9.001592209752236, 45.679521009071024 ], [ 9.001592813196213, 45.679521158257046 ], [ 9.001593392458103, 45.679521348807491 ], [ 9.00159394178408, 45.679521578829558 ], [ 9.001594455717674, 45.679521846038483 ], [ 9.001594929153965, 45.679522147780048 ], [ 9.001595357390295, 45.679522481057042 ], [ 9.001595736172982, 45.679522842559038 ], [ 9.00159606173956, 45.679523228695189 ], [ 9.001596330856168, 45.679523635630019 ], [ 9.001596540849663, 45.679524059321423 ], [ 9.001641594310602, 45.679632044713514 ], [ 9.001641645746895, 45.67963214874635 ], [ 9.001641711485551, 45.679632248743189 ], [ 9.00194900177917, 45.680045069046734 ], [ 9.001949247574318, 45.680045439304784 ], [ 9.001949444475173, 45.680045823656741 ], [ 9.001949590860395, 45.680046218937733 ], [ 9.001949685524604, 45.680046621892899 ], [ 9.001949727688306, 45.680047029204204 ], [ 9.00194971700431, 45.6800474375177 ], [ 9.001911673896375, 45.680465324624983 ], [ 9.001911606026725, 45.680465750209919 ], [ 9.00191148075691, 45.680466169346417 ], [ 9.001911299221161, 45.680466578239475 ], [ 9.001911063063179, 45.680466973186803 ], [ 9.001910774421221, 45.680467350612396 ], [ 9.001910435908762, 45.680467707098906 ], [ 9.001910050590821, 45.680468039418543 ], [ 9.001909621956212, 45.680468344562406 ], [ 9.001909153885954, 45.680468619767609 ], [ 9.001908650618134, 45.680468862542277 ], [ 9.001908116709529, 45.680469070688275 ], [ 9.001907556994352, 45.680469242320981 ], [ 9.001906976540473, 45.680469375886354 ], [ 9.001906380603543, 45.680469470175041 ], [ 9.001905774579408, 45.68046952433334 ], [ 9.00110250433049, 45.680514216399047 ], [ 9.001102249648644, 45.680514237776549 ], [ 8.999022329530325, 45.680748239188219 ], [ 8.999022171240439, 45.680748262907912 ], [ 8.999022074639011, 45.680748353948204 ], [ 8.998613560648963, 45.681177853028515 ], [ 8.998613195109426, 45.681178200071656 ], [ 8.998612783846152, 45.68117852098873 ], [ 8.998612330637782, 45.681178812831149 ], [ 8.998611839648346, 45.681179072917523 ], [ 8.998611315389002, 45.68117929885819 ], [ 8.99861076267659, 45.681179488577264 ], [ 8.998610186589369, 45.681179640331592 ], [ 8.998609592420372, 45.681179752726862 ], [ 8.99860898562876, 45.681179824730435 ], [ 8.998608371789667, 45.681179855680718 ], [ 8.998607756542983, 45.681179845293371 ], [ 8.998607145541531, 45.681179793663816 ], [ 8.998163261249914, 45.681127050412407 ], [ 8.997853781345915, 45.681090276338615 ], [ 8.997853634821585, 45.681090263889423 ], [ 8.997853545409354, 45.681090346203497 ], [ 8.99785354753501, 45.681090344041657 ], [ 8.997853624592834, 45.681090257372141 ], [ 8.997853611701178, 45.681090155649869 ], [ 8.997750933656812, 45.680559224544339 ], [ 8.997750932580743, 45.680559218953789 ], [ 8.997635422822261, 45.679956247902204 ], [ 8.997635395007812, 45.679956078406569 ], [ 8.997455726056417, 45.678642260197321 ], [ 8.997455696760699, 45.678641830615888 ], [ 8.997455760104355, 45.677244142154613 ], [ 8.99745576853957, 45.677058009970111 ], [ 8.997455761088275, 45.677057904754825 ], [ 8.99745561288648, 45.677057922205165 ], [ 8.996474027829548, 45.677208938401996 ], [ 8.996473359438955, 45.677209015582307 ], [ 8.996472683168086, 45.677209042964492 ], [ 8.996403477816145, 45.677209281392969 ], [ 8.995080584469228, 45.677219832552886 ], [ 8.995080158406935, 45.677219855914487 ], [ 8.993231433800936, 45.67740875220462 ], [ 8.99323132779573, 45.677408764307891 ], [ 8.991814281940171, 45.677587656589317 ], [ 8.991813671083088, 45.677587712647792 ], [ 8.991813055373406, 45.677587727404735 ], [ 8.991812440480778, 45.677587700724267 ], [ 8.991811832067336, 45.67758763285206 ], [ 8.991811235735543, 45.677587524413106 ], [ 8.991810656976615, 45.67758737640596 ], [ 8.991810101119951, 45.677587190193499 ], [ 8.991809573284057, 45.677586967490427 ], [ 8.991809078329414, 45.67758671034747 ], [ 8.991808620813725, 45.677586421132496 ], [ 8.991808204949937, 45.67758610250867 ], [ 8.991807834567462, 45.677585757410007 ], [ 8.991807513076896, 45.677585389014261 ], [ 8.991807243438625, 45.677585000713748 ], [ 8.991807028135566, 45.677584596084067 ], [ 8.991806869150301, 45.67758417885117 ], [ 8.991806767946807, 45.677583752857082 ], [ 8.991806725457003, 45.677583322024475 ], [ 8.991806742072146, 45.677582890320615 ], [ 8.991844694141522, 45.677228695017014 ], [ 8.991844699636145, 45.677228631858654 ], [ 8.991852324369951, 45.677114625872697 ], [ 8.991871892554917, 45.676822036452918 ], [ 8.991947614130311, 45.675689787863305 ], [ 8.991947687835795, 45.675689287068515 ], [ 8.992101580202693, 45.675015529498943 ], [ 8.992101700175391, 45.675015124480531 ], [ 8.992101872689339, 45.675014728895299 ], [ 8.992102096287057, 45.675014346085312 ], [ 8.992102369079502, 45.675013979284699 ], [ 8.992102688761996, 45.675013631592357 ], [ 8.992576836543682, 45.67454656476842 ], [ 8.992576916753885, 45.674546476860407 ], [ 8.992576777435684, 45.674546440106141 ], [ 8.991901758462966, 45.674394600526767 ], [ 8.991901186486647, 45.674394450476733 ], [ 8.991900637437404, 45.674394263003663 ], [ 8.991900116284087, 45.67439403980417 ], [ 8.991899627743098, 45.674393782898207 ], [ 8.991899176235693, 45.674393494610733 ], [ 8.991898765847976, 45.674393177550733 ], [ 8.991898400293929, 45.674392834587586 ], [ 8.991898082881784, 45.674392468825076 ], [ 8.991897816484096, 45.674392083573316 ], [ 8.991897603511743, 45.67439168231882 ], [ 8.991897445892107, 45.674391268692908 ], [ 8.991897345051633, 45.67439084643884 ], [ 8.991897301902917, 45.674390419378035 ], [ 8.991897316836448, 45.674389991375307 ], [ 8.991897389717083, 45.674389566304072 ], [ 8.992076265919676, 45.673646593164008 ], [ 8.992076410749011, 45.673646137243566 ], [ 8.992268926125188, 45.673160441675144 ], [ 8.992268958656673, 45.673160340879001 ], [ 8.992268812760546, 45.673160326090965 ], [ 8.99119067520288, 45.673088249352425 ], [ 8.991190524701945, 45.673088244481235 ], [ 8.991190487941918, 45.673088346910305 ], [ 8.991049302260874, 45.673582876535285 ], [ 8.991049160754274, 45.673583276191998 ], [ 8.991048967732223, 45.673583665108325 ], [ 8.990793866323019, 45.674030635852482 ], [ 8.990793614505106, 45.674031022934457 ], [ 8.990793311674087, 45.674031391617319 ], [ 8.990792960536188, 45.674031738606352 ], [ 8.990792564229313, 45.674032060800712 ], [ 8.990792126295023, 45.674032355321174 ], [ 8.990791650646875, 45.674032619535723 ], [ 8.990791141535452, 45.674032851083282 ], [ 8.99079060351038, 45.674033047894632 ], [ 8.990790041379672, 45.674033208210993 ], [ 8.99078946016675, 45.674033330599705 ], [ 8.990788865065575, 45.674033413967052 ], [ 8.990788261394208, 45.674033457568036 ], [ 8.989871293105892, 45.674069091207649 ], [ 8.989870671693387, 45.674069094235698 ], [ 8.989870052774684, 45.674069055129344 ], [ 8.989869442149278, 45.674068974255007 ], [ 8.98986884553895, 45.674068852370532 ], [ 8.989868268534158, 45.674068690618 ], [ 8.989867716541648, 45.674068490513122 ], [ 8.989867194733787, 45.674068253930898 ], [ 8.989866708000109, 45.674067983088236 ], [ 8.989866260901486, 45.674067680523031 ], [ 8.98986585762739, 45.674067349070405 ], [ 8.98965052358284, 45.67387194831808 ], [ 8.989650139763581, 45.673871559379677 ], [ 8.989649816286104, 45.673871144351615 ], [ 8.989649556722719, 45.673870707817251 ], [ 8.989649363939915, 45.673870254597453 ], [ 8.989457614016931, 45.673314284688033 ], [ 8.989457490380488, 45.673313821020855 ], [ 8.989457436649632, 45.673313350828394 ], [ 8.989457453414632, 45.673312879275976 ], [ 8.989457540491308, 45.673312411543868 ], [ 8.989457696923076, 45.67331195277032 ], [ 8.989688348194072, 45.672764234801519 ], [ 8.989688443862528, 45.672763932083967 ], [ 8.989804023362785, 45.672224153526216 ], [ 8.989804038745598, 45.672224047297846 ], [ 8.989804010612032, 45.67222394236093 ], [ 8.98961168244092, 45.671657308428443 ], [ 8.989611533769816, 45.671656668919141 ], [ 8.989509034779477, 45.670856019533275 ], [ 8.989509014864943, 45.670855918485046 ], [ 8.989508872017348, 45.670855937880262 ], [ 8.988456385193885, 45.671035788806023 ], [ 8.988456236727288, 45.671035819789701 ], [ 8.98845624058939, 45.671035928355927 ], [ 8.988507476372549, 45.671512804899436 ], [ 8.988507493786452, 45.671512924331857 ], [ 8.988648516164989, 45.67227776179547 ], [ 8.988648562562194, 45.672278135143401 ], [ 8.988673959065745, 45.672671285704432 ], [ 8.988673956672192, 45.672671727084101 ], [ 8.988673892616704, 45.672672166176625 ], [ 8.98867376751542, 45.672672598758425 ], [ 8.988673582571671, 45.672673020668576 ], [ 8.988673339564395, 45.672673427848778 ], [ 8.988673040831044, 45.672673816382463 ], [ 8.988672689245082, 45.672674182532354 ], [ 8.988672288188356, 45.672674522776532 ], [ 8.98867184151857, 45.672674833842237 ], [ 8.988671353532169, 45.672675112737373 ], [ 8.988670828923015, 45.672675356779294 ], [ 8.988136528126686, 45.672898252861209 ], [ 8.988135977426888, 45.672898457891975 ], [ 8.988135400951112, 45.6728986245001 ], [ 8.988134804138186, 45.672898751113692 ], [ 8.988134192618809, 45.672898836538181 ], [ 8.988133572162431, 45.672898879967661 ], [ 8.988132948622816, 45.672898880992371 ], [ 8.987300490049396, 45.672871872593326 ], [ 8.987300164422857, 45.67287187362701 ], [ 8.986611836251937, 45.672898587702079 ], [ 8.986611200317492, 45.672898590264076 ], [ 8.986610567141893, 45.672898548702598 ], [ 8.986609942938941, 45.672898463425469 ], [ 8.98660933383437, 45.672898335269608 ], [ 8.986608745805746, 45.672898165492697 ], [ 8.986608184623812, 45.672897955760853 ], [ 8.986607655795833, 45.672897708132354 ], [ 8.986607164511568, 45.672897425037313 ], [ 8.98660671559233, 45.672897109253967 ], [ 8.98660631344368, 45.672896763881312 ], [ 8.986605962012179, 45.672896392308736 ], [ 8.986605664746671, 45.672895998182717 ], [ 8.986605424564427, 45.672895585371116 ], [ 8.986440320198698, 45.672565998522764 ], [ 8.986440102292724, 45.672565457594885 ], [ 8.986234969648887, 45.671899739912156 ], [ 8.98623493527319, 45.671899647590799 ], [ 8.98623487906945, 45.671899560691649 ], [ 8.985695931590994, 45.671152565279058 ], [ 8.985695863336806, 45.671152475749437 ], [ 8.98513679691531, 45.670457326288052 ], [ 8.985136714382371, 45.670457234710931 ], [ 8.985136566566313, 45.670457266254324 ], [ 8.984450913848381, 45.670630327229006 ], [ 8.98445077706358, 45.670630367180443 ], [ 8.984450860011719, 45.670630453265161 ], [ 8.98479378973872, 45.670951154198214 ], [ 8.984794143721569, 45.670951521648803 ], [ 8.984794444409864, 45.670951911737127 ], [ 8.984794688884781, 45.670952320676548 ], [ 8.984794874773158, 45.67095274449742 ], [ 8.984795000270541, 45.67095317908565 ], [ 8.984795064158705, 45.670953620222605 ], [ 8.984795065817476, 45.670954063626084 ], [ 8.984795005230749, 45.670954504991911 ], [ 8.984794882986652, 45.670954940035671 ], [ 8.984794700271824, 45.670955364534301 ], [ 8.984794458859907, 45.670955774367158 ], [ 8.984794161094332, 45.670956165555864 ], [ 8.984793809865554, 45.670956534303137 ], [ 8.984793408583016, 45.670956877029468 ], [ 8.984792961142032, 45.670957190407947 ], [ 8.983847213130971, 45.671557290299134 ], [ 8.983847110171697, 45.671557362227752 ], [ 8.983847227736591, 45.671557422150016 ], [ 8.984624889829721, 45.671915077857868 ], [ 8.984625392826523, 45.671915334460486 ], [ 8.984625858034317, 45.671915623990103 ], [ 8.984626281084548, 45.671915943727846 ], [ 8.984626658004531, 45.671916290671199 ], [ 8.984626985254778, 45.671916661562186 ], [ 8.98462725976222, 45.671917052917919 ], [ 8.984627478949079, 45.671917461063344 ], [ 8.984627640757063, 45.671917882165772 ], [ 8.984627743666707, 45.671918312270776 ], [ 8.984627786711624, 45.671918747339454 ], [ 8.984627769487599, 45.671919183286256 ], [ 8.984627692156376, 45.671919616017384 ], [ 8.984627555444137, 45.671920041469264 ], [ 8.984627360634681, 45.671920455646678 ], [ 8.984627109557385, 45.671920854660222 ], [ 8.984626804570004, 45.671921234762962 ], [ 8.983936730032537, 45.672691372421305 ], [ 8.983936653827204, 45.672691467771635 ], [ 8.983936740969565, 45.672691558400729 ], [ 8.984434877246922, 45.673157382356258 ], [ 8.984435235488862, 45.673157754720386 ], [ 8.984435539003847, 45.673158150263212 ], [ 8.984435784768866, 45.673158565045114 ], [ 8.98443597033609, 45.673158994934852 ], [ 8.984436093857264, 45.673159435650717 ], [ 8.984436154102113, 45.673159882803155 ], [ 8.984436150470597, 45.673160331938561 ], [ 8.984436082998883, 45.673160778583494 ], [ 8.984435952358989, 45.673161218289351 ], [ 8.98443575985209, 45.673161646676697 ], [ 8.984435507395562, 45.673162059478742 ], [ 8.984154708200689, 45.673564472592531 ], [ 8.984154649080963, 45.673564568964217 ], [ 8.984154779486122, 45.673564620419803 ], [ 8.985154561639135, 45.673915232711167 ], [ 8.985155110149547, 45.673915449257386 ], [ 8.98515562576943, 45.673915702423706 ], [ 8.985156103540767, 45.673915989775757 ], [ 8.985156538869481, 45.673916308550467 ], [ 8.985156927569609, 45.673916655682632 ], [ 8.985874440722547, 45.674626508857976 ], [ 8.985874793129259, 45.674626898381163 ], [ 8.985875086810584, 45.674627311145734 ], [ 8.986580706654168, 45.675761045390985 ], [ 8.986580753737021, 45.675761117540361 ], [ 8.987169146158926, 45.676622281955062 ], [ 8.987169386495871, 45.67662268220581 ], [ 8.987169570683294, 45.676623096831321 ], [ 8.987169697006202, 45.676623521970974 ], [ 8.987169764288389, 45.676623953666265 ], [ 8.987169771903389, 45.676624387897647 ], [ 8.98716971978029, 45.676624820621946 ], [ 8.98716960840442, 45.67662524781003 ], [ 8.987169438812805, 45.676625665484309 ], [ 8.987169212584526, 45.67662606975577 ], [ 8.987168931826014, 45.676626456860234 ], [ 8.987168599151435, 45.67662682319331 ], [ 8.987168217658347, 45.676627165344087 ], [ 8.987167790898869, 45.676627480126697 ], [ 8.986858909906584, 45.676834340242387 ], [ 8.986783306547821, 45.676885030650446 ], [ 8.986679527971921, 45.676954531972832 ], [ 8.986473952641688, 45.677092164676601 ], [ 8.986473545828449, 45.677092414922292 ], [ 8.986335786211537, 45.677170201646383 ], [ 8.986335664980583, 45.677170277552776 ], [ 8.986335568178838, 45.677170369090518 ], [ 8.986299071675621, 45.677208832069482 ], [ 8.986298708891059, 45.677209177491754 ], [ 8.986298300842327, 45.677209497133845 ], [ 8.986297851236234, 45.677209788092057 ], [ 8.98629736415711, 45.67721004772325 ], [ 8.986296844029706, 45.677210273668898 ], [ 8.986296295578981, 45.677210463876413 ], [ 8.986295723787197, 45.677210616617941 ], [ 8.984815418953552, 45.6775503506909 ], [ 8.984814827527144, 45.677550464804433 ], [ 8.984814223264159, 45.677550538829578 ], [ 8.984813611681119, 45.677550572090553 ], [ 8.984812998361361, 45.677550564283692 ], [ 8.984812388904082, 45.67755051548027 ], [ 8.98481178887322, 45.677550426125855 ], [ 8.98481120374665, 45.677550297036163 ], [ 8.984810638866186, 45.677550129389701 ], [ 8.984810099388806, 45.677549924716971 ], [ 8.984809590239575, 45.677549684886507 ], [ 8.984809116066682, 45.677549412087792 ], [ 8.984808681199009, 45.677549108811277 ], [ 8.984808289606601, 45.677548777825699 ], [ 8.984807944864432, 45.677548422152746 ], [ 8.984807650119768, 45.677548045039416 ], [ 8.984807408063427, 45.67754764992857 ], [ 8.984807220905218, 45.677547240427238 ], [ 8.984807090353769, 45.677546820273939 ], [ 8.984716214913101, 45.6771681603201 ], [ 8.984637498968077, 45.676840092897116 ], [ 8.984603176875366, 45.676697010140316 ], [ 8.984603146442497, 45.676696910935853 ], [ 8.984603103351066, 45.676696814063995 ], [ 8.983910219641549, 45.675355749488794 ], [ 8.983910158979004, 45.675355640943735 ], [ 8.983666431589656, 45.674950742540005 ], [ 8.983666361132435, 45.674950640376409 ], [ 8.983666238615159, 45.674950566212502 ], [ 8.983204352735534, 45.67469861443297 ], [ 8.98320422566335, 45.674698551971176 ], [ 8.983204081732588, 45.67469859266766 ], [ 8.98234402522327, 45.674977384818106 ], [ 8.982343900572689, 45.674977429991515 ], [ 8.982343797060093, 45.674977496405759 ], [ 8.981485144314968, 45.67557915998411 ], [ 8.981484658339552, 45.675579467425791 ], [ 8.981484130229923, 45.675579738576715 ], [ 8.981483565476909, 45.675579970617669 ], [ 8.981482969952321, 45.675580161136075 ], [ 8.981482349847903, 45.675580308151133 ], [ 8.981481711610966, 45.675580410134273 ], [ 8.981481061877339, 45.675580466025188 ], [ 8.980584809365611, 45.675625205038799 ], [ 8.980584659299247, 45.675625217591545 ], [ 8.980584534188047, 45.675625277024245 ], [ 8.980122472481128, 45.67586807923383 ], [ 8.98012235847693, 45.675868145328337 ], [ 8.980122410884464, 45.67586824231163 ], [ 8.980454047479938, 45.676403316106743 ], [ 8.98050617952708, 45.676487407954539 ], [ 8.980506394627701, 45.676487805261608 ], [ 8.980506555311523, 45.676488215019809 ], [ 8.980506660145831, 45.676488633575623 ], [ 8.980506708195891, 45.676489057197053 ], [ 8.980506699033272, 45.676489482106966 ], [ 8.980506632739669, 45.676489904516743 ], [ 8.980506509906176, 45.676490320660022 ], [ 8.980506331628014, 45.676490726826373 ], [ 8.980506099494763, 45.676491119394264 ], [ 8.980372573697551, 45.676689844316272 ], [ 8.980321688057872, 45.676765600472308 ], [ 8.980199075975866, 45.676948154131097 ], [ 8.980199017939903, 45.676948252633494 ], [ 8.980199074627373, 45.676948351521027 ], [ 8.980415311312591, 45.677278464414584 ], [ 8.980415552412838, 45.677278887816307 ], [ 8.980415731170281, 45.677279326144308 ], [ 8.98041584575061, 45.677279774900661 ], [ 8.980415894978062, 45.677280229480488 ], [ 8.980415878347495, 45.677280685219174 ], [ 8.980415796029559, 45.677281137440168 ], [ 8.980415648868954, 45.677281581503031 ], [ 8.980415438375754, 45.677282012851045 ], [ 8.980415166709928, 45.677282427057932 ], [ 8.980414836659154, 45.677282819873362 ], [ 8.980414451610226, 45.677283187266461 ], [ 8.980414015514308, 45.677283525467267 ], [ 8.980071641706983, 45.677523410726735 ], [ 8.980071132098455, 45.677523731567504 ], [ 8.980070576627616, 45.677524012522468 ], [ 8.980069981617513, 45.677524250393475 ], [ 8.980069353841285, 45.677524442472752 ], [ 8.980068700445054, 45.677524586573824 ], [ 8.979171702789962, 45.677686101854455 ], [ 8.979171534280569, 45.677686139267315 ], [ 8.979171372692253, 45.677686189490416 ], [ 8.978619474814549, 45.67788399553433 ], [ 8.978619343650196, 45.677884048303753 ], [ 8.978619331265895, 45.677884153959425 ], [ 8.978580507837895, 45.67869399322619 ], [ 8.978580512132972, 45.678694120839971 ], [ 8.9785805575934, 45.678694244447577 ], [ 8.978683109901938, 45.678919053009373 ], [ 8.978683163145519, 45.678919152390627 ], [ 8.97868330374696, 45.678919112946488 ], [ 8.979628853846107, 45.678614771827043 ], [ 8.97962941979549, 45.678614612026315 ], [ 8.979630004829414, 45.678614490606606 ], [ 8.979630603664141, 45.678614408664494 ], [ 8.979631210891284, 45.678614366940067 ], [ 8.979631821026663, 45.678614365810148 ], [ 8.979632428559835, 45.678614405284939 ], [ 8.979633028003855, 45.67861448500792 ], [ 8.979633613944836, 45.678614604259081 ], [ 8.979634181090848, 45.678614761961398 ], [ 8.979634724319698, 45.678614956690588 ], [ 8.979635238725212, 45.678615186687949 ], [ 8.979635719661527, 45.678615449876254 ], [ 8.979636162785061, 45.678615743878503 ], [ 8.979636564093742, 45.678616066039432 ], [ 8.980222967674546, 45.679134615139056 ], [ 8.980223313186279, 45.679134951377513 ], [ 8.980223613113472, 45.679135308467501 ], [ 8.980223864913295, 45.679135683381581 ], [ 8.980224066450956, 45.679136072941169 ], [ 8.980224216017795, 45.679136473843542 ], [ 8.980389611783755, 45.67968112812202 ], [ 8.980389714782246, 45.679681578149754 ], [ 8.980389752316183, 45.679682033172149 ], [ 8.980389724000588, 45.679682488522168 ], [ 8.980389630125883, 45.679682939529435 ], [ 8.980389471654913, 45.67968338156809 ], [ 8.980389250213069, 45.679683810104265 ], [ 8.980388968071608, 45.67968422074258 ], [ 8.980388628124381, 45.67968460927127 ], [ 8.980388233858118, 45.679684971705285 ], [ 8.980387789316694, 45.679685304327272 ], [ 8.980387299059641, 45.679685603725588 ], [ 8.980386768115382, 45.679685866829416 ], [ 8.980386201929658, 45.679686090940166 ], [ 8.979624253681726, 45.679952964311632 ], [ 8.979623689465985, 45.679953138721643 ], [ 8.979623103982734, 45.679953274385632 ], [ 8.979622502632866, 45.679953370052147 ], [ 8.979621890963648, 45.679953424838708 ], [ 8.97962127461753, 45.679953438239913 ], [ 8.979620659280114, 45.679953410132136 ], [ 8.979620050627696, 45.679953340774667 ], [ 8.9796194542749, 45.679953230807321 ], [ 8.979618875722892, 45.679953081244491 ], [ 8.97961832030863, 45.679952893465853 ], [ 8.979617793155638, 45.679952669203608 ], [ 8.979617299126737, 45.679952410526504 ], [ 8.979616842779182, 45.679952119820761 ], [ 8.979273678511685, 45.679711432122211 ], [ 8.979273349041085, 45.679711230602599 ], [ 8.978901324971288, 45.679513308009298 ], [ 8.978901200286099, 45.679513248125659 ], [ 8.978901065311181, 45.679513295804163 ], [ 8.978516570335303, 45.679665936847051 ], [ 8.978515923284791, 45.679666161034966 ], [ 8.978515244424763, 45.679666332896872 ], [ 8.977778799381243, 45.679820570954597 ], [ 8.977778468808829, 45.679820654259039 ], [ 8.977778488687095, 45.679820648369478 ], [ 8.977778621156872, 45.679820603747359 ], [ 8.977778561866508, 45.679820509480457 ], [ 8.977540210089138, 45.679486072020921 ], [ 8.977540061111927, 45.679485885684031 ], [ 8.97721937256091, 45.679125992374331 ], [ 8.977219191530626, 45.679125776017088 ], [ 8.97679581176277, 45.678585833148318 ], [ 8.976795675689004, 45.678585675306067 ], [ 8.97617058584709, 45.677923514278369 ], [ 8.976170272522564, 45.677923145236562 ], [ 8.97617001080499, 45.677922756939864 ], [ 8.976169803077577, 45.677922352924128 ], [ 8.976169651231903, 45.67792193686833 ], [ 8.976169556650678, 45.677921512561085 ], [ 8.976169520195164, 45.677921083866174 ], [ 8.97616954219732, 45.677920654687313 ], [ 8.976169622456798, 45.677920228932592 ], [ 8.976169760242747, 45.67791981047899 ], [ 8.976169954300483, 45.677919403136947 ], [ 8.976170202862903, 45.677919010615732 ], [ 8.976170503666589, 45.677918636489665 ], [ 8.976170853972409, 45.677918284165536 ], [ 8.976171250590459, 45.67791795685168 ], [ 8.976171689909119, 45.67791765752856 ], [ 8.976172167927935, 45.67791738892187 ], [ 8.976172680294045, 45.677917153477551 ], [ 8.976667643246447, 45.677712680609297 ], [ 8.976667767648289, 45.677712630521725 ], [ 8.977309699300102, 45.677460812481151 ], [ 8.977309825653064, 45.677460757157128 ], [ 8.97730979040206, 45.677460655691519 ], [ 8.977143110344036, 45.677064803085834 ], [ 8.977143059375633, 45.677064700589035 ], [ 8.977142994514752, 45.677064602025148 ], [ 8.976835147088686, 45.676650699434695 ], [ 8.976835068937026, 45.676650606033576 ], [ 8.976834916357378, 45.676650622911481 ], [ 8.976043167716536, 45.676766816589669 ], [ 8.976042544992971, 45.67676688580157 ], [ 8.976041915587754, 45.676766911859843 ], [ 8.976041285571558, 45.676766894513165 ], [ 8.976040661020956, 45.676766833928845 ], [ 8.976040047959801, 45.67676673069122 ], [ 8.976039452301123, 45.676766585796003 ], [ 8.976038879790119, 45.676766400640766 ], [ 8.976038335948708, 45.676766177011331 ], [ 8.976037826022297, 45.676765917064621 ], [ 8.976037354929177, 45.676765623307851 ], [ 8.976036927213087, 45.676765298574338 ], [ 8.976036546999392, 45.676764945996162 ], [ 8.975847023755565, 45.676569986110337 ], [ 8.975846665061434, 45.676569570587354 ], [ 8.975846372331809, 45.676569130387747 ], [ 8.97584614897594, 45.676568670638297 ], [ 8.975590803311404, 45.675932443593531 ], [ 8.975590656777525, 45.67593198960202 ], [ 8.975590577919487, 45.675931527428631 ], [ 8.97559056758085, 45.675931062017355 ], [ 8.97559062587221, 45.675930598346795 ], [ 8.975590752170005, 45.675930141376938 ], [ 8.975590945123198, 45.675929695996082 ], [ 8.975591202667724, 45.675929266968609 ], [ 8.975591522048568, 45.6759288588839 ], [ 8.97559189984924, 45.675928476107323 ], [ 8.976065077557132, 45.675498424103019 ], [ 8.976065162487062, 45.67549833884334 ], [ 8.976065113208772, 45.675498240758841 ], [ 8.975862338887968, 45.675148493077948 ], [ 8.97575726374934, 45.674967285684232 ], [ 8.975757200764988, 45.674967190688385 ], [ 8.975757065071269, 45.67496723456329 ], [ 8.975628401132289, 45.675014324165431 ], [ 8.974339286334951, 45.675486158591482 ], [ 8.974338720960551, 45.675486341634752 ], [ 8.974338132947018, 45.675486485415057 ], [ 8.974337527827583, 45.675486588579417 ], [ 8.974336911296437, 45.675486650157083 ], [ 8.974336289155159, 45.675486669568535 ], [ 8.974335667258121, 45.675486646631192 ], [ 8.974335051457391, 45.675486581560833 ], [ 8.974334447547681, 45.675486474969794 ], [ 8.974333861211795, 45.675486327861123 ], [ 8.974333297967178, 45.675486141619089 ], [ 8.97433276311398, 45.675485917996241 ], [ 8.974332261685181, 45.675485659096886 ], [ 8.974331798399248, 45.675485367357254 ], [ 8.974331377615716, 45.675485045522649 ], [ 8.97433100329417, 45.675484696621545 ], [ 8.974330678956985, 45.67548432393712 ], [ 8.974330407656188, 45.675483930976306 ], [ 8.974330191944723, 45.675483521436902 ], [ 8.974330033852443, 45.675483099172695 ], [ 8.974191576419637, 45.67502353422671 ], [ 8.974191475551374, 45.675023091222165 ], [ 8.97419143809881, 45.675022643378696 ], [ 8.974191464434098, 45.675022195146298 ], [ 8.974191554295553, 45.675021750978864 ], [ 8.974191706790259, 45.675021315289861 ], [ 8.974191920402953, 45.675020892408533 ], [ 8.97419219301106, 45.675020486536859 ], [ 8.974192521905803, 45.67502010170778 ], [ 8.974192903819105, 45.675019741745167 ], [ 8.974193334956077, 45.675019410225808 ], [ 8.974193811032707, 45.675019110443856 ], [ 8.974601614380681, 45.674786989112441 ], [ 8.974601727903821, 45.674786917864239 ], [ 8.974601767385986, 45.674786814695899 ], [ 8.97470862074055, 45.674441974735686 ], [ 8.974708645802226, 45.67444186910862 ], [ 8.974708524753238, 45.674441803804527 ], [ 8.974178462839804, 45.674183843138287 ], [ 8.974178327482832, 45.674183784151758 ], [ 8.974178169967196, 45.674183801182814 ], [ 8.973438133309838, 45.674290954449084 ], [ 8.973437524876617, 45.674291021397075 ], [ 8.973436910092085, 45.674291047164004 ], [ 8.973436294614595, 45.674291031512666 ], [ 8.973435684108891, 45.674290974587151 ], [ 8.973435084193943, 45.6742908769114 ], [ 8.973434500391258, 45.674290739384347 ], [ 8.973433938074045, 45.674290563271825 ], [ 8.973433402417761, 45.67429035019471 ], [ 8.973432898352486, 45.674290102114121 ], [ 8.973432430517537, 45.674289821313351 ], [ 8.973432003218779, 45.67428951037683 ], [ 8.973431620388986, 45.674289172166382 ], [ 8.973431285551648, 45.674288809794803 ], [ 8.973331326988472, 45.67416833428782 ], [ 8.972933281927569, 45.673688574297415 ], [ 8.972933067156516, 45.673688292929782 ], [ 8.972666214858057, 45.673306760517896 ], [ 8.972253176435132, 45.672716202702311 ], [ 8.972253165020724, 45.672716186297855 ], [ 8.971598864116366, 45.671770966477865 ], [ 8.971598827051659, 45.671770914643382 ], [ 8.970675147694626, 45.670519636105425 ], [ 8.970675090196757, 45.670519561676947 ], [ 8.969584678891417, 45.669169316016273 ], [ 8.969584496942698, 45.669169073806003 ], [ 8.969020180562856, 45.668359003548979 ], [ 8.969020143787084, 45.6683589524173 ], [ 8.96869946968428, 45.667926860625954 ], [ 8.968699444128255, 45.667926825821397 ], [ 8.968324792885966, 45.667411086180827 ], [ 8.968324543470883, 45.667410698570905 ], [ 8.968324347346988, 45.667410296186773 ], [ 8.968324206265216, 45.667409882620774 ], [ 8.968324121485102, 45.667409461565114 ], [ 8.96832409376354, 45.667409036778864 ], [ 8.968324123348017, 45.667408612054381 ], [ 8.96832420997441, 45.667408191183505 ], [ 8.968324352869343, 45.667407777923621 ], [ 8.968324550757091, 45.667407375964224 ], [ 8.968324801870965, 45.667406988893866 ], [ 8.968325103969095, 45.667406620168208 ], [ 8.968411670568056, 45.667311651059087 ], [ 8.968411714298314, 45.667311601690479 ], [ 8.968462221457491, 45.667252904380568 ], [ 8.968462258849167, 45.667252861469315 ], [ 8.968485181795373, 45.667226882102781 ], [ 8.968485233293428, 45.66722682470914 ], [ 8.968514665735309, 45.667194564551096 ], [ 8.968514726495851, 45.667194495222397 ], [ 8.968624704226466, 45.667063766485455 ], [ 8.968624743279822, 45.66706371873817 ], [ 8.9689085333612, 45.666706700968113 ], [ 8.968908967914992, 45.666706226780931 ], [ 8.968962992511118, 45.666654684521212 ], [ 8.968963031898154, 45.666654646103936 ], [ 8.96901986732678, 45.666597961896692 ], [ 8.969020027082259, 45.666597785717229 ], [ 8.969363938886698, 45.666176522879077 ], [ 8.969364008557918, 45.666176426770306 ], [ 8.969363907063082, 45.666176345781885 ], [ 8.968927815348865, 45.665861355359063 ], [ 8.968927707330225, 45.665861284507827 ], [ 8.968927593570779, 45.665861350795126 ], [ 8.968619599909191, 45.666059156644394 ], [ 8.968619440379779, 45.666059255735647 ], [ 8.967873195903028, 45.666507496015534 ], [ 8.967676797140545, 45.66662547208297 ], [ 8.967614123886365, 45.666663151822824 ], [ 8.9675471473281, 45.666703386162197 ], [ 8.967546648712403, 45.666703657073484 ], [ 8.967546114577928, 45.666703892361788 ], [ 8.967545550083273, 45.666704089754752 ], [ 8.96754496068025, 45.666704247345983 ], [ 8.967544352061235, 45.666704363613469 ], [ 8.967543730104186, 45.666704437434333 ], [ 8.967543100815883, 45.666704468095624 ], [ 8.967542470273905, 45.666704455301208 ], [ 8.967541844567943, 45.666704399174641 ], [ 8.967541229740981, 45.666704300258019 ], [ 8.967540631730934, 45.666704159506629 ], [ 8.967540056313302, 45.666703978279848 ], [ 8.967539509045391, 45.666703758327934 ], [ 8.967538995212642, 45.666703501775167 ], [ 8.96753851977758, 45.666703211099289 ], [ 8.967538087331889, 45.666702889107583 ], [ 8.967537702052075, 45.666702538909853 ], [ 8.967537367659117, 45.666702163888225 ], [ 8.967370618715963, 45.66649293783297 ], [ 8.967265399213659, 45.666360923537404 ], [ 8.96711794342159, 45.666175893176224 ], [ 8.967117864632218, 45.666175804311713 ], [ 8.967117774378824, 45.666175720979439 ], [ 8.966294587109992, 45.665485044316924 ], [ 8.965937530073107, 45.665185456950972 ], [ 8.965937416656958, 45.665185371388517 ], [ 8.96593725724389, 45.665185337454332 ], [ 8.965837061031246, 45.665167993823786 ], [ 8.965836803419858, 45.665167945228248 ], [ 8.965703618849926, 45.665140728141232 ], [ 8.96543701374126, 45.665086239548138 ], [ 8.965436854904697, 45.665086213272346 ], [ 8.965436711326936, 45.665086267668471 ], [ 8.965368491981625, 45.665115418554912 ], [ 8.965368446874352, 45.66511543765214 ], [ 8.965130461167568, 45.665215261726878 ], [ 8.964730649858545, 45.665383010116038 ], [ 8.964730595232519, 45.665383033557426 ], [ 8.963465105872004, 45.665938319577322 ], [ 8.963464562717418, 45.665938532929722 ], [ 8.963463992637671, 45.665938708383607 ], [ 8.963463400996078, 45.665938844288341 ], [ 8.963462793358813, 45.66593893936529 ], [ 8.963462175442531, 45.66593899271998 ], [ 8.963461553060599, 45.665939003850461 ], [ 8.963460932068388, 45.665938972652022 ], [ 8.963460318308204, 45.665938899418158 ], [ 8.963459717554304, 45.66593878483787 ], [ 8.96345913545859, 45.665938629989114 ], [ 8.963458577497429, 45.66593843632873 ], [ 8.963458048920115, 45.66593820567865 ], [ 8.963457554699515, 45.665937940208856 ], [ 8.963457099485261, 45.665937642416893 ], [ 8.963456687560011, 45.665937315104372 ], [ 8.963456322799159, 45.665936961350674 ], [ 8.963267650641887, 45.665733922394665 ], [ 8.963267365974117, 45.665733584737097 ], [ 8.963267124320042, 45.665733230982909 ], [ 8.962780110590035, 45.664932466195971 ], [ 8.962779993131841, 45.664932258981416 ], [ 8.96235134903085, 45.664117823938618 ], [ 8.962126244550886, 45.663690119595216 ], [ 8.96212614494145, 45.663689951588644 ], [ 8.961698268873576, 45.663043365782457 ], [ 8.961582850462378, 45.662868962000815 ], [ 8.96136960104111, 45.662546707388103 ], [ 8.961369499298797, 45.662546545365167 ], [ 8.961303262840204, 45.662435175191746 ], [ 8.961303239990436, 45.662435136260399 ], [ 8.961223167607532, 45.662296874916507 ], [ 8.961157868963287, 45.662185475152278 ], [ 8.960535901169171, 45.661124376920725 ], [ 8.960535836997929, 45.661124281375066 ], [ 8.960535719489158, 45.661124347438673 ], [ 8.95974213570587, 45.661618332393857 ], [ 8.959742096422918, 45.661618356646002 ], [ 8.959620883441866, 45.661692576845958 ], [ 8.959620853547804, 45.661692595381403 ], [ 8.959351649086241, 45.66186161438997 ], [ 8.959351631809742, 45.661861625197602 ], [ 8.959224541969938, 45.661940840174168 ], [ 8.959026210879616, 45.662064360874737 ], [ 8.958918169267491, 45.662131647128561 ], [ 8.958918053423405, 45.662131727135204 ], [ 8.958918025261745, 45.662131839425982 ], [ 8.95881533669243, 45.662716689831811 ], [ 8.958815319555393, 45.662716817202359 ], [ 8.958737834975105, 45.663543515578972 ], [ 8.958737769490893, 45.66354392570242 ], [ 8.958737650702544, 45.663544329895558 ], [ 8.958737479608908, 45.663544724759667 ], [ 8.958737257648664, 45.663545106974432 ], [ 8.958736986688209, 45.663545473325932 ], [ 8.958736669005971, 45.663545820733624 ], [ 8.958649368344698, 45.663632290561225 ], [ 8.957252122573168, 45.665016196852108 ], [ 8.957251725970206, 45.665016550711009 ], [ 8.957251280944639, 45.665016875027113 ], [ 8.957250791946834, 45.66501716655717 ], [ 8.957250263866882, 45.665017422385823 ], [ 8.957249701985715, 45.665017639954705 ], [ 8.957249111922273, 45.665017817088113 ], [ 8.957248499577334, 45.66501795201463 ], [ 8.957247871074497, 45.665018043384975 ], [ 8.95724723269894, 45.665018090285415 ], [ 8.95724659083457, 45.665018092246946 ], [ 8.957245951900189, 45.665018049249973 ], [ 8.95724532228529, 45.665017961724409 ], [ 8.957244708286177, 45.665017830545601 ], [ 8.957244116042991, 45.665017657025324 ], [ 8.9572435514783, 45.665017442898851 ], [ 8.95724302023789, 45.665017190307466 ], [ 8.957242527634289, 45.665016901777179 ], [ 8.956862793195913, 45.664770860912157 ], [ 8.955418158406356, 45.663834810663268 ], [ 8.955417725732122, 45.663834501965972 ], [ 8.955417337350928, 45.663834165553496 ], [ 8.955416996854973, 45.663833804537383 ], [ 8.95541670739355, 45.663833422256701 ], [ 8.955416471643932, 45.663833022247232 ], [ 8.9554162917866, 45.663832608208693 ], [ 8.955416169485078, 45.663832183970655 ], [ 8.955416105870553, 45.663831753456897 ], [ 8.9554161015314, 45.663831320649344 ], [ 8.955416156507754, 45.663830889551051 ], [ 8.955416270291128, 45.663830464149349 ], [ 8.955416441829122, 45.663830048378834 ], [ 8.955416669535154, 45.663829646085013 ], [ 8.955416951303135, 45.663829260988763 ], [ 8.955417284526957, 45.663828896651914 ], [ 8.955417666124575, 45.663828556444251 ], [ 8.955418092566546, 45.663828243512427 ], [ 8.958058338074892, 45.662068474045469 ], [ 8.958058442185617, 45.662068397458839 ], [ 8.958058343020509, 45.662068317710556 ], [ 8.957023542054058, 45.661314547551065 ], [ 8.956239619251143, 45.660743511312546 ], [ 8.956018787478435, 45.660582645465198 ], [ 8.95601868384364, 45.660582576996312 ], [ 8.956018658529864, 45.660582675250069 ], [ 8.955994821253215, 45.660710607889797 ], [ 8.955931124176223, 45.661052124415335 ], [ 8.955813014734154, 45.661686117649062 ], [ 8.955812899586743, 45.661686561312528 ], [ 8.955812721697015, 45.661686994668585 ], [ 8.955812482851041, 45.661687413366145 ], [ 8.955812185446909, 45.661687813201368 ], [ 8.955811832470658, 45.661688190159786 ], [ 8.955811427466283, 45.661688540456595 ], [ 8.955810974500162, 45.661688860574692 ], [ 8.955810478120224, 45.661689147300017 ], [ 8.955809943310282, 45.661689397753712 ], [ 8.95580937544001, 45.661689609421167 ], [ 8.955808780211012, 45.661689780177177 ], [ 8.955808163599583, 45.661689908307267 ], [ 8.955807531796705, 45.661689992525005 ], [ 8.955125472015121, 45.661756283941791 ], [ 8.954339782767354, 45.661832647185598 ], [ 8.954339171488519, 45.661832685821487 ], [ 8.954338557741561, 45.661832683339696 ], [ 8.954337947138869, 45.661832639762913 ], [ 8.954337345264074, 45.661832555489667 ], [ 8.954336757620995, 45.661832431290534 ], [ 8.954336189583312, 45.661832268301275 ], [ 8.954335646345424, 45.661832068012338 ], [ 8.954335132874947, 45.661831832255267 ], [ 8.95433465386729, 45.661831563185899 ], [ 8.954334213702721, 45.661831263264766 ], [ 8.953772123952062, 45.661409788249991 ], [ 8.953772011298637, 45.66140971179113 ], [ 8.953771854920388, 45.661409703906351 ], [ 8.951974997420312, 45.661381997499056 ], [ 8.951974329499311, 45.661381962684771 ], [ 8.951973670389103, 45.661381879253099 ], [ 8.951973027267192, 45.661381748112603 ], [ 8.951972407136971, 45.66138157069134 ], [ 8.951971816751465, 45.661381348921388 ], [ 8.951971262539779, 45.661381085217734 ], [ 8.951970750537107, 45.661380782452028 ], [ 8.951270862974372, 45.660921008221081 ], [ 8.950795440426381, 45.660608692589918 ], [ 8.950063602083492, 45.660127916972378 ], [ 8.949552881889456, 45.659792386212189 ], [ 8.949552769768838, 45.659792319327693 ], [ 8.949552660363461, 45.659792388387821 ], [ 8.947913004312763, 45.660931697165246 ], [ 8.947912522702294, 45.660931999651737 ], [ 8.947912000133801, 45.660932266626247 ], [ 8.94791144191049, 45.660932495379441 ], [ 8.947910853697406, 45.660932683589841 ], [ 8.947910241463944, 45.660932829347423 ], [ 8.947909611423261, 45.660932931173001 ], [ 8.947908969969232, 45.660932988033203 ], [ 8.947908323611554, 45.660932999350976 ], [ 8.947907678909694, 45.660932965011497 ], [ 8.947907042406312, 45.660932885363238 ], [ 8.947906420560866, 45.66093276121449 ], [ 8.947905819684062, 45.660932593825166 ], [ 8.947905245873811, 45.660932384893982 ], [ 8.947904704953332, 45.66093213654127 ], [ 8.947904202412085, 45.66093185128738 ], [ 8.946805567386322, 45.660241178070734 ], [ 8.946805453001025, 45.660241112824714 ], [ 8.946805345883707, 45.660241183878234 ], [ 8.945306833368363, 45.661335389147744 ], [ 8.945306387475398, 45.66133568500689 ], [ 8.945305903311692, 45.661335949642123 ], [ 8.945305385306506, 45.661336180632482 ], [ 8.945304838198691, 45.661336375864821 ], [ 8.945304266993343, 45.661336533553062 ], [ 8.945303676916003, 45.661336652254668 ], [ 8.945303073364862, 45.661336730883704 ], [ 8.94530246186137, 45.661336768720858 ], [ 8.945301847999728, 45.661336765419975 ], [ 8.945301237395714, 45.661336721011267 ], [ 8.9453006356353, 45.661336635900987 ], [ 8.945300048223556, 45.661336510867763 ], [ 8.945299480534285, 45.661336347055389 ], [ 8.945298937760864, 45.661336145962522 ], [ 8.945298424868733, 45.661335909428793 ], [ 8.945297946549969, 45.661335639618066 ], [ 8.942955130422158, 45.659879295806434 ], [ 8.942955007097757, 45.65987922664052 ], [ 8.942954858177695, 45.659879263486161 ], [ 8.941649577392697, 45.660255374925796 ], [ 8.941649000713845, 45.660255518956419 ], [ 8.941648407088895, 45.660255623805867 ], [ 8.941647801918442, 45.66025568852028 ], [ 8.941647190708121, 45.660255712510867 ], [ 8.941646579018506, 45.660255695559407 ], [ 8.941645972414543, 45.660255637820107 ], [ 8.941645376414902, 45.660255539818266 ], [ 8.941644796441782, 45.660255402445436 ], [ 8.941644237771577, 45.660255226951449 ], [ 8.941643705486877, 45.660255014932829 ], [ 8.941643204430223, 45.660254768318495 ], [ 8.941642739160052, 45.660254489352013 ], [ 8.941642313909231, 45.660254180571357 ], [ 8.941273489738379, 45.659959450359821 ], [ 8.941273403432632, 45.659959386607923 ], [ 8.941273310280073, 45.659959327785025 ], [ 8.940439679469614, 45.659472960921285 ], [ 8.940439559168659, 45.659472897211309 ], [ 8.940439430850606, 45.659472841723357 ], [ 8.938611686390201, 45.658763529557696 ], [ 8.938611149638177, 45.658763296352973 ], [ 8.938610648163824, 45.658763027290753 ], [ 8.938610186821252, 45.658762724975475 ], [ 8.938609770076107, 45.658762392333465 ], [ 8.938609401962347, 45.658762032584583 ], [ 8.938609086043193, 45.65876164921108 ], [ 8.93860882537664, 45.658761245923884 ], [ 8.938608622485852, 45.65876082662669 ], [ 8.93860847933475, 45.658760395378167 ], [ 8.938608397308984, 45.658759956352633 ], [ 8.938608377202538, 45.658759513799758 ], [ 8.938608419210032, 45.658759072003271 ], [ 8.938608522924847, 45.658758635239636 ], [ 8.938608687343057, 45.658758207736575 ], [ 8.938608910873144, 45.658757793632191 ], [ 8.938609191351411, 45.658757396934874 ], [ 8.938609526062914, 45.658757021484504 ], [ 8.93860991176776, 45.658756670915359 ], [ 8.939195770161174, 45.658275148805821 ], [ 8.940066247281141, 45.657549141752312 ], [ 8.940066683486569, 45.657548812773591 ], [ 8.940067164287621, 45.657548515928056 ], [ 8.940067684893993, 45.657548254173243 ], [ 8.940068240118785, 45.657548030117063 ], [ 8.940068824430188, 45.657547845991836 ], [ 8.940069432006601, 45.657547703632005 ], [ 8.940070056794621, 45.657547604455957 ], [ 8.940070692569375, 45.657547549451799 ], [ 8.940071332996517, 45.657547539167538 ], [ 8.940071971695355, 45.657547573705642 ], [ 8.940072602302413, 45.657547652722002 ], [ 8.940073218534835, 45.65754777542935 ], [ 8.940073814252981, 45.657547940605163 ], [ 8.943238589428788, 45.658556202028393 ], [ 8.943238724952405, 45.658556239693276 ], [ 8.943238722743292, 45.658556137479529 ], [ 8.943137799394618, 45.657455910738847 ], [ 8.943137790004341, 45.657455466075319 ], [ 8.943137843242456, 45.657455022932851 ], [ 8.943137958589121, 45.657454585638462 ], [ 8.943138134918039, 45.657454158462109 ], [ 8.943138370507452, 45.657453745574962 ], [ 8.943138663056958, 45.657453351008591 ], [ 8.94313900970997, 45.657452978615737 ], [ 8.94313940708161, 45.657452632032616 ], [ 8.943139851291761, 45.657452314643429 ], [ 8.943140338002957, 45.657452029547294 ], [ 8.943140862462728, 45.657451779528024 ], [ 8.943141419550013, 45.657451567026918 ], [ 8.943142003825162, 45.657451394118922 ], [ 8.943142609583047, 45.657451262492415 ], [ 8.943143230908776, 45.657451173432598 ], [ 8.943143861735445, 45.657451127809182 ], [ 8.943144495903379, 45.657451126067592 ], [ 8.943145127220276, 45.657451168224831 ], [ 8.943145749521676, 45.657451253869283 ], [ 8.943146356731146, 45.657451382164666 ], [ 8.944112264935166, 45.657692562297662 ], [ 8.944112410230217, 45.657692592975764 ], [ 8.944112465836348, 45.657692493972291 ], [ 8.944523941749274, 45.656837825367091 ], [ 8.944523984379702, 45.656837719320357 ], [ 8.944523857037408, 45.656837654781839 ], [ 8.943438809596048, 45.656344562364161 ], [ 8.943438302537867, 45.656344306526265 ], [ 8.943437833350053, 45.656344017330696 ], [ 8.94343740647779, 45.656343697517357 ], [ 8.94343702596535, 45.656343350116188 ], [ 8.943436695417795, 45.656342978418579 ], [ 8.943436417966794, 45.656342585946042 ], [ 8.943436196240979, 45.656342176416985 ], [ 8.943436032341026, 45.656341753711331 ], [ 8.943435927819754, 45.656341321833906 ], [ 8.943435883667423, 45.656340884876407 ], [ 8.943435900302331, 45.656340446978646 ], [ 8.943435977566883, 45.656340012289377 ], [ 8.943436114729053, 45.65633958492694 ], [ 8.943436310489338, 45.656339168940228 ], [ 8.943436562993062, 45.656338768270402 ], [ 8.943436869847952, 45.6563383867135 ], [ 8.943934539372451, 45.65578442169808 ], [ 8.943934611264416, 45.655784332493958 ], [ 8.943934487208345, 45.655784278358112 ], [ 8.939880571727695, 45.654198186236535 ], [ 8.939880439878424, 45.654198140266196 ], [ 8.939880334650304, 45.654198212496475 ], [ 8.936595573483144, 45.656677841613231 ], [ 8.936595119646302, 45.656678151935189 ], [ 8.936594624368684, 45.656678429347721 ], [ 8.936594092481959, 45.656678671144533 ], [ 8.936593529174928, 45.656678874966808 ], [ 8.93659293994291, 45.656679038826148 ], [ 8.936592330534136, 45.656679161124011 ], [ 8.936591706893667, 45.656679240667373 ], [ 8.93659107510541, 45.656679276680215 ], [ 8.936590441332749, 45.65667926881121 ], [ 8.936589811758431, 45.656679217137153 ], [ 8.936589192524242, 45.656679122162132 ], [ 8.936588589671098, 45.656678984812665 ], [ 8.936588009080115, 45.656678806428665 ], [ 8.93658745641522, 45.656678588750367 ], [ 8.935937818247245, 45.656392234390502 ], [ 8.93593769312235, 45.656392184592569 ], [ 8.93593756212554, 45.656392142876129 ], [ 8.935039651770436, 45.656139685923542 ], [ 8.935039513467439, 45.656139652102162 ], [ 8.935039371333684, 45.656139627290671 ], [ 8.933950068100089, 45.655986214973709 ], [ 8.933949406132985, 45.655986095710468 ], [ 8.933948766006223, 45.655985927755481 ], [ 8.933948154980079, 45.655985713013621 ], [ 8.933947579984778, 45.65598545392055 ], [ 8.933223560105219, 45.655619595295406 ], [ 8.933223054968591, 45.65561931185335 ], [ 8.933222593091489, 45.655618994187108 ], [ 8.933222179167565, 45.655618645524839 ], [ 8.933221817403169, 45.655618269409672 ], [ 8.933221511474596, 45.655617869663764 ], [ 8.933221264490735, 45.655617450349403 ], [ 8.933221078961463, 45.655617015727685 ], [ 8.933220956772153, 45.655616570215301 ], [ 8.933220899164507, 45.655616118339609 ], [ 8.933220906723943, 45.655615664692625 ], [ 8.933220979373633, 45.655615213884374 ], [ 8.933221116375305, 45.65561477049603 ], [ 8.933221316336727, 45.655614339033356 ], [ 8.933221577225865, 45.655613923880935 ], [ 8.933221896391526, 45.655613529257607 ], [ 8.933222270590308, 45.655613159173583 ], [ 8.933222696019552, 45.655612817389695 ], [ 8.93356435582416, 45.655364764482727 ], [ 8.933564441519604, 45.655364699770807 ], [ 8.934090734117268, 45.654951289270954 ], [ 8.934091120563229, 45.654951010889413 ], [ 8.934091539805967, 45.654950756918609 ], [ 8.935452348175978, 45.654195786963214 ], [ 8.935452463136349, 45.654195716455405 ], [ 8.935452413586381, 45.654195615146335 ], [ 8.934736080998583, 45.652936752504715 ], [ 8.93473586878188, 45.652936315726087 ], [ 8.934735721454357, 45.652935866003752 ], [ 8.934735640564835, 45.652935408065517 ], [ 8.934735626963681, 45.65293494672558 ], [ 8.934735680793882, 45.652934486833907 ], [ 8.934735801489531, 45.652934033225215 ], [ 8.934735987781783, 45.652933590668198 ], [ 8.934992461977616, 45.652422421981491 ], [ 8.934992505885052, 45.65242231812497 ], [ 8.934992374712776, 45.652422260925775 ], [ 8.931862506445214, 45.651205392282044 ], [ 8.931862370619722, 45.651205345471077 ], [ 8.931862292324865, 45.651205436301801 ], [ 8.931039920126942, 45.652275637455332 ], [ 8.931039660524679, 45.652275945324334 ], [ 8.931039366881123, 45.652276237763047 ], [ 8.930167953766993, 45.653074665535392 ], [ 8.930167562481747, 45.653074990924644 ], [ 8.930167129112743, 45.653075288933984 ], [ 8.93016665753661, 45.653075556897619 ], [ 8.930166151971752, 45.653075792418555 ], [ 8.930165616940615, 45.653075993389947 ], [ 8.93016505722923, 45.653076158014059 ], [ 8.930164477844395, 45.653076284818262 ], [ 8.930163883968904, 45.653076372668252 ], [ 8.930163280915167, 45.653076420778184 ], [ 8.9301626740777, 45.653076428717711 ], [ 8.929242063354277, 45.653057920283871 ], [ 8.929241911584612, 45.653057922406546 ], [ 8.929241828554343, 45.653058011527726 ], [ 8.928843440241277, 45.653534700777421 ], [ 8.927956549590412, 45.654614166982114 ], [ 8.927956480145506, 45.654614262003733 ], [ 8.927956578823309, 45.654614343318599 ], [ 8.928569585644766, 45.655071924035667 ], [ 8.928569995219828, 45.655072261640285 ], [ 8.928570355450697, 45.655072625862424 ], [ 8.928570662842921, 45.655073013168909 ], [ 8.928570914414616, 45.65507341980264 ], [ 8.928571107725388, 45.655073841819053 ], [ 8.928571240900006, 45.655074275124321 ], [ 8.928571312646598, 45.65507471551512 ], [ 8.92857132226918, 45.655075158719441 ], [ 8.928571269674405, 45.65507560043789 ], [ 8.92857115537247, 45.655076036385573 ], [ 8.928378745693276, 45.655649459737219 ], [ 8.9283786248924, 45.655649769673019 ], [ 8.92783835458744, 45.656863718549815 ], [ 8.927838125438475, 45.656864153305811 ], [ 8.927837833738694, 45.656864569228304 ], [ 8.927837482582166, 45.656864961905576 ], [ 8.927388707382811, 45.657313672884499 ], [ 8.927388376737863, 45.657313975373164 ], [ 8.92738801078089, 45.657314257158717 ], [ 8.927387612136515, 45.65731451622019 ], [ 8.926604778431987, 45.657781626638005 ], [ 8.926604674147935, 45.657781694713414 ], [ 8.92660458875293, 45.65778177468912 ], [ 8.925730730508558, 45.658681142163253 ], [ 8.92573061211616, 45.658681273543422 ], [ 8.924830751699698, 45.659760676995731 ], [ 8.924830678140957, 45.65976076301461 ], [ 8.92404354187404, 45.660658382501865 ], [ 8.924043532573318, 45.66065839307511 ], [ 8.923930869592237, 45.660786075498791 ], [ 8.923930708191937, 45.660786281817131 ], [ 8.923794249120638, 45.660984681349433 ], [ 8.923794239602726, 45.660984695127652 ], [ 8.922696068298375, 45.662567499402208 ], [ 8.922696064358083, 45.66256750507111 ], [ 8.921487064905095, 45.664303742435393 ], [ 8.921486996513078, 45.66430385619325 ], [ 8.921486965363773, 45.66430397769799 ], [ 8.921360513346009, 45.665023646443721 ], [ 8.92094145229458, 45.667408630396082 ], [ 8.92094144107037, 45.667408733121007 ], [ 8.920941470303033, 45.667408834087681 ], [ 8.921257311188416, 45.668289290026436 ], [ 8.921257430963385, 45.668289705903561 ], [ 8.921257494348293, 45.668290127840486 ], [ 8.921257500779802, 45.668290552087278 ], [ 8.921257450200754, 45.66829097487345 ], [ 8.921257343060663, 45.668291392441517 ], [ 8.92125718031174, 45.668291801080365 ], [ 8.921256963400399, 45.668292197158216 ], [ 8.921256694254437, 45.668292577154958 ], [ 8.920743584927791, 45.668938637533437 ], [ 8.920743518060052, 45.668938732529725 ], [ 8.920743654706854, 45.668938777738539 ], [ 8.922328364385612, 45.669397118327232 ], [ 8.922328940416817, 45.669397308891448 ], [ 8.922329486675265, 45.669397538540736 ], [ 8.92232999778269, 45.669397805013993 ], [ 8.922330468706903, 45.669398105687634 ], [ 8.922330894811353, 45.669398437601338 ], [ 8.922331271900761, 45.669398797487204 ], [ 8.922331596262438, 45.669399181801907 ], [ 8.922331864702835, 45.669399586761621 ], [ 8.922332074578975, 45.669400008379284 ], [ 8.922332223824492, 45.669400442503751 ], [ 8.922332310969967, 45.669400884860828 ], [ 8.922332335157392, 45.669401331095187 ], [ 8.922332296148628, 45.669401776813388 ], [ 8.922332194327737, 45.669402217627024 ], [ 8.922332030697213, 45.669402649196009 ], [ 8.922331806868101, 45.669403067271276 ], [ 8.92214292459272, 45.669708824098194 ], [ 8.921926191926286, 45.670059589927781 ], [ 8.921926139232093, 45.670059688280659 ], [ 8.921926284507164, 45.670059714059171 ], [ 8.921926132371995, 45.670059698092636 ], [ 8.921926041756745, 45.670059785720973 ], [ 8.921344472270073, 45.670685309599591 ], [ 8.921344462052792, 45.670685320554078 ], [ 8.921062140637709, 45.670987051505264 ], [ 8.920884338625081, 45.671177109775023 ], [ 8.920883981541737, 45.671177454677242 ], [ 8.920883579524176, 45.671177774352856 ], [ 8.920883136177537, 45.671178065935088 ], [ 8.920882655477572, 45.671178326809141 ], [ 8.920882141735008, 45.671178554635631 ], [ 8.920881599556893, 45.671178747371478 ], [ 8.920881033805259, 45.6711789032883 ], [ 8.920880449553549, 45.671179020987928 ], [ 8.920879852041098, 45.671179099414829 ], [ 8.920879246626169, 45.671179137865735 ], [ 8.920878638737882, 45.671179135995828 ], [ 8.92087803382754, 45.67117909382187 ], [ 8.920877437319744, 45.671179011722074 ], [ 8.920876854563737, 45.671178890432657 ], [ 8.9202918236446, 45.671035668324286 ], [ 8.920291405337135, 45.671035554264662 ], [ 8.919842677884326, 45.670900354742272 ], [ 8.919842268972024, 45.670900253899482 ], [ 8.918867301750835, 45.670710644684689 ], [ 8.918866726345545, 45.670710511985384 ], [ 8.918058644500954, 45.670494026473264 ], [ 8.918058496754474, 45.670493992699363 ], [ 8.918058376034216, 45.670494061306684 ], [ 8.917429246722811, 45.670889579376983 ], [ 8.917046257419633, 45.671130712374357 ], [ 8.917045770691848, 45.671130989928741 ], [ 8.917045247641065, 45.67113123284615 ], [ 8.917044693263763, 45.671131438806107 ], [ 8.917044112855665, 45.671131605841175 ], [ 8.917043511961154, 45.671131732355704 ], [ 8.917042896320311, 45.671131817141195 ], [ 8.917042271814083, 45.671131859387714 ], [ 8.917041644408103, 45.671131858691695 ], [ 8.917041020095708, 45.671131815059795 ], [ 8.917040404840678, 45.671131728908797 ], [ 8.916171078652715, 45.670978683133242 ], [ 8.9161709277975, 45.670978661959317 ], [ 8.916170776715441, 45.670978682322591 ], [ 8.91564498296524, 45.671068254142284 ], [ 8.915644826922735, 45.671068286789676 ], [ 8.915644726949472, 45.671068376907591 ], [ 8.915146493801732, 45.671568806026592 ], [ 8.915146096525152, 45.671569164981527 ], [ 8.915145649649467, 45.671569494025576 ], [ 8.915145157729107, 45.671569789805218 ], [ 8.915144625777568, 45.671570049305963 ], [ 8.915144059216342, 45.671570269883041 ], [ 8.915143463819652, 45.671570449288417 ], [ 8.915142845655598, 45.67157058569363 ], [ 8.915142211024323, 45.671570677708488 ], [ 8.915141566393801, 45.671570724395195 ], [ 8.915140918333909, 45.671570725277945 ], [ 8.915140273449479, 45.671570680347727 ], [ 8.915139638312981, 45.671570590062473 ], [ 8.915139019397531, 45.671570455342341 ], [ 8.915138423010932, 45.671570277560335 ], [ 8.91472001190243, 45.671427658157825 ], [ 8.914719798190474, 45.671427591943285 ], [ 8.913591187037003, 45.671111818651688 ], [ 8.913590764711428, 45.671111723647094 ], [ 8.911704384559412, 45.670786299659575 ], [ 8.911704235283178, 45.6707862792179 ], [ 8.911704108170529, 45.670786337773649 ], [ 8.911229339991198, 45.671028879299271 ], [ 8.911229236105118, 45.671028937145721 ], [ 8.911229147283612, 45.671029006233383 ], [ 8.910678234015768, 45.67149502911554 ], [ 8.910677784252746, 45.671495371812426 ], [ 8.910677286384129, 45.671495680090622 ], [ 8.910676745740776, 45.671495950649295 ], [ 8.910676168111539, 45.67149618059144 ], [ 8.910675559681298, 45.671496367455035 ], [ 8.910674926964726, 45.671496509239219 ], [ 8.91067427673654, 45.671496604425897 ], [ 8.910673615958959, 45.671496651995852 ], [ 8.909931880067994, 45.671522967375651 ], [ 8.909931732559116, 45.671522977425091 ], [ 8.909931587008632, 45.67152299699692 ], [ 8.909187445646744, 45.671648351173204 ], [ 8.909187295753627, 45.671648382044516 ], [ 8.909187236882874, 45.671648483496767 ], [ 8.908891072254926, 45.672242154773912 ], [ 8.908891027998155, 45.672242250274337 ], [ 8.908439986810468, 45.673294897294106 ], [ 8.908439955499421, 45.673294975458234 ], [ 8.908040782441002, 45.674365261950925 ], [ 8.908040588296229, 45.674365692819947 ], [ 8.908040333498588, 45.674366107869474 ], [ 8.907736995174794, 45.67479897685763 ], [ 8.907736934370734, 45.674799075945138 ], [ 8.907737071859952, 45.674799124374744 ], [ 8.907737064557377, 45.674799122117783 ], [ 8.907736927218153, 45.67479908506899 ], [ 8.907736856505633, 45.674799175539114 ], [ 8.907513477854554, 45.675120589060413 ], [ 8.907513192417779, 45.675120955540201 ], [ 8.907512859758619, 45.675121301897555 ], [ 8.90751248274063, 45.675121625150993 ], [ 8.907512064609216, 45.675121922517903 ], [ 8.906293081823344, 45.675911917492385 ], [ 8.906292535181151, 45.675912234342867 ], [ 8.906291942013484, 45.675912506985526 ], [ 8.90629130956118, 45.675912732092193 ], [ 8.904866876677934, 45.676352123025417 ], [ 8.904866316246746, 45.67635227438015 ], [ 8.904865738091662, 45.676352388360073 ], [ 8.903209988545013, 45.676620909170005 ], [ 8.903209883527452, 45.676620925551724 ], [ 8.901836298774013, 45.676826730403313 ], [ 8.901836141005308, 45.676826760017384 ], [ 8.901835988365999, 45.676826800753801 ], [ 8.900733115143147, 45.677167271251648 ], [ 8.900732511991281, 45.677167432586394 ], [ 8.900731888775157, 45.677167550643283 ], [ 8.900731251796415, 45.677167624228609 ], [ 8.900730607495866, 45.677167652598285 ], [ 8.900729962388352, 45.67716763546548 ], [ 8.900729322996872, 45.677167573003402 ], [ 8.899987585182911, 45.677068237765859 ], [ 8.899986727528157, 45.677068079173992 ], [ 8.899037734726235, 45.676842405410696 ], [ 8.899037075057304, 45.676842219388199 ], [ 8.898652606541473, 45.676716037629092 ], [ 8.898652466376904, 45.676715997424118 ], [ 8.898652397117489, 45.676716091835317 ], [ 8.89847233008097, 45.676994616946388 ], [ 8.898471996854058, 45.676995063917104 ], [ 8.898151327422523, 45.677372086680535 ], [ 8.89815101959371, 45.677372415101324 ], [ 8.898150672068397, 45.677372723445949 ], [ 8.89815028749628, 45.677373009363464 ], [ 8.897649625910843, 45.677714086764787 ], [ 8.897649515790505, 45.677714169771917 ], [ 8.897649418185653, 45.677714260147326 ], [ 8.897405194033897, 45.677965873875003 ], [ 8.897405107170401, 45.67796597433675 ], [ 8.897405052127063, 45.677966085293505 ], [ 8.89721202785741, 45.678432921271941 ], [ 8.897211805716502, 45.678433368884662 ], [ 8.897211517656968, 45.678433797640139 ], [ 8.897211166873248, 45.678434202783727 ], [ 8.897210757255367, 45.678434579822543 ], [ 8.89678737739257, 45.678784413665859 ], [ 8.896787287191728, 45.678784495667124 ], [ 8.896787272941719, 45.678784598731824 ], [ 8.896748188134181, 45.679332843030153 ], [ 8.896748126744905, 45.679333278292361 ], [ 8.89674800536922, 45.679333707321689 ], [ 8.896747825153566, 45.679334126065847 ], [ 8.896310031638864, 45.680197232764087 ], [ 8.896309977829226, 45.680197339195523 ], [ 8.896310021261105, 45.680197237710594 ], [ 8.896309887679436, 45.680197188128375 ], [ 8.895732800353727, 45.680007799322738 ], [ 8.8957326363694, 45.680007753067976 ], [ 8.895732466103667, 45.680007719783887 ], [ 8.895321973836086, 45.679944381674488 ], [ 8.895321746396444, 45.679944343523537 ], [ 8.894424048917161, 45.67978158723502 ], [ 8.89442338360395, 45.679781439131951 ], [ 8.892857990312379, 45.679366036232118 ], [ 8.89125442574295, 45.678950557995449 ], [ 8.891253815595128, 45.678950374235782 ], [ 8.88989449342569, 45.678481187129179 ], [ 8.889894249316029, 45.67848111154067 ], [ 8.888418638872356, 45.678074700119048 ], [ 8.888418431325839, 45.678074648642564 ], [ 8.886866466231018, 45.677731220753593 ], [ 8.886865973068669, 45.677731095879395 ], [ 8.886865496088264, 45.677730943210491 ], [ 8.885811453629708, 45.677356376166507 ], [ 8.885811289094795, 45.677356325627947 ], [ 8.885811117510157, 45.677356288348193 ], [ 8.884104330525235, 45.677057974850165 ], [ 8.88410418036252, 45.677057954061056 ], [ 8.884104096377435, 45.677058043763935 ], [ 8.883459908164479, 45.677826228663683 ], [ 8.883459549520847, 45.677826610511765 ], [ 8.883459137462712, 45.677826964883252 ], [ 8.883458676242379, 45.677827288121151 ], [ 8.8834581706195, 45.677827576889726 ], [ 8.883457625811944, 45.677827828208969 ], [ 8.883457047441956, 45.67782803948537 ], [ 8.883456441478133, 45.677828208538607 ], [ 8.883455814173836, 45.677828333624099 ], [ 8.883455172002645, 45.677828413451017 ], [ 8.88345452159157, 45.677828447195573 ], [ 8.883453869652651, 45.677828434509507 ], [ 8.883453222913696, 45.67782837552376 ], [ 8.882775054024723, 45.677741770332169 ], [ 8.882774903263373, 45.677741756434088 ], [ 8.882774855859223, 45.677741857714558 ], [ 8.88231839281665, 45.678908954107236 ], [ 8.882318201952323, 45.678909363989249 ], [ 8.882317956007947, 45.678909759186929 ], [ 8.882317657240966, 45.678910136072837 ], [ 8.882317308393674, 45.678910491187693 ], [ 8.882316912668031, 45.678910821271998 ], [ 8.882316473696285, 45.678911123295983 ], [ 8.882315995507625, 45.678911394487486 ], [ 8.882315482491199, 45.678911632357298 ], [ 8.882314939355831, 45.678911834722115 ], [ 8.882314371086794, 45.67891199972447 ], [ 8.882313782900063, 45.678912125849855 ], [ 8.882313180194421, 45.67891221194062 ], [ 8.882312568501925, 45.678912257206548 ], [ 8.88199482787974, 45.678925023689587 ], [ 8.881994671564065, 45.678925035535393 ], [ 8.881994602555125, 45.678925134564174 ], [ 8.881556895830467, 45.679642901230686 ], [ 8.881556839176719, 45.67964300923574 ], [ 8.881556832173512, 45.679643124205604 ], [ 8.881573119669874, 45.680920129086708 ], [ 8.881573127941286, 45.680920232623698 ], [ 8.881573234881238, 45.680920304279489 ], [ 8.881855522754654, 45.68109240759312 ], [ 8.881855987742526, 45.681092721206632 ], [ 8.8818564054719, 45.68109306595251 ], [ 8.881856771723243, 45.681093438348469 ], [ 8.881857082797001, 45.681093834632861 ], [ 8.881857335550983, 45.681094250802772 ], [ 8.881857527432086, 45.681094682654432 ], [ 8.881857656502097, 45.681095125825664 ], [ 8.882035533517177, 45.681913961923605 ], [ 8.882035558330735, 45.681914051510503 ], [ 8.882035593442126, 45.681914139388951 ], [ 8.882050515897484, 45.68194638011478 ], [ 8.882050681520461, 45.681946809039616 ], [ 8.882050785989787, 45.681947247322199 ], [ 8.882050828286991, 45.681947690689732 ], [ 8.882050807999716, 45.681948134819827 ], [ 8.882050725325742, 45.681948575382684 ], [ 8.882050581071056, 45.681949008083244 ], [ 8.882050376641992, 45.681949428703106 ], [ 8.882050114031525, 45.681949833141687 ], [ 8.882049795799839, 45.681950217456084 ], [ 8.882049425049372, 45.681950577899649 ], [ 8.882049005394565, 45.681950910958413 ], [ 8.882048540926624, 45.681951213385375 ], [ 8.882048036173643, 45.681951482232193 ], [ 8.882047496056451, 45.68195171487789 ], [ 8.882046925840646, 45.681951909054369 ], [ 8.882046331085254, 45.681952062868646 ], [ 8.882045717588539, 45.68195217482117 ], [ 8.882045091331472, 45.681952243820518 ], [ 8.882044458419427, 45.681952269194021 ], [ 8.882043825022658, 45.681952250694309 ], [ 8.88204319731614, 45.681952188501732 ], [ 8.882042581419379, 45.681952083222626 ], [ 8.882041983336745, 45.681951935883319 ], [ 8.882041408898939, 45.681951747920237 ], [ 8.882040863706147, 45.681951521165857 ], [ 8.881353367629709, 45.681632397686727 ], [ 8.881353330078815, 45.681632380122636 ], [ 8.880093299142862, 45.681038500363265 ], [ 8.880093159284586, 45.68103844152494 ], [ 8.880092997529623, 45.681038426793563 ], [ 8.87872861986151, 45.680963878653273 ], [ 8.878728035491815, 45.680963827733969 ], [ 8.878727460235655, 45.680963739499482 ], [ 8.87872689893215, 45.680963614692054 ], [ 8.87872635630305, 45.680963454361603 ], [ 8.877609150952518, 45.680590172703468 ], [ 8.877608973237633, 45.680590122256646 ], [ 8.877608788181846, 45.680590087093833 ], [ 8.875678232717704, 45.680309154393036 ], [ 8.875677641738854, 45.680309047623382 ], [ 8.875677067892379, 45.680308902003539 ], [ 8.875676516363317, 45.680308718849282 ], [ 8.875675992135058, 45.680308499815503 ], [ 8.875675499944309, 45.680308246881317 ], [ 8.875675044238303, 45.680307962332137 ], [ 8.875674629134609, 45.680307648738989 ], [ 8.875674258383929, 45.680307308935433 ], [ 8.875673935336216, 45.680306945991738 ], [ 8.875673662910394, 45.680306563187351 ], [ 8.875673443567987, 45.680306163981115 ], [ 8.875599397280396, 45.680149584193039 ], [ 8.875599216102797, 45.680149118945188 ], [ 8.875599106989108, 45.680148642778924 ], [ 8.875599071192333, 45.680148161162307 ], [ 8.87559927569907, 45.680055878194658 ], [ 8.875599268181873, 45.680055770135148 ], [ 8.875599114847288, 45.680055757796048 ], [ 8.87529593090048, 45.680042132383541 ], [ 8.875295779513101, 45.680042130657739 ], [ 8.875295643937962, 45.680042177907112 ], [ 8.874348925302909, 45.68041263994099 ], [ 8.874348325969864, 45.68041284657356 ], [ 8.87434769925504, 45.680413008443821 ], [ 8.874347051940774, 45.680413123799987 ], [ 8.874346391032331, 45.680413191393654 ], [ 8.874345723682097, 45.680413210493363 ], [ 8.874345057112164, 45.680413180892359 ], [ 8.874344398536186, 45.680413102911061 ], [ 8.874343755081306, 45.68041297739331 ], [ 8.873720883185282, 45.680266610449252 ], [ 8.873720734372718, 45.6802665811189 ], [ 8.87372060806389, 45.680266643587302 ], [ 8.873682825571699, 45.680287360160435 ], [ 8.873590186417454, 45.680338437362671 ], [ 8.873590059494443, 45.680338515328437 ], [ 8.873589973786993, 45.680338617233936 ], [ 8.873565769240049, 45.680371237905504 ], [ 8.873565437030551, 45.680371634667694 ], [ 8.873565048770853, 45.680372005583592 ], [ 8.873564608518162, 45.680372346777219 ], [ 8.873564120872997, 45.680372654683175 ], [ 8.873563590931122, 45.680372926083962 ], [ 8.873563024230279, 45.680373158143482 ], [ 8.873562426692342, 45.680373348436817 ], [ 8.873514829453089, 45.680386493195769 ], [ 8.873514696809799, 45.680386535095742 ], [ 8.873514776975457, 45.680386620200437 ], [ 8.873536897423186, 45.680407812887708 ], [ 8.873537259996432, 45.680408200706147 ], [ 8.873537563718083, 45.68040861261624 ], [ 8.873537805364116, 45.680409044245536 ], [ 8.87353798236945, 45.680409491012298 ], [ 8.873538092855163, 45.680409948174038 ], [ 8.873538135648442, 45.680410410878004 ], [ 8.873538110295033, 45.680410874212541 ], [ 8.873538017064064, 45.680411333259343 ], [ 8.873537856945182, 45.680411783145622 ], [ 8.873537631638051, 45.680412219095807 ], [ 8.873143945379969, 45.681066553941747 ], [ 8.873143933726105, 45.681066573186101 ], [ 8.873093805157001, 45.681148820090094 ], [ 8.873093517231631, 45.681149232806042 ], [ 8.873093170778386, 45.681149622795751 ], [ 8.873092769407684, 45.681149985995084 ], [ 8.873092317302236, 45.681150318619125 ], [ 8.873091819173476, 45.681150617201567 ], [ 8.873091280212435, 45.681150878630859 ], [ 8.873090706035679, 45.681151100182618 ], [ 8.873090102626746, 45.681151279548047 ], [ 8.871956744922308, 45.681441279553312 ], [ 8.871956128573352, 45.681441413075255 ], [ 8.87195549622005, 45.681441502569143 ], [ 8.871954854246434, 45.681441547131477 ], [ 8.87195420913366, 45.681441546312392 ], [ 8.871953567394574, 45.68144150012013 ], [ 8.871952935507965, 45.681441409021055 ], [ 8.871952319853152, 45.681441273934851 ], [ 8.871951726645584, 45.681441096225321 ], [ 8.87195116187409, 45.681440877686569 ], [ 8.87017248962119, 45.68066843102347 ], [ 8.870172347387877, 45.680668376161542 ], [ 8.870172188950404, 45.680668400980217 ], [ 8.869699286637704, 45.680760676148786 ], [ 8.869698716499411, 45.680760768003893 ], [ 8.869698136800064, 45.680760823101778 ], [ 8.869697552352424, 45.680760840984981 ], [ 8.869696968008665, 45.680760821505082 ], [ 8.869696388620108, 45.680760764823766 ], [ 8.869587101162304, 45.680746488734492 ], [ 8.868436636228404, 45.680596466816006 ], [ 8.868436561765417, 45.680596457739924 ], [ 8.867544430762614, 45.680495284090945 ], [ 8.867251363041873, 45.680462015439623 ], [ 8.867251214445936, 45.680462003746413 ], [ 8.867251181850564, 45.680462106039577 ], [ 8.867127619702071, 45.680963688233405 ], [ 8.86712747884839, 45.680964127597399 ], [ 8.867127276058477, 45.680964554894935 ], [ 8.867127013362744, 45.680964965847771 ], [ 8.867126693391402, 45.680965356341268 ], [ 8.867126319348129, 45.680965722465672 ], [ 8.86712589497799, 45.680966060555171 ], [ 8.867125424529945, 45.680966367224705 ], [ 8.867124912714305, 45.680966639403756 ], [ 8.867124364655565, 45.680966874367201 ], [ 8.867123785841107, 45.680967069762438 ], [ 8.867123182066248, 45.680967223633139 ], [ 8.867122559376217, 45.680967334438677 ], [ 8.867121924005632, 45.680967401069623 ], [ 8.867121282316072, 45.680967422858828 ], [ 8.866814511113727, 45.68096706829602 ], [ 8.866813976825862, 45.680967052065768 ], [ 8.86681344631843, 45.680967004724167 ], [ 8.866812923272105, 45.680966926599694 ], [ 8.866702482195377, 45.680947026943258 ], [ 8.865865645975756, 45.680796322213112 ], [ 8.865865472047345, 45.68079628905879 ], [ 8.863970745740705, 45.68041499712961 ], [ 8.863010382966833, 45.680221720173826 ], [ 8.862424163544027, 45.680103737165602 ], [ 8.862424048029901, 45.680103715540696 ], [ 8.861419169063609, 45.679929578625135 ], [ 8.861419031966797, 45.67992955708705 ], [ 8.860780996869115, 45.679839551221654 ], [ 8.85939984125814, 45.679644567511914 ], [ 8.85939958055784, 45.67964453846988 ], [ 8.858081617984082, 45.679536449296563 ], [ 8.858081473236643, 45.67953644206623 ], [ 8.858081328149613, 45.679536444053127 ], [ 8.856089611444279, 45.679627122501017 ], [ 8.856089461174975, 45.679627134516657 ], [ 8.856089418276875, 45.679627236179797 ], [ 8.855985065817091, 45.679927639999129 ], [ 8.855984889648136, 45.679928057949198 ], [ 8.855984656633275, 45.679928461995253 ], [ 8.855984368957623, 45.679928848348339 ], [ 8.855984029318888, 45.679929213385378 ], [ 8.85598364090206, 45.679929553683202 ], [ 8.855983207349556, 45.679929866050642 ], [ 8.855982732727051, 45.679930147558437 ], [ 8.85598222148537, 45.679930395566721 ], [ 8.85598167841872, 45.679930607749768 ], [ 8.854070075507638, 45.680594574377729 ], [ 8.854069496565703, 45.680594751162744 ], [ 8.854068895647959, 45.680594887226405 ], [ 8.854068278567754, 45.680594981252391 ], [ 8.85406765129478, 45.680595032331105 ], [ 8.85406701989735, 45.680595039968388 ], [ 8.854066390483666, 45.680595004090378 ], [ 8.854065769142744, 45.68059492504414 ], [ 8.854065161885506, 45.680594803594389 ], [ 8.854064574586619, 45.680594640916034 ], [ 8.854064012927678, 45.680594438582851 ], [ 8.854063482342232, 45.680594198552242 ], [ 8.853934109996073, 45.680529139327312 ], [ 8.853933985012604, 45.680529082496243 ], [ 8.85393383902016, 45.680529061696369 ], [ 8.85312813639635, 45.680441590489359 ], [ 8.85312798493579, 45.680441579420403 ], [ 8.853127957487324, 45.680441684415065 ], [ 8.853100019112835, 45.680589798159026 ], [ 8.853099909247312, 45.680590222765311 ], [ 8.853099741869547, 45.680590638043711 ], [ 8.85309951851848, 45.68059104017599 ], [ 8.853099241247683, 45.680591425464755 ], [ 8.8530989126065, 45.680591790367558 ], [ 8.853098535616585, 45.680592131529316 ], [ 8.853098113744137, 45.680592445813232 ], [ 8.853097650868017, 45.680592730329657 ], [ 8.853097151244095, 45.680592982462649 ], [ 8.853096619466115, 45.680593199893984 ], [ 8.853096060423457, 45.680593380624529 ], [ 8.853095479256181, 45.680593522992552 ], [ 8.853094881307777, 45.68059362568907 ], [ 8.853094272076023, 45.680593687769857 ], [ 8.853093657162436, 45.680593708664126 ], [ 8.853093042220785, 45.680593688179734 ], [ 8.853092432905088, 45.680593626505058 ], [ 8.851146031195514, 45.680329275621467 ], [ 8.851145880101605, 45.680329260507591 ], [ 8.851145831752751, 45.680329361981393 ], [ 8.850765606202854, 45.681282398448651 ], [ 8.850765409458388, 45.681282812882621 ], [ 8.850765156325961, 45.681283211996274 ], [ 8.850764849189872, 45.681283592030269 ], [ 8.850764490943094, 45.681283949405021 ], [ 8.850764084960025, 45.681284280754298 ], [ 8.850763635064695, 45.681284582957112 ], [ 8.850763145494755, 45.681284853166908 ], [ 8.850762620861561, 45.681285088838564 ], [ 8.850762066106732, 45.681285287752225 ], [ 8.850761486455616, 45.681285448034288 ], [ 8.850760887368056, 45.681285568175014 ], [ 8.850760274486975, 45.681285647042785 ], [ 8.850759653585218, 45.681285683894728 ], [ 8.850759030511183, 45.681285678383738 ], [ 8.850758411133725, 45.681285630561717 ], [ 8.85075780128688, 45.681285540879102 ], [ 8.849711008006116, 45.681093996208375 ], [ 8.849710417663998, 45.681093866592626 ], [ 8.849709847858408, 45.681093697754285 ], [ 8.849709303879282, 45.681093491260768 ], [ 8.849708790776786, 45.681093249029132 ], [ 8.849708313314435, 45.681092973308196 ], [ 8.849707875924878, 45.681092666657676 ], [ 8.849707482668723, 45.681092331924461 ], [ 8.849707137196866, 45.681091972216102 ], [ 8.849706842716579, 45.68109159087205 ], [ 8.849706601961744, 45.681091191432635 ], [ 8.84970641716747, 45.681090777606109 ], [ 8.849706290049333, 45.681090353234353 ], [ 8.849706221787475, 45.681089922257151 ], [ 8.849706213015612, 45.681089488675568 ], [ 8.849706263815184, 45.681089056514864 ], [ 8.849706373714575, 45.681088629787126 ], [ 8.849706541693509, 45.681088212453965 ], [ 8.849706766192506, 45.681087808389819 ], [ 8.849707045127376, 45.681087421345914 ], [ 8.849707375908553, 45.681087054915466 ], [ 8.850101422173569, 45.680693832957033 ], [ 8.850101506910747, 45.680693738629692 ], [ 8.850101500134146, 45.680693627260553 ], [ 8.850086561634097, 45.68058136840952 ], [ 8.850045853034146, 45.6802755553285 ], [ 8.850045825750193, 45.680275081947485 ], [ 8.850045869612343, 45.680274609179001 ], [ 8.850045984134503, 45.680274142262306 ], [ 8.850046168047523, 45.680273686371869 ], [ 8.850264755180925, 45.679823777710311 ], [ 8.850341153264322, 45.679666173953322 ], [ 8.850341177396432, 45.679666122116863 ], [ 8.850392912758823, 45.679550250928457 ], [ 8.850474707763615, 45.679367109762531 ], [ 8.850474753960787, 45.679366979344096 ], [ 8.850474777543361, 45.679366845986046 ], [ 8.850513851093563, 45.67893475119822 ], [ 8.850513852928247, 45.678934634294592 ], [ 8.850513820086634, 45.678934519672943 ], [ 8.850445177400141, 45.678746478209113 ], [ 8.850363926486322, 45.678523912786169 ], [ 8.850363796955264, 45.678523464023627 ], [ 8.850363733140927, 45.678523008357907 ], [ 8.850363735703809, 45.678522550505278 ], [ 8.85036380461738, 45.678522095204627 ], [ 8.850363939168366, 45.678521647168466 ], [ 8.850364137964121, 45.678521211034081 ], [ 8.850364398947054, 45.678520791315599 ], [ 8.850364719415918, 45.6785203923572 ], [ 8.850905383847408, 45.677920837397302 ], [ 8.850905465687571, 45.677920735010105 ], [ 8.850905462494277, 45.677920617667262 ], [ 8.850868554384467, 45.67756217110913 ], [ 8.850868540792208, 45.677561708043982 ], [ 8.850868595166158, 45.677561246451852 ], [ 8.850868716930407, 45.67756079122173 ], [ 8.851250636738987, 45.676451533185713 ], [ 8.851250839400018, 45.676451060100213 ], [ 8.851251114800361, 45.676450605433757 ], [ 8.851355474474412, 45.676301619902681 ], [ 8.851355532720831, 45.676301525643829 ], [ 8.85135540776094, 45.67630147199241 ], [ 8.849199835035186, 45.675472257433036 ], [ 8.849199303895578, 45.675472028916722 ], [ 8.849198806864878, 45.675471765375384 ], [ 8.849198348626743, 45.675471469292418 ], [ 8.849197933499264, 45.675471143457926 ], [ 8.849197565394292, 45.675470790942306 ], [ 8.849197247780573, 45.675470415067394 ], [ 8.849196983651066, 45.675470019375176 ], [ 8.849196775494725, 45.675469607594366 ], [ 8.849196625273061, 45.675469183605252 ], [ 8.849196534401647, 45.675468751403223 ], [ 8.84919650373679, 45.675468315060989 ], [ 8.849196533567453, 45.675467878690348 ], [ 8.849196623612524, 45.675467446403324 ], [ 8.849196773023493, 45.675467022273452 ], [ 8.84921606387538, 45.675421814545729 ], [ 8.849987375279126, 45.67361568192451 ], [ 8.84998741135569, 45.673615579451564 ], [ 8.849987275355106, 45.673615534172683 ], [ 8.849713692679135, 45.673535692878254 ], [ 8.849713172105096, 45.67353552138804 ], [ 8.849712675516189, 45.673535317920496 ], [ 8.849712206898952, 45.673535084109048 ], [ 8.849711770015372, 45.673534821830671 ], [ 8.849571962694219, 45.673442967121282 ], [ 8.849571538019138, 45.673442660272229 ], [ 8.849571156795252, 45.673442326556582 ], [ 8.849570822463129, 45.673441968986161 ], [ 8.849570538040131, 45.673441590788016 ], [ 8.849570306093193, 45.673441195375446 ], [ 8.849570128715648, 45.673440786317052 ], [ 8.849448242930087, 45.673102756142271 ], [ 8.849448200921694, 45.673102659411548 ], [ 8.849448077703208, 45.673102711968276 ], [ 8.849186499670761, 45.673226701049188 ], [ 8.849185978162589, 45.673226923672139 ], [ 8.849185428843658, 45.673227110553817 ], [ 8.849184856683388, 45.673227260003593 ], [ 8.84918426685784, 45.67322737066948 ], [ 8.849183664702878, 45.673227441550317 ], [ 8.849183055665906, 45.673227472004896 ], [ 8.849182445256584, 45.673227461757698 ], [ 8.849181838996994, 45.673227410901426 ], [ 8.849181242371671, 45.673227319896171 ], [ 8.849180660777993, 45.673227189565203 ], [ 8.849180099477357, 45.673227021087548 ], [ 8.849179563547578, 45.673226815987341 ], [ 8.849179057836952, 45.673226576120065 ], [ 8.849178586920397, 45.673226303655632 ], [ 8.849050157484553, 45.673144495195373 ], [ 8.848986709359785, 45.673104080846812 ], [ 8.848986264488694, 45.673103768204932 ], [ 8.848985865466426, 45.67310342650223 ], [ 8.84898551613494, 45.673103059028769 ], [ 8.848985219857747, 45.673102669322745 ], [ 8.848984979487527, 45.6731022611364 ], [ 8.848984797338666, 45.673101838399937 ], [ 8.848984675164971, 45.673101405183644 ], [ 8.848984614142775, 45.673100965658705 ], [ 8.848984614859633, 45.673100524057062 ], [ 8.848984677308637, 45.673100084630647 ], [ 8.848984800888498, 45.673099651610414 ], [ 8.848984984409341, 45.673099229165686 ], [ 8.849174142547991, 45.672729889544875 ], [ 8.849174187751597, 45.672729785531544 ], [ 8.849174157857302, 45.672729678836575 ], [ 8.849128753754329, 45.672601235022398 ], [ 8.849128630106952, 45.672600790496361 ], [ 8.849128570815326, 45.672600339508897 ], [ 8.84912857647992, 45.672599886627317 ], [ 8.849128647043363, 45.672599436438134 ], [ 8.849128781791032, 45.67259899350055 ], [ 8.849128979358287, 45.672598562300337 ], [ 8.8491292377443, 45.672598147204447 ], [ 8.849129554332297, 45.672597752416678 ], [ 8.849129925916081, 45.672597381935191 ], [ 8.849130348732494, 45.672597039511977 ], [ 8.849130818499525, 45.672596728614892 ], [ 8.849131330459675, 45.672596452392469 ], [ 8.849131879428144, 45.67259621364213 ], [ 8.849132459845338, 45.672596014781796 ], [ 8.849133065833168, 45.672595857825364 ], [ 8.849133691254584, 45.672595744362418 ], [ 8.849629825925961, 45.672524191608048 ], [ 8.849629971572467, 45.672524165391494 ], [ 8.849629995082651, 45.672524061269506 ], [ 8.8496589100112, 45.672338061175672 ], [ 8.849658919035647, 45.672337956819156 ], [ 8.849658786707547, 45.67233790861043 ], [ 8.849559054696547, 45.672305737073899 ], [ 8.849216092875755, 45.672195147941736 ], [ 8.849215512400248, 45.672194934965354 ], [ 8.849214965912282, 45.672194681619239 ], [ 8.849214459104152, 45.672194390542266 ], [ 8.849213997254848, 45.672194064766352 ], [ 8.849213585175056, 45.672193707684812 ], [ 8.849213227157058, 45.672193323017076 ], [ 8.849212926930022, 45.672192914769873 ], [ 8.849212687621154, 45.672192487195595 ], [ 8.848912303902692, 45.671563057528374 ], [ 8.848912131864905, 45.67156262704956 ], [ 8.848912021596277, 45.671562186728437 ], [ 8.848911974184912, 45.671561740909979 ], [ 8.848911990098648, 45.671561293993392 ], [ 8.848912069180452, 45.671560850388708 ], [ 8.848950112233725, 45.671409140926563 ], [ 8.848950132199331, 45.671409026993615 ], [ 8.848950069108025, 45.671408921068142 ], [ 8.848562904124417, 45.670843177941457 ], [ 8.848562833241623, 45.670843085926755 ], [ 8.848562684115759, 45.670843083530684 ], [ 8.848103868451819, 45.670851105178187 ], [ 8.848032104181401, 45.670852359769967 ], [ 8.848031329482014, 45.670852340488572 ], [ 8.847397874016671, 45.670809617244522 ], [ 8.846728040743448, 45.670764425288212 ], [ 8.846727407372825, 45.670764360072262 ], [ 8.846726786416827, 45.670764250953233 ], [ 8.846726184050972, 45.67076409901636 ], [ 8.846725606265887, 45.670763905772667 ], [ 8.846725058807746, 45.670763673143981 ], [ 8.846724547121115, 45.670763403443843 ], [ 8.846724076294802, 45.670763099354453 ], [ 8.846723651011258, 45.670762763900079 ], [ 8.846723275499997, 45.67076240041682 ], [ 8.846722953495542, 45.670762012519596 ], [ 8.846722688200282, 45.670761604066143 ], [ 8.846722482252622, 45.670761179118529 ], [ 8.846722337700745, 45.67076074190301 ], [ 8.846648142768643, 45.67047141414043 ], [ 8.84664810999976, 45.670471314018293 ], [ 8.846647964004534, 45.670471322720495 ], [ 8.8459474619386, 45.670536768516179 ], [ 8.845946810368396, 45.67053680584381 ], [ 8.84594615676183, 45.670536796516849 ], [ 8.845945507897827, 45.670536740631967 ], [ 8.845944870506125, 45.670536638768844 ], [ 8.845713875881083, 45.670490934394451 ], [ 8.84571326890522, 45.670490791020562 ], [ 8.845712685330369, 45.670490605953539 ], [ 8.845712130966421, 45.670490381035854 ], [ 8.845711611332463, 45.670490118506713 ], [ 8.845711131601812, 45.670489820979753 ], [ 8.845710696550521, 45.670489491417101 ], [ 8.84571031050983, 45.670489133099757 ], [ 8.845709977323043, 45.670488749595052 ], [ 8.845709700307268, 45.670488344721015 ], [ 8.845709482220386, 45.67048792250845 ], [ 8.845709325233607, 45.670487487160806 ], [ 8.84570923090984, 45.670487043012244 ], [ 8.845709200188143, 45.670486594484579 ], [ 8.845709655621818, 45.670320838152463 ], [ 8.845709689561271, 45.670320384567411 ], [ 8.845709788541145, 45.670319935690877 ], [ 8.846017540163848, 45.669276262300173 ], [ 8.846034494928206, 45.669218749535105 ], [ 8.846034661234055, 45.669218302538937 ], [ 8.846034892021279, 45.669217869850087 ], [ 8.846035184858236, 45.669217456027525 ], [ 8.846035536659508, 45.669217065431361 ], [ 8.846035943718412, 45.669216702177081 ], [ 8.846036401746051, 45.669216370092037 ], [ 8.84603690591651, 45.669216072675155 ], [ 8.846037450917702, 45.669215813060099 ], [ 8.846038031007328, 45.669215593982258 ], [ 8.846234312275126, 45.669150344096629 ], [ 8.846234455419076, 45.669150290047511 ], [ 8.846234555961093, 45.669150200469311 ], [ 8.846529147946832, 45.668858090532609 ], [ 8.84652922665274, 45.66885800398277 ], [ 8.846529106381139, 45.668857945455159 ], [ 8.846227852643006, 45.668725854614635 ], [ 8.846227325468238, 45.668725596855765 ], [ 8.846226837700639, 45.66872530342836 ], [ 8.846226394230149, 45.668724977274088 ], [ 8.846225999502622, 45.66872462166269 ], [ 8.846225657475259, 45.668724240159229 ], [ 8.846225371576935, 45.668723836588313 ], [ 8.846225144673818, 45.66872341499581 ], [ 8.846224979040647, 45.668722979608248 ], [ 8.846224876337914, 45.668722534790469 ], [ 8.846224837595228, 45.668722085001797 ], [ 8.846224863200989, 45.668721634751471 ], [ 8.846224952898494, 45.668721188553278 ], [ 8.846225105788511, 45.668720750880439 ], [ 8.846225320338293, 45.66872032612067 ], [ 8.84622559439695, 45.668719918532275 ], [ 8.846225925216999, 45.668719532201372 ], [ 8.846226309481919, 45.668719171000987 ], [ 8.846438677492527, 45.668539112942675 ], [ 8.8464387725538, 45.668539023495605 ], [ 8.846438761803293, 45.668538912203452 ], [ 8.846350448925699, 45.668017483757737 ], [ 8.846350406434427, 45.668017073296447 ], [ 8.846350417600409, 45.668016661829917 ], [ 8.846350482330278, 45.668016252798907 ], [ 8.84637622240119, 45.667901686717919 ], [ 8.846441260114728, 45.667612194621718 ], [ 8.846441410874794, 45.667611703656966 ], [ 8.846488528238199, 45.667491347883924 ], [ 8.846488530614915, 45.667491341829418 ], [ 8.846504793442344, 45.66745002616468 ], [ 8.846727656979981, 45.666883366732286 ], [ 8.846727691354372, 45.66688325807764 ], [ 8.846727589602869, 45.666883172654217 ], [ 8.846727591311451, 45.666883173948946 ], [ 8.846727688663158, 45.666883240694332 ], [ 8.846727667649482, 45.666883146371624 ], [ 8.846665102861705, 45.666672115966847 ], [ 8.846665055740976, 45.666671992723714 ], [ 8.846664988942655, 45.666671874035558 ], [ 8.846309206220988, 45.666131960682847 ], [ 8.846308970099626, 45.666131550535631 ], [ 8.846308792539968, 45.666131126118316 ], [ 8.846308675257033, 45.666130691530292 ], [ 8.84630861938364, 45.666130250969168 ], [ 8.846308625459455, 45.666129808690251 ], [ 8.846308693425797, 45.666129368965443 ], [ 8.846308822626185, 45.666128936042 ], [ 8.846309011812693, 45.66612851410143 ], [ 8.846309259157994, 45.666128107219208 ], [ 8.846309562273021, 45.666127719325331 ], [ 8.846309918230036, 45.666127354166413 ], [ 8.846310323590899, 45.66612701526946 ], [ 8.846310774440299, 45.666126705907836 ], [ 8.846311266423552, 45.666126429069593 ], [ 8.846506403253642, 45.666027272028686 ], [ 8.846506522607603, 45.666027204952897 ], [ 8.846506555321534, 45.666027100186291 ], [ 8.846524831278277, 45.665951080544858 ], [ 8.846524863835043, 45.665950901605406 ], [ 8.846561883930104, 45.665652521168504 ], [ 8.84656188980979, 45.66565241746288 ], [ 8.846561792993503, 45.665652338952633 ], [ 8.846185222601934, 45.66537452384825 ], [ 8.846184810999354, 45.665374188631603 ], [ 8.846184448318533, 45.665373826703473 ], [ 8.846184138063048, 45.665373441560135 ], [ 8.846183883230035, 45.665373036922169 ], [ 8.846183686281236, 45.665372616698505 ], [ 8.846183549119225, 45.665372184948538 ], [ 8.84618347306901, 45.665371745843117 ], [ 8.846183458865257, 45.665371303624063 ], [ 8.84618350664517, 45.66537086256335 ], [ 8.84618361594719, 45.665370426921697 ], [ 8.84618378571543, 45.665370000907522 ], [ 8.846184014309888, 45.665369588636182 ], [ 8.846473274323932, 45.664915367307287 ], [ 8.846473330191984, 45.664915266171398 ], [ 8.846473196621844, 45.66491521147212 ], [ 8.845321269324243, 45.664496563032742 ], [ 8.845320735849056, 45.664496345728217 ], [ 8.845320234594361, 45.664496093514494 ], [ 8.845319770191493, 45.664495808721917 ], [ 8.845319346931298, 45.664495493981825 ], [ 8.845318968724484, 45.664495152202257 ], [ 8.845318639065487, 45.664494786541077 ], [ 8.84531836100019, 45.664494400376803 ], [ 8.845318137097768, 45.664493997277418 ], [ 8.845317969426969, 45.664493580967324 ], [ 8.845317859536978, 45.664493155293037 ], [ 8.845317808443127, 45.664492724187554 ], [ 8.845317816617492, 45.66449229163409 ], [ 8.845317883984544, 45.664491861629187 ], [ 8.845318009921847, 45.664491438145888 ], [ 8.845318193265802, 45.664491025096972 ], [ 8.845318432322406, 45.664490626298772 ], [ 8.845318724882896, 45.664490245436006 ], [ 8.845969342522086, 45.66373285479785 ], [ 8.84596942654851, 45.66373275082902 ], [ 8.846532897991404, 45.662990228883999 ], [ 8.846532982828267, 45.662990108563449 ], [ 8.847187721461699, 45.661987263506681 ], [ 8.847187776940814, 45.661987166922628 ], [ 8.847187819412849, 45.661987067148431 ], [ 8.847698823232339, 45.660545652114521 ], [ 8.847698852476746, 45.6605455481454 ], [ 8.847698719411866, 45.660545497905524 ], [ 8.84629235321303, 45.660075163533186 ], [ 8.846291815262987, 45.660074961059372 ], [ 8.846291307184297, 45.660074723657793 ], [ 8.846290833574864, 45.660074453476824 ], [ 8.846290398720658, 45.660074152961506 ], [ 8.846290006556933, 45.660073824831365 ], [ 8.846289660632603, 45.660073472055835 ], [ 8.846289364078146, 45.660073097827414 ], [ 8.846289119577255, 45.660072705532698 ], [ 8.846288929342562, 45.660072298721794 ], [ 8.846288795095608, 45.660071881076192 ], [ 8.846288718051273, 45.660071456375384 ], [ 8.846288698906779, 45.660071028462745 ], [ 8.846288737835367, 45.66007060121072 ], [ 8.846288834484756, 45.660070178485761 ], [ 8.8462889879803, 45.660069764113338 ], [ 8.846760222170248, 45.65900799164902 ], [ 8.846833703370145, 45.658842486580269 ], [ 8.846833929755768, 45.6588420555399 ], [ 8.846834217619913, 45.658841642926539 ], [ 8.846834563963728, 45.658841253038609 ], [ 8.846834965179145, 45.658840889937807 ], [ 8.847158718416065, 45.658576901521087 ], [ 8.847159132368299, 45.65857659441032 ], [ 8.847159585573939, 45.658576315880019 ], [ 8.847160074037086, 45.658576068385983 ], [ 8.847160593450983, 45.658575854110374 ], [ 8.847161139235981, 45.658575674942419 ], [ 8.847161706579913, 45.658575532461846 ], [ 8.847162290480536, 45.658575427924916 ], [ 8.847162885789624, 45.658575362253288 ], [ 8.84716348725836, 45.65857533602604 ], [ 8.84716408958362, 45.658575349474368 ], [ 8.847396110386951, 45.658588195999037 ], [ 8.847396257782382, 45.658588199222613 ], [ 8.847396310281255, 45.65858810258861 ], [ 8.847607554586094, 45.658135607832783 ], [ 8.847833435461283, 45.657651717996806 ], [ 8.847833553770641, 45.657651486195185 ], [ 8.847942669968246, 45.657454824931861 ], [ 8.847942715331042, 45.657454737912779 ], [ 8.848044509525517, 45.657246251031737 ], [ 8.84847086638219, 45.656372346066341 ], [ 8.848470959895634, 45.656372114645535 ], [ 8.848771153674763, 45.655442147035053 ], [ 8.848771319177406, 45.655441729023984 ], [ 8.848771541303586, 45.655441324129981 ], [ 8.848771817989265, 45.655440936115468 ], [ 8.848772146663419, 45.655440568585902 ], [ 8.848772524271936, 45.655440224956479 ], [ 8.848772947306005, 45.655439908420249 ], [ 8.848773411834697, 45.655439621918546 ], [ 8.848773913541519, 45.655439368113598 ], [ 8.84877444776451, 45.655439149363829 ], [ 8.848775009539553, 45.655438967701905 ], [ 8.848775593646522, 45.655438824815832 ], [ 8.848776194657775, 45.65543872203336 ], [ 8.848776806988589, 45.655438660309578 ], [ 8.848777424949063, 45.655438640218009 ], [ 8.849034753891273, 45.655438980546208 ], [ 8.84903490387163, 45.655438975653148 ], [ 8.849034957234336, 45.655438877236705 ], [ 8.849242372711348, 45.654992461547891 ], [ 8.849242598358046, 45.654992046613501 ], [ 8.84924288121983, 45.654991649294757 ], [ 8.849243218542494, 45.654991273460347 ], [ 8.84924360704156, 45.654990922769692 ], [ 8.849244042934245, 45.654990600637461 ], [ 8.849244521976297, 45.65499031020024 ], [ 8.84924503950333, 45.654990054285967 ], [ 8.849245590476224, 45.654989835386473 ], [ 8.849246169530208, 45.654989655633159 ], [ 8.849246771027081, 45.654989516776247 ], [ 8.849247389110124, 45.654989420167809 ], [ 8.849248017761118, 45.654989366748495 ], [ 8.849248650858941, 45.654989357038431 ], [ 8.849249282239176, 45.654989391132183 ], [ 8.849249905754133, 45.654989468697778 ], [ 8.849250515332701, 45.654989588979959 ], [ 8.849488549897588, 45.655045581924774 ], [ 8.849488693015159, 45.655045610231419 ], [ 8.849488734970619, 45.655045510187634 ], [ 8.849532250405511, 45.6549193298559 ], [ 8.849570843760125, 45.654807486230354 ], [ 8.849689492222652, 45.654451846656094 ], [ 8.849689524220599, 45.654451755079563 ], [ 8.850026998417972, 45.653527880560617 ], [ 8.850027081775739, 45.653527673145966 ], [ 8.850400536153465, 45.652676968932219 ], [ 8.85040057307441, 45.652676868553094 ], [ 8.850400596628811, 45.652676766212814 ], [ 8.850483397937909, 45.652168793223019 ], [ 8.850483407659263, 45.652168690311818 ], [ 8.85048326726155, 45.652168659615874 ], [ 8.849646264222359, 45.652015932056493 ], [ 8.849645667021566, 45.652015800972855 ], [ 8.849645090865167, 45.652015629719152 ], [ 8.849644541231944, 45.652015419923842 ], [ 8.849644023348462, 45.652015173581887 ], [ 8.849643542139374, 45.652014893035862 ], [ 8.849643102180583, 45.652014580953477 ], [ 8.849642707655743, 45.652014240302407 ], [ 8.849642362316464, 45.652013874321966 ], [ 8.849642069446642, 45.652013486492322 ], [ 8.849641831831228, 45.652013080501419 ], [ 8.849641651729749, 45.65201266020992 ], [ 8.849641530854823, 45.652012229614428 ], [ 8.849641470355877, 45.652011792809574 ], [ 8.84962465301472, 45.651766542934951 ], [ 8.849624654158285, 45.651766094497034 ], [ 8.849624718930988, 45.651765648365142 ], [ 8.849624846689712, 45.651765208968847 ], [ 8.849625036165971, 45.651764780670803 ], [ 8.849625285478492, 45.651764367723509 ], [ 8.849625592151904, 45.651763974226988 ], [ 8.849625953141315, 45.651763604088202 ], [ 8.849626364862532, 45.6517632609822 ], [ 8.84962682322767, 45.651762948315586 ], [ 8.849627323685716, 45.651762669192742 ], [ 8.849627861267736, 45.651762426385062 ], [ 8.849628430636191, 45.65176222230329 ], [ 8.849629026137945, 45.651762058973752 ], [ 8.849629641860394, 45.651761938018055 ], [ 8.849630271690161, 45.65176186063718 ], [ 8.849630909373806, 45.651761827599422 ], [ 8.849631548579904, 45.65176183923279 ], [ 8.849632182961921, 45.651761895421799 ], [ 8.850502160985835, 45.651870065405291 ], [ 8.850502314546876, 45.651870078988026 ], [ 8.850502388238299, 45.651869983532215 ], [ 8.850547706935684, 45.651803549078238 ], [ 8.850547775712812, 45.65180343150093 ], [ 8.85054780486964, 45.651803306070214 ], [ 8.850604692146211, 45.65142356412354 ], [ 8.850604699971152, 45.651423504184386 ], [ 8.85061338081953, 45.651345536485657 ], [ 8.850613396527798, 45.651345416216756 ], [ 8.850649030914413, 45.651107738115719 ], [ 8.850660696850362, 45.651029911871902 ], [ 8.850660700475975, 45.651029888282721 ], [ 8.850722938292552, 45.650634728125873 ], [ 8.850722947915227, 45.650634610119319 ], [ 8.850722921993565, 45.650634493326407 ], [ 8.85061525776544, 45.650275484900313 ], [ 8.850615250548142, 45.65027546049869 ], [ 8.850390979191605, 45.649506491255124 ], [ 8.850390941779107, 45.649506388746865 ], [ 8.850390791101772, 45.64950638338501 ], [ 8.850224434980214, 45.649506165411772 ], [ 8.850223826864855, 45.649506144355804 ], [ 8.85022322433233, 45.649506082972131 ], [ 8.850222632807226, 45.64950598181337 ], [ 8.850222057615026, 45.649505841790258 ], [ 8.850221503934172, 45.649505664163414 ], [ 8.850220976749439, 45.649505450532004 ], [ 8.850220480807055, 45.64950520281937 ], [ 8.850220020571976, 45.649504923255641 ], [ 8.850219600187687, 45.64950461435771 ], [ 8.850219223438893, 45.649504278906605 ], [ 8.850218893717456, 45.649503919922367 ], [ 8.850218613991846, 45.649503540636928 ], [ 8.850218386780426, 45.649503144464973 ], [ 8.85021821412877, 45.649502734973247 ], [ 8.850218097591259, 45.64950231584838 ], [ 8.850147398562319, 45.649163065606871 ], [ 8.850147369778986, 45.649162962520826 ], [ 8.850147223595981, 45.649162939657479 ], [ 8.849504422715805, 45.649085010976819 ], [ 8.849503796470454, 45.649084912202753 ], [ 8.849503187428585, 45.64908477004186 ], [ 8.849502601684527, 45.649084585916619 ], [ 8.849502045099483, 45.649084361669516 ], [ 8.849501523242875, 45.649084099544417 ], [ 8.849501041336623, 45.649083802164277 ], [ 8.849500604202882, 45.649083472504813 ], [ 8.849500216215796, 45.649083113864727 ], [ 8.84949988125773, 45.64908272983272 ], [ 8.849499602680407, 45.649082324251594 ], [ 8.849499383271391, 45.649081901179756 ], [ 8.849499225226182, 45.649081464850632 ], [ 8.849499130126244, 45.649081019630309 ], [ 8.849499098923182, 45.649080569973883 ], [ 8.849499131929232, 45.649080120380781 ], [ 8.849542222294094, 45.648783333800395 ], [ 8.849542227763626, 45.648783292322783 ], [ 8.849651949935014, 45.6478578815437 ], [ 8.849651955072011, 45.647857775349699 ], [ 8.84965181171904, 45.647857740981195 ], [ 8.848905578737284, 45.647707052603273 ], [ 8.848905000084129, 45.64770691450434 ], [ 8.848904442791197, 45.647706738415422 ], [ 8.848903911915391, 45.647706525934353 ], [ 8.848903412273909, 45.647706278989197 ], [ 8.848902948400529, 45.647705999820737 ], [ 8.848902524504458, 45.647705690962198 ], [ 8.848902144432154, 45.647705355216154 ], [ 8.848901811632416, 45.647704995629184 ], [ 8.848901529125081, 45.6477046154642 ], [ 8.848901299473638, 45.647704218170865 ], [ 8.848901124761957, 45.647703807354198 ], [ 8.84890100657538, 45.647703386742009 ], [ 8.848774548586336, 45.647104106077556 ], [ 8.848774519918122, 45.647104003774338 ], [ 8.848774407847785, 45.647103935278238 ], [ 8.84695627167433, 45.646094333980798 ], [ 8.846955774196076, 45.646094027129557 ], [ 8.846955324478756, 45.64609368593613 ], [ 8.846954927316357, 45.646093314037664 ], [ 8.846954586942626, 45.646092915398548 ], [ 8.846954306985948, 45.646092494268338 ], [ 8.846954090430655, 45.646092055136229 ], [ 8.846953939585228, 45.646091602683391 ], [ 8.846953856057675, 45.646091141732967 ], [ 8.846921089810653, 45.645784355709253 ], [ 8.846912269446447, 45.645701812844351 ], [ 8.8469122504365, 45.645701706398924 ], [ 8.846912097692726, 45.645701700853778 ], [ 8.846570964315509, 45.645701243223314 ], [ 8.846570352863377, 45.645701221917072 ], [ 8.846569747089477, 45.645701159834822 ], [ 8.846569152508513, 45.645701057541707 ], [ 8.846568574533284, 45.645700915968987 ], [ 8.846568018425419, 45.645700736405466 ], [ 8.846567489247482, 45.645700520485804 ], [ 8.845615188012546, 45.64526802970645 ], [ 8.845614675981349, 45.645267771248861 ], [ 8.845614202609799, 45.645267478773484 ], [ 8.845613772473653, 45.645267155107469 ], [ 8.845613389730737, 45.645266803379478 ], [ 8.845613058080763, 45.64526642698943 ], [ 8.84561278072956, 45.645266029575602 ], [ 8.845612560358088, 45.645265614979536 ], [ 8.845612399096526, 45.645265187208864 ], [ 8.845612298503674, 45.645264750398511 ], [ 8.845612259551896, 45.645264308770848 ], [ 8.845612282617704, 45.645263866594789 ], [ 8.845612367478143, 45.645263428144503 ], [ 8.845612513312918, 45.645262997658222 ], [ 8.845612718712351, 45.645262579297146 ], [ 8.84561298169098, 45.64526217710528 ], [ 8.845613299706775, 45.645261794970345 ], [ 8.845613669685697, 45.645261436586154 ], [ 8.845614088051414, 45.645261105416978 ], [ 8.845614550759878, 45.645260804663977 ], [ 8.845615053338403, 45.645260537234343 ], [ 8.845615590928913, 45.645260305713116 ], [ 8.845616158334893, 45.645260112338278 ], [ 8.845905461202115, 45.645173572734322 ], [ 8.845905593580564, 45.645173527833407 ], [ 8.845905591381571, 45.645173424707451 ], [ 8.84588232557045, 45.64491165789736 ], [ 8.845851297067732, 45.644562280816004 ], [ 8.845759416291457, 45.643527811519952 ], [ 8.845759409534212, 45.643527720643419 ], [ 8.845707068329219, 45.642654047547225 ], [ 8.845707054548432, 45.642653941548879 ], [ 8.845706909816849, 45.642653909567052 ], [ 8.845453543630756, 45.642607345955 ], [ 8.845453419851836, 45.642607322276596 ], [ 8.845128931333285, 45.642542796684651 ], [ 8.845128796808744, 45.6425427688159 ], [ 8.842740475990063, 45.642027987619414 ], [ 8.842740261942936, 45.642027938581244 ], [ 8.84192365387913, 45.641829660556915 ], [ 8.841923564946885, 45.641829638448186 ], [ 8.840549456167196, 45.641480023498794 ], [ 8.84054885811261, 45.641479846844518 ], [ 8.84054828855607, 45.641479628718685 ], [ 8.84054775332392, 45.641479371352631 ], [ 8.840547257891389, 45.641479077379145 ], [ 8.840546807326559, 45.641478749805458 ], [ 8.840546406238543, 45.64147839198251 ], [ 8.840546058730318, 45.641478007570704 ], [ 8.840545768356762, 45.641477600502405 ], [ 8.840545538088287, 45.641477174941812 ], [ 8.840545370280452, 45.641476735242236 ], [ 8.840545266649862, 45.641476285901618 ], [ 8.840545228256621, 45.641475831516559 ], [ 8.840545255493476, 45.641475376735237 ], [ 8.840545348081804, 45.641474926209916 ], [ 8.840821106512553, 45.640489144985033 ], [ 8.840821128135904, 45.640489041282535 ], [ 8.840820988163674, 45.640489004622822 ], [ 8.839915392209299, 45.640286341921609 ], [ 8.839914817546477, 45.64028619173547 ], [ 8.839914265950517, 45.640286003748713 ], [ 8.839913742461041, 45.640285779678869 ], [ 8.839913251860887, 45.640285521573162 ], [ 8.839912798632389, 45.640285231789726 ], [ 8.839912386916447, 45.640284912976178 ], [ 8.83991202047468, 45.640284568045345 ], [ 8.83991170265506, 45.640284200148642 ], [ 8.83991143636133, 45.640283812647361 ], [ 8.839911224026462, 45.640283409081853 ], [ 8.839911067590442, 45.640282993139309 ], [ 8.83991096848254, 45.640282568619938 ], [ 8.839910927608246, 45.640282139402345 ], [ 8.839910945341002, 45.640281709408065 ], [ 8.839911021518798, 45.640281282565688 ], [ 8.839911155445634, 45.640280862775057 ], [ 8.839911345897896, 45.640280453871554 ], [ 8.839911591135525, 45.640280059591113 ], [ 8.840876278086494, 45.638911504080603 ], [ 8.840876336959413, 45.638911409379631 ], [ 8.840876210845071, 45.638911356018355 ], [ 8.840394417696178, 45.638729006511468 ], [ 8.840066548526377, 45.638604912290738 ], [ 8.839083180574141, 45.638232710768435 ], [ 8.838666344901167, 45.638074920812251 ], [ 8.838666207519148, 45.638074874846204 ], [ 8.838666131634595, 45.638074967403455 ], [ 8.838387684362511, 45.638457471067859 ], [ 8.83812000100315, 45.638825193582825 ], [ 8.83798810968311, 45.639006372388778 ], [ 8.837894808809313, 45.639134538709932 ], [ 8.837894490694485, 45.639134926750693 ], [ 8.837894119200659, 45.639135290704225 ], [ 8.837893698002999, 45.639135626969889 ], [ 8.837893231268383, 45.63913593222108 ], [ 8.837892723614189, 45.63913620343795 ], [ 8.837892180062608, 45.639136437937367 ], [ 8.837891605990958, 45.639136633399445 ], [ 8.837891007078499, 45.639136787890486 ], [ 8.837890389250227, 45.639136899882139 ], [ 8.837889758618282, 45.639136968266463 ], [ 8.837889121421467, 45.639136992366915 ], [ 8.83788848396353, 45.639136971945106 ], [ 8.8378878525508, 45.63913690720306 ], [ 8.837887233429807, 45.639136798781244 ], [ 8.837886632725475, 45.639136647752274 ], [ 8.83788605638053, 45.639136455610306 ], [ 8.837650953761429, 45.639047766023673 ], [ 8.83731405396926, 45.638920672673279 ], [ 8.836031960200586, 45.63843699635148 ], [ 8.835712353363324, 45.638316422138267 ], [ 8.835712220812308, 45.63831637772671 ], [ 8.835712140147367, 45.638316463844738 ], [ 8.835534032332934, 45.638528004436573 ], [ 8.835533992292099, 45.638528053384924 ], [ 8.835037886545207, 45.639152527906596 ], [ 8.835015956302357, 45.639180133551491 ], [ 8.834852740076615, 45.639385583560042 ], [ 8.834852686908988, 45.639385653342949 ], [ 8.834245225939641, 45.640217811334225 ], [ 8.834245197504121, 45.640217849829064 ], [ 8.833587226372151, 45.641098161559441 ], [ 8.833586910056431, 45.641098538908366 ], [ 8.833586542973558, 45.641098892915963 ], [ 8.833586128596497, 45.641099220232931 ], [ 8.833585670845673, 45.641099517762527 ], [ 8.833585174051871, 45.641099782689821 ], [ 8.833584642915252, 45.641100012508353 ], [ 8.833584082460906, 45.641100205043799 ], [ 8.833583497991293, 45.641100358474567 ], [ 8.833582895036084, 45.641100471349056 ], [ 8.833582279299838, 45.641100542599354 ], [ 8.833581656608041, 45.64110057155137 ], [ 8.833581032851983, 45.641100557931217 ], [ 8.833580413933021, 45.641100501867712 ], [ 8.833579805706753, 45.641100403891279 ], [ 8.833579213927608, 45.641100264928887 ], [ 8.833578644194414, 45.641100086295239 ], [ 8.833578101897418, 45.64109986968041 ], [ 8.833577592167293, 45.64109961713379 ], [ 8.833577119826598, 45.641099331044735 ], [ 8.833576689344151, 45.641099014119909 ], [ 8.833576304792746, 45.641098669357753 ], [ 8.833575969810624, 45.641098300020055 ], [ 8.833575687567054, 45.641097909601129 ], [ 8.833575460732341, 45.641097501794732 ], [ 8.833575291452565, 45.641097080459105 ], [ 8.833575181329286, 45.641096649580525 ], [ 8.833550031948215, 45.640960376941742 ], [ 8.833550006025675, 45.640960274802879 ], [ 8.833549867137471, 45.640960239143972 ], [ 8.832739463976925, 45.640782251140443 ], [ 8.832739300102368, 45.640782221745809 ], [ 8.832739131077121, 45.640782217239803 ], [ 8.83223753535999, 45.640787530926232 ], [ 8.832237382436322, 45.640787537823037 ], [ 8.832237305705554, 45.640787630867941 ], [ 8.832237303973857, 45.640787633228008 ], [ 8.832237365692755, 45.640787537580593 ], [ 8.832237216559527, 45.640787528672774 ], [ 8.831057329761549, 45.640758824554212 ], [ 8.831056671857576, 45.640758784693013 ], [ 8.830492569722066, 45.640703970843411 ], [ 8.829813433615854, 45.640640024037587 ], [ 8.829812683745695, 45.640639921228519 ], [ 8.829811956616345, 45.640639756618029 ], [ 8.829052308679465, 45.640431995951985 ], [ 8.829052262114148, 45.640431983069327 ], [ 8.828790877503117, 45.64035884085385 ], [ 8.828790352503157, 45.640358674408404 ], [ 8.828789850906267, 45.640358475597296 ], [ 8.828789376757248, 45.640358246023702 ], [ 8.828699132612138, 45.640310216360142 ], [ 8.828699050679408, 45.640310174171745 ], [ 8.828644436926037, 45.64028297603015 ], [ 8.828644314536589, 45.640282913542762 ], [ 8.828436320174683, 45.640174063117485 ], [ 8.828436296025687, 45.640174050417315 ], [ 8.828364736026835, 45.640136231600877 ], [ 8.828319300010829, 45.640112243190892 ], [ 8.828319270850654, 45.640112227976211 ], [ 8.828227946596162, 45.640065139582987 ], [ 8.828227787305932, 45.640065054735842 ], [ 8.828172109100091, 45.640034425855923 ], [ 8.828171929856353, 45.640034323542864 ], [ 8.828024308420105, 45.639946914005144 ], [ 8.827765774246597, 45.639793829404432 ], [ 8.82696816033666, 45.639321532579757 ], [ 8.826968064365643, 45.639321480002089 ], [ 8.826967962975688, 45.639321432693265 ], [ 8.826673467959075, 45.639195080279507 ], [ 8.826673181367219, 45.639194949837773 ], [ 8.826429963683204, 45.639077678533781 ], [ 8.826429837899953, 45.639077616313628 ], [ 8.826109735342508, 45.638915205454097 ], [ 8.826109502198005, 45.638915097687352 ], [ 8.825571432476302, 45.638689316513627 ], [ 8.825571384396772, 45.638689296137606 ], [ 8.825213465984627, 45.638536105684068 ], [ 8.825212919328262, 45.638535843636227 ], [ 8.82521241408401, 45.638535543461444 ], [ 8.825211955633087, 45.638535208356792 ], [ 8.825095841860742, 45.638441057041412 ], [ 8.825030053867113, 45.638388070251096 ], [ 8.824995105360117, 45.638359922061852 ], [ 8.824995063295292, 45.638359887836586 ], [ 8.824946346584925, 45.638319845594317 ], [ 8.824880419349761, 45.638265654433482 ], [ 8.824879957478187, 45.638265225297836 ], [ 8.824879571864074, 45.638264760583297 ], [ 8.824332262501539, 45.637503976000211 ], [ 8.824332085727407, 45.63750370888561 ], [ 8.824222649819671, 45.637323096233459 ], [ 8.823871075932582, 45.636742653720319 ], [ 8.823870931764834, 45.636742393565342 ], [ 8.823067749465668, 45.635148278730419 ], [ 8.823067569198479, 45.635147988029118 ], [ 8.822250111116494, 45.634048899134932 ], [ 8.822249878452309, 45.634048633144793 ], [ 8.822075739121672, 45.633877464955461 ], [ 8.822075730695936, 45.633877456653579 ], [ 8.822003668809176, 45.633806283593444 ], [ 8.821966193684082, 45.633769267355369 ], [ 8.821354734416227, 45.633165312586762 ], [ 8.821354613313018, 45.633165200555986 ], [ 8.820523090919234, 45.632443932759337 ], [ 8.820522994413663, 45.632443852920836 ], [ 8.819883220557774, 45.631938866401782 ], [ 8.819883131914155, 45.631938799235463 ], [ 8.819486639319082, 45.63165036726604 ], [ 8.819486152165508, 45.631649968769636 ], [ 8.81915391884227, 45.631343716067732 ], [ 8.819153821351687, 45.63134363476626 ], [ 8.819153676720807, 45.63134366626231 ], [ 8.819153694166847, 45.631343661796983 ], [ 8.819153820945782, 45.63134362493598 ], [ 8.819153930092448, 45.631343566572774 ], [ 8.819860442987149, 45.630930862113246 ], [ 8.819861055658745, 45.630930545430331 ], [ 8.820704173836429, 45.63054669410154 ], [ 8.820704291646868, 45.630546634532024 ], [ 8.820704168806088, 45.63054658019351 ], [ 8.819240492435153, 45.629967191119363 ], [ 8.819239968508509, 45.629966959649202 ], [ 8.819239478829834, 45.629966693818751 ], [ 8.819239027961205, 45.629966396104621 ], [ 8.819238620103114, 45.629966069280471 ], [ 8.819238259055361, 45.629965716391112 ], [ 8.819237948181627, 45.62996534072424 ], [ 8.819237690378154, 45.629964945779754 ], [ 8.819237488046756, 45.629964535237107 ], [ 8.819237343072446, 45.629964112921144 ], [ 8.819237256805872, 45.629963682766302 ], [ 8.819237230050726, 45.629963248780129 ], [ 8.819237263056271, 45.629962815005861 ], [ 8.819237355515014, 45.629962385484696 ], [ 8.819237506565564, 45.629961964218282 ], [ 8.819237714800661, 45.629961555131317 ], [ 8.819237978280295, 45.62996116203503 ], [ 8.819238294549764, 45.629960788591703 ], [ 8.819761502965779, 45.629405851778792 ], [ 8.81988344407138, 45.629276547430031 ], [ 8.819883517935335, 45.629276460031285 ], [ 8.819883373203615, 45.62927645643363 ], [ 8.818404664517045, 45.629290853377235 ], [ 8.81840403720134, 45.629290837930945 ], [ 8.818403415040967, 45.629290779541087 ], [ 8.818402803993632, 45.6292906787668 ], [ 8.818402209910627, 45.629290536573087 ], [ 8.81840163848079, 45.629290354321583 ], [ 8.818401095176043, 45.629290133757479 ], [ 8.818400585198983, 45.629289876992864 ], [ 8.818400113433066, 45.629289586486486 ], [ 8.818399684395843, 45.629289265020162 ], [ 8.818399302195706, 45.629288915672234 ], [ 8.818398970492542, 45.629288541787972 ], [ 8.818398692462681, 45.629288146947644 ], [ 8.818398470768491, 45.629287734932177 ], [ 8.818398307532879, 45.629287309686951 ], [ 8.818398204318962, 45.629286875284066 ], [ 8.818398162115095, 45.629286435883273 ], [ 8.818367555990166, 45.628115610371331 ], [ 8.818355646931835, 45.627659864688724 ], [ 8.818355636789525, 45.627659759178748 ], [ 8.81835548736264, 45.627659745349163 ], [ 8.817164076542035, 45.627590920188119 ], [ 8.817163443681954, 45.627590861259876 ], [ 8.817162822305265, 45.627590758484686 ], [ 8.817162218567265, 45.627590612880617 ], [ 8.817161638448521, 45.627590425889998 ], [ 8.817161087695634, 45.627590199365159 ], [ 8.817160571764306, 45.627589935550048 ], [ 8.817160095765303, 45.627589637057952 ], [ 8.81715966441382, 45.627589306845728 ], [ 8.817159281982782, 45.627588948184417 ], [ 8.817158952260517, 45.627588564626883 ], [ 8.817158678513213, 45.627588159972618 ], [ 8.817158463452586, 45.627587738230091 ], [ 8.817158309209001, 45.627587303577023 ], [ 8.817158217310382, 45.627586860319035 ], [ 8.817158188667063, 45.62758641284703 ], [ 8.817160513714486, 45.627253693548752 ], [ 8.817160539638587, 45.627253310802409 ], [ 8.817160611872614, 45.627252930990629 ], [ 8.817160729892928, 45.627252556866729 ], [ 8.817523650972767, 45.626296903789516 ], [ 8.817523682199916, 45.626296801992808 ], [ 8.817523541838217, 45.626296768175145 ], [ 8.816502844499183, 45.62608898980843 ], [ 8.81650226074942, 45.626088849283299 ], [ 8.816501698949766, 45.626088670045363 ], [ 8.816501164301192, 45.626088453753951 ], [ 8.816500661753306, 45.626088202411424 ], [ 8.816500195958547, 45.626087918344652 ], [ 8.816499771229099, 45.626087604183404 ], [ 8.816499391496974, 45.626087262836116 ], [ 8.816499060277618, 45.626086897462862 ], [ 8.816498780637355, 45.626086511446168 ], [ 8.81649855516501, 45.626086108359658 ], [ 8.816498385947932, 45.626085691934975 ], [ 8.816498274552686, 45.626085266027253 ], [ 8.816498222010527, 45.626084834579402 ], [ 8.816498228807875, 45.626084401585658 ], [ 8.816498294881802, 45.626083971054534 ], [ 8.816498419620611, 45.626083546971735 ], [ 8.816498601869514, 45.626083133263343 ], [ 8.816498839941298, 45.626082733759283 ], [ 8.816896109895632, 45.62549697447529 ], [ 8.816896166346936, 45.625496879509868 ], [ 8.816896020491335, 45.625496868837999 ], [ 8.815679778169363, 45.625449962933665 ], [ 8.815679165813989, 45.62544991855416 ], [ 8.815678562342706, 45.62544983318859 ], [ 8.815677973314578, 45.625449707623346 ], [ 8.815677404155622, 45.625449543015101 ], [ 8.815676860108825, 45.625449340880202 ], [ 8.815676346185844, 45.625449103080676 ], [ 8.815675867120843, 45.625448831807077 ], [ 8.815675427326877, 45.625448529558362 ], [ 8.815675030855248, 45.625448199118757 ], [ 8.815674681358173, 45.625447843532207 ], [ 8.815674382055157, 45.625447466074334 ], [ 8.815674135703324, 45.625447070222179 ], [ 8.815673944572016, 45.625446659622284 ], [ 8.815673810421897, 45.625446238057002 ], [ 8.815471642315842, 45.62462804635328 ], [ 8.815471609391079, 45.624627943650538 ], [ 8.815471467782375, 45.624627978419589 ], [ 8.814345822048798, 45.624949128941545 ], [ 8.814345211166311, 45.624949278507017 ], [ 8.814344581917018, 45.624949384129273 ], [ 8.81434394070379, 45.624949444733566 ], [ 8.814343294051223, 45.624949459703238 ], [ 8.814342648539267, 45.624949428885941 ], [ 8.814342010736267, 45.624949352595287 ], [ 8.814341387132121, 45.624949231607545 ], [ 8.814340784072249, 45.624949067153814 ], [ 8.814340207693029, 45.624948860907466 ], [ 8.81433966385935, 45.62494861496716 ], [ 8.814339158104936, 45.624948331835427 ], [ 8.814338695576037, 45.62494801439324 ], [ 8.814338280979072, 45.624947665870721 ], [ 8.814337918532729, 45.624947289814195 ], [ 8.814337611925042, 45.624946890050218 ], [ 8.814337364275866, 45.62494647064652 ], [ 8.814337178105129, 45.624946035870714 ], [ 8.814008842190193, 45.624010327335455 ], [ 8.814008723920914, 45.624009903663378 ], [ 8.81400866405145, 45.624009473989105 ], [ 8.814008663132736, 45.624009042266636 ], [ 8.814008721173227, 45.624008612468842 ], [ 8.814008837638815, 45.624008188550818 ], [ 8.814009011457744, 45.624007774413613 ], [ 8.814009241030478, 45.624007373868231 ], [ 8.814009524244419, 45.62400699060062 ], [ 8.814009858493341, 45.624006628137728 ], [ 8.814010240701386, 45.62400628981505 ], [ 8.814010667351353, 45.62400597874592 ], [ 8.814011134517076, 45.624005697792931 ], [ 8.814011637899556, 45.62400544954145 ], [ 8.81414811959805, 45.623944787144055 ], [ 8.814148632992692, 45.623944581577419 ], [ 8.814149171178187, 45.62394441004745 ], [ 8.814149729583518, 45.623944274011045 ], [ 8.814150303465938, 45.623944174623546 ], [ 8.814150887951252, 45.623944112729163 ], [ 8.814753748652643, 45.62390009019208 ], [ 8.814753898595063, 45.623900073900892 ], [ 8.814753871372982, 45.623899969164476 ], [ 8.81434807219224, 45.622685572513319 ], [ 8.814347958405135, 45.622685136257147 ], [ 8.814347906364713, 45.622684694260663 ], [ 8.814347916576358, 45.622684250816214 ], [ 8.814347988940899, 45.622683810230242 ], [ 8.814348122755577, 45.622683376781417 ], [ 8.814348316720874, 45.6226829546791 ], [ 8.814348568953132, 45.622682548022453 ], [ 8.814348877002843, 45.622682160760654 ], [ 8.814349237878435, 45.622681796654518 ], [ 8.814349648075332, 45.622681459239999 ], [ 8.81435010360998, 45.622681151793849 ], [ 8.814350600058537, 45.622680877301761 ], [ 8.814351132599837, 45.622680638429415 ], [ 8.814351696062198, 45.622680437496562 ], [ 8.814352284973664, 45.622680276454552 ], [ 8.814352893615123, 45.622680156867297 ], [ 8.814353516075871, 45.622680079896156 ], [ 8.815902650180711, 45.622543323010085 ], [ 8.815902797176109, 45.62254330489268 ], [ 8.815902787557954, 45.622543200386382 ], [ 8.815746147544683, 45.621576406374317 ], [ 8.815738944983362, 45.621532044306193 ], [ 8.815738921481167, 45.621531942850275 ], [ 8.815738775031278, 45.621531945047664 ], [ 8.81556409368911, 45.621540425916109 ], [ 8.815563466746607, 45.621540434792173 ], [ 8.81556284156537, 45.621540400665189 ], [ 8.815562224121646, 45.621540323861346 ], [ 8.8155616203177, 45.621540205114862 ], [ 8.81556103592542, 45.621540045560835 ], [ 8.815560476531129, 45.621539846724495 ], [ 8.815559947482194, 45.621539610506545 ], [ 8.815559453835903, 45.621539339165075 ], [ 8.815559000311119, 45.621539035293836 ], [ 8.81555859124318, 45.621538701797625 ], [ 8.815558230542448, 45.621538341864422 ], [ 8.815557921656936, 45.62153795893488 ], [ 8.815557667539341, 45.621537556669502 ], [ 8.815557470618826, 45.621537138913624 ], [ 8.815469650987932, 45.621314938041138 ], [ 8.815469603857865, 45.621314838021945 ], [ 8.815469454721862, 45.621314850108824 ], [ 8.814745580179139, 45.62139879673942 ], [ 8.813090270467187, 45.621590777422547 ], [ 8.813089438634313, 45.621590835150421 ], [ 8.81237501560577, 45.621607567200094 ], [ 8.812374384501798, 45.621607560173189 ], [ 8.812373757438268, 45.621607509651618 ], [ 8.812373140488292, 45.621607416124689 ], [ 8.812372539627036, 45.62160728049821 ], [ 8.812371960673843, 45.62160710408574 ], [ 8.812371409235878, 45.621606888595807 ], [ 8.812370890653817, 45.621606636115452 ], [ 8.81237040995013, 45.621606349089944 ], [ 8.812369971780436, 45.621606030299105 ], [ 8.812369580388406, 45.62160568283047 ], [ 8.812369239564674, 45.621605310049219 ], [ 8.812368952610116, 45.62160491556579 ], [ 8.812368722303891, 45.621604503200722 ], [ 8.81236855087651, 45.62160407694779 ], [ 8.812078069908747, 45.620716858086475 ], [ 8.812077957405238, 45.620716413130118 ], [ 8.812077909060809, 45.620715962499844 ], [ 8.812077925362901, 45.620715510739288 ], [ 8.812078006147146, 45.620715062403441 ], [ 8.81207815059901, 45.620714622012798 ], [ 8.81207835726201, 45.620714194007725 ], [ 8.812078624052406, 45.62071378270371 ], [ 8.812078948280199, 45.620713392247829 ], [ 8.812079326676271, 45.620713026577015 ], [ 8.812079755425327, 45.620712689378216 ], [ 8.812080230204371, 45.620712384051338 ], [ 8.812080746226311, 45.620712113674955 ], [ 8.812081298288193, 45.620711880975179 ], [ 8.812772065648574, 45.620452899225221 ], [ 8.812772195009551, 45.620452844895127 ], [ 8.812772174651148, 45.620452740072999 ], [ 8.812518231109985, 45.619495610982121 ], [ 8.812518197170043, 45.619495510089024 ], [ 8.81251805014365, 45.61949549998257 ], [ 8.811982744258884, 45.619476738089354 ], [ 8.811982092200697, 45.619476691704932 ], [ 8.811981450293422, 45.619476598864132 ], [ 8.811980825240637, 45.619476460536525 ], [ 8.811980223569906, 45.619476278166673 ], [ 8.811979651564608, 45.619476053659106 ], [ 8.811979115198319, 45.619475789358432 ], [ 8.811978620072432, 45.619475488024776 ], [ 8.811978171357653, 45.619475152805052 ], [ 8.811977773740006, 45.619474787200005 ], [ 8.811977431371902, 45.619474395027744 ], [ 8.811977147828765, 45.619473980383823 ], [ 8.811976926071692, 45.619473547598439 ], [ 8.811697589407474, 45.618826247221151 ], [ 8.811697538310829, 45.618826146892836 ], [ 8.811697386684443, 45.618826152385665 ], [ 8.810955899149521, 45.618878764269688 ], [ 8.810955268582163, 45.61887878708707 ], [ 8.81095463787342, 45.618878766282705 ], [ 8.8109540131366, 45.618878702058268 ], [ 8.810953400427117, 45.618878595036257 ], [ 8.810952805683813, 45.618878446254016 ], [ 8.810952234671388, 45.618878257153632 ], [ 8.810951692924521, 45.618878029568023 ], [ 8.810951185694231, 45.618877765703132 ], [ 8.810950717896974, 45.618877468116509 ], [ 8.810950294066989, 45.618877139692621 ], [ 8.810949918312359, 45.618876783614766 ], [ 8.810949594275172, 45.61887640333434 ], [ 8.810860800265898, 45.618759489508363 ], [ 8.810004977361286, 45.617632569861016 ], [ 8.810004683953304, 45.617632127198185 ], [ 8.810004460599384, 45.617631664837077 ], [ 8.810004309927892, 45.617631188218617 ], [ 8.810004233711879, 45.617630702951516 ], [ 8.809905668027607, 45.616385847114586 ], [ 8.80990565236057, 45.616385742720951 ], [ 8.80990550621007, 45.616385765074895 ], [ 8.809347284429682, 45.616491663826842 ], [ 8.809346661659907, 45.616491758945905 ], [ 8.809346028511673, 45.616491810214882 ], [ 8.809345391238553, 45.61649181712739 ], [ 8.809344756134861, 45.616491779615139 ], [ 8.80934412947348, 45.616491698048662 ], [ 8.80934351744391, 45.616491573233553 ], [ 8.809342926091135, 45.616491406402631 ], [ 8.809342361255913, 45.616491199203672 ], [ 8.809341828517091, 45.616490953683162 ], [ 8.8093413331365, 45.616490672266096 ], [ 8.809340880006985, 45.616490357732033 ], [ 8.809340473604085, 45.616490013187558 ], [ 8.809340117941815, 45.616489642035759 ], [ 8.809339816533031, 45.616489247942496 ], [ 8.809339572354729, 45.616488834800165 ], [ 8.809339387818644, 45.616488406689371 ], [ 8.809339264747429, 45.616487967838538 ], [ 8.809339204356647, 45.616487522582176 ], [ 8.809290947156679, 45.615738520567888 ], [ 8.809290950235063, 45.615738070835469 ], [ 8.809291017259241, 45.615737623564243 ], [ 8.809291147559895, 45.615737183220773 ], [ 8.809291339835804, 45.615736754202466 ], [ 8.809291592166842, 45.615736340793624 ], [ 8.809291902033161, 45.615735947122666 ], [ 8.809292266340348, 45.61573557712088 ], [ 8.809292681450325, 45.615735234483239 ], [ 8.809293143217692, 45.615734922631383 ], [ 8.809293647031106, 45.615734644679584 ], [ 8.809294187859345, 45.615734403403529 ], [ 8.809294760301546, 45.615734201212668 ], [ 8.809295358641142, 45.615734040126149 ], [ 8.809295976902945, 45.615733921752614 ], [ 8.809753651246044, 45.61566332537064 ], [ 8.809753796000329, 45.615663297762644 ], [ 8.809753771422521, 45.615663193915772 ], [ 8.809524932995068, 45.614922776639901 ], [ 8.809524886140938, 45.614922657359365 ], [ 8.809524803076783, 45.614922548222019 ], [ 8.809243755608971, 45.614597920781726 ], [ 8.809243470077257, 45.61459755352174 ], [ 8.809243234375344, 45.614597169240916 ], [ 8.809243050540127, 45.614596771260167 ], [ 8.809242920160278, 45.614596363018748 ], [ 8.809088983297721, 45.613981724910211 ], [ 8.809088951004211, 45.613981624609764 ], [ 8.809088810662352, 45.613981654160995 ], [ 8.807072067371477, 45.614481860284641 ], [ 8.807071453930384, 45.614481988647327 ], [ 8.807070825310387, 45.614482073450972 ], [ 8.807070187775055, 45.61448211385062 ], [ 8.807069547676795, 45.614482109443699 ], [ 8.807068911393547, 45.614482060274135 ], [ 8.807068285265244, 45.614481966831853 ], [ 8.807067675530625, 45.614481830047922 ], [ 8.807067088265089, 45.614481651285232 ], [ 8.807066529320156, 45.614481432324986 ], [ 8.807066004265151, 45.614481175348928 ], [ 8.807065518331727, 45.61448088291754 ], [ 8.80706507636172, 45.614480557944596 ], [ 8.807064682758927, 45.614480203668187 ], [ 8.807064341445203, 45.614479823618261 ], [ 8.807064055821396, 45.61447942158167 ], [ 8.807063828733463, 45.614479001564298 ], [ 8.80706366244411, 45.614478567751213 ], [ 8.806827958726597, 45.613713219035034 ], [ 8.806827917598017, 45.613713112141809 ], [ 8.806827762600014, 45.613713091483717 ], [ 8.805566208793097, 45.613591210374707 ], [ 8.805565579930379, 45.613591126991928 ], [ 8.805564966042043, 45.613591000034141 ], [ 8.805564373242378, 45.613590830765858 ], [ 8.805563807435625, 45.613590620872976 ], [ 8.805563274257183, 45.613590372446012 ], [ 8.805562779017475, 45.613590087959274 ], [ 8.805562326649049, 45.613589770246229 ], [ 8.805561921657466, 45.613589422471293 ], [ 8.805561568076412, 45.613589048098255 ], [ 8.805561269427532, 45.613588650855881 ], [ 8.805561028685343, 45.613588234700636 ], [ 8.805560848247621, 45.613587803777442 ], [ 8.805560729911514, 45.613587362378226 ], [ 8.805560674855638, 45.613586914899315 ], [ 8.805560683628341, 45.61358646579756 ], [ 8.805656224627405, 45.612534083546706 ], [ 8.805713735459056, 45.611900846615754 ], [ 8.805713740665494, 45.611900639910345 ], [ 8.805711813145274, 45.611852854751824 ], [ 8.805711812188816, 45.611852626504273 ], [ 8.805746994682877, 45.610751460940477 ], [ 8.805769314723999, 45.610052825481112 ], [ 8.805769292465717, 45.610052505857787 ], [ 8.805354478925146, 45.607639813356172 ], [ 8.805354454216154, 45.607639710946266 ], [ 8.805354311167608, 45.607639684339055 ], [ 8.804937191460379, 45.607576858571946 ], [ 8.804936580547441, 45.60757674417782 ], [ 8.804935988656542, 45.60757658810958 ], [ 8.804935421542959, 45.607576391884798 ], [ 8.804934884721048, 45.607576157411465 ], [ 8.804934383410618, 45.607575886969492 ], [ 8.804933922486182, 45.607575583188527 ], [ 8.804933506429556, 45.60757524902241 ], [ 8.804933139286288, 45.607574887720418 ], [ 8.804932824626306, 45.607574502795664 ], [ 8.804932565509217, 45.607574097990998 ], [ 8.804932364454563, 45.607573677242577 ], [ 8.804932223417298, 45.607573244641529 ], [ 8.804932143768806, 45.607572804394266 ], [ 8.804932126283552, 45.607572360781582 ], [ 8.804932171131551, 45.607571918116946 ], [ 8.805049246721264, 45.606892225214999 ], [ 8.805049257315241, 45.606892122516143 ], [ 8.805049111436031, 45.606892111628021 ], [ 8.804947011491729, 45.606887957271745 ], [ 8.804946389956331, 45.606887910559983 ], [ 8.804945777854689, 45.60688782159211 ], [ 8.804945181004118, 45.606887691213707 ], [ 8.804944605076987, 45.606887520663847 ], [ 8.804944055546809, 45.606887311563412 ], [ 8.804943537636229, 45.606887065899677 ], [ 8.80494305626738, 45.606886786007337 ], [ 8.804942616015115, 45.606886474546464 ], [ 8.804942221063516, 45.606886134477158 ], [ 8.804941875166135, 45.606885769031365 ], [ 8.804941581610324, 45.606885381682218 ], [ 8.804941343185984, 45.606884976111004 ], [ 8.804941162159061, 45.60688455617224 ], [ 8.804941040250005, 45.606884125856922 ], [ 8.804940978617415, 45.606883689254687 ], [ 8.804940977847037, 45.606883250514962 ], [ 8.80494103794619, 45.606882813807452 ], [ 8.805247762502864, 45.605409054615038 ], [ 8.805312519439779, 45.60509801574301 ], [ 8.80559857262906, 45.603723918796618 ], [ 8.805640546604389, 45.603522173121178 ], [ 8.805640658731273, 45.603521766234223 ], [ 8.805640823705538, 45.603521368312336 ], [ 8.805801864951423, 45.603190538930356 ], [ 8.805801908918456, 45.603190441417638 ], [ 8.806107346368423, 45.602455333384839 ], [ 8.806107375005409, 45.602455259849819 ], [ 8.806391879538035, 45.601672809970118 ], [ 8.806391909117252, 45.60167270747035 ], [ 8.806391761398189, 45.601672721086395 ], [ 8.806335051015862, 45.601679989503154 ], [ 8.806334573014375, 45.601680037789237 ], [ 8.805824232817853, 45.601717882952663 ], [ 8.80582374959201, 45.601717905873429 ], [ 8.80582326528004, 45.601717903123266 ], [ 8.804644502831449, 45.601679916659855 ], [ 8.804643876395348, 45.601679874769296 ], [ 8.804547214476283, 45.601670030925185 ], [ 8.804547082973285, 45.601670021408381 ], [ 8.804546950800455, 45.601670019547335 ], [ 8.803089623044386, 45.601691785279861 ], [ 8.803089557452104, 45.601691786023459 ], [ 8.802720855299279, 45.60169464092111 ], [ 8.80272063237638, 45.60169464810113 ], [ 8.800874063235286, 45.601799432865413 ], [ 8.800873917601356, 45.601799445875628 ], [ 8.800873774281799, 45.601799468209123 ], [ 8.799232239276035, 45.602111403594847 ], [ 8.799231703458863, 45.602111488302093 ], [ 8.799231159279563, 45.602111540508105 ], [ 8.799230610731628, 45.602111559829765 ], [ 8.798585830947234, 45.602114858283763 ], [ 8.798585788393307, 45.602114858699629 ], [ 8.798308266122779, 45.602118863983058 ], [ 8.798308111408504, 45.602118871511649 ], [ 8.798307961689597, 45.602118899901633 ], [ 8.797166132576104, 45.602377844610828 ], [ 8.7971657701037, 45.602377944261796 ], [ 8.795524506418758, 45.602912024137751 ], [ 8.795440749316361, 45.602939263414768 ], [ 8.795440162588312, 45.602939430059791 ], [ 8.795439555311093, 45.602939555285424 ], [ 8.795438933402886, 45.602939637871323 ], [ 8.795438302924468, 45.602939677012643 ], [ 8.795437670020132, 45.602939672327935 ], [ 8.795437040857811, 45.602939623862845 ], [ 8.79543642156897, 45.602939532089692 ], [ 8.795435818188858, 45.602939397902844 ], [ 8.795435236597681, 45.602939222610019 ], [ 8.795434682463307, 45.60293900791951 ], [ 8.795434161186016, 45.602938755923589 ], [ 8.795433677845891, 45.602938469078062 ], [ 8.795433237153295, 45.60293815017836 ], [ 8.79543284340297, 45.602937802332299 ], [ 8.795432500432192, 45.60293742892982 ], [ 8.795432211583361, 45.602937033609848 ], [ 8.795431979671431, 45.602936620225009 ], [ 8.795431806956492, 45.602936192803881 ], [ 8.795431695121723, 45.602935755511872 ], [ 8.795030916222565, 45.600754075112789 ], [ 8.795008055348296, 45.600630897936853 ], [ 8.794998259221355, 45.600578142399598 ], [ 8.794980162442057, 45.600483887829036 ], [ 8.79498013552797, 45.600483785394971 ], [ 8.794979987446016, 45.600483792073646 ], [ 8.793094777872895, 45.600633392703322 ], [ 8.793094576254187, 45.600633413275936 ], [ 8.7911063464345, 45.600881801978275 ], [ 8.791106226215653, 45.600881818666309 ], [ 8.78914272875466, 45.601181847393043 ], [ 8.7887200243935, 45.601246421240646 ], [ 8.788719884809979, 45.601246447269695 ], [ 8.788719760338108, 45.601246498686535 ], [ 8.788595062583914, 45.60130350633213 ], [ 8.788261476701209, 45.601456883066206 ], [ 8.788261460684858, 45.601456890406261 ], [ 8.786151084428916, 45.602420857881299 ], [ 8.78615098282275, 45.602420903342541 ], [ 8.786150899423133, 45.602420939888681 ], [ 8.786151025985484, 45.602420878123048 ], [ 8.786151022009475, 45.602420769958208 ], [ 8.786089197648169, 45.601845146762102 ], [ 8.786089180349055, 45.60184473538731 ], [ 8.786089216658381, 45.601844324623293 ], [ 8.786114550403228, 45.601679860039098 ], [ 8.786114554543019, 45.601679833879771 ], [ 8.786133574565078, 45.601562766893011 ], [ 8.786144260449154, 45.6014963827636 ], [ 8.786219586292004, 45.601005022506016 ], [ 8.786219599995688, 45.60100490350888 ], [ 8.786274420243094, 45.600294637831865 ], [ 8.786288083329103, 45.600117059196073 ], [ 8.786288086769236, 45.600116875741861 ], [ 8.786253007046867, 45.599225932615049 ], [ 8.786252996069395, 45.599225829759973 ], [ 8.78625286432862, 45.599225784086165 ], [ 8.785487211227712, 45.598991160326314 ], [ 8.785486671124703, 45.598990973143444 ], [ 8.785486158430208, 45.598990751204376 ], [ 8.785485677669854, 45.598990496468197 ], [ 8.785485233087392, 45.598990211183477 ], [ 8.785484828607215, 45.598989897868513 ], [ 8.785484467799732, 45.598989559288938 ], [ 8.785484153849847, 45.598989198433472 ], [ 8.785483889528841, 45.598988818487449 ], [ 8.785483677169914, 45.598988422804695 ], [ 8.785269867176099, 45.598525144522931 ], [ 8.78526970094908, 45.598524711998635 ], [ 8.785269596801735, 45.598524270016014 ], [ 8.785269555766027, 45.598523822954576 ], [ 8.785269578248569, 45.598523375244078 ], [ 8.785269664026584, 45.598522931320801 ], [ 8.785269812250121, 45.598522495583438 ], [ 8.785270021450476, 45.598522072349567 ], [ 8.785270289554738, 45.59852166581291 ], [ 8.785270613906341, 45.598521280001727 ], [ 8.785270991291375, 45.598520918738899 ], [ 8.785271417970439, 45.598520585604092 ], [ 8.785271889715695, 45.59852028389821 ], [ 8.785272401852746, 45.598520016610799 ], [ 8.785974729542884, 45.598190249921153 ], [ 8.78597485042499, 45.59819018701824 ], [ 8.785974830748946, 45.598190082294884 ], [ 8.785797963145038, 45.597505833215166 ], [ 8.785797940901032, 45.597505755063828 ], [ 8.78564316151137, 45.597008002484365 ], [ 8.785531813926399, 45.596650115382651 ], [ 8.785531787431342, 45.596650025871405 ], [ 8.785215573989587, 45.595524426964339 ], [ 8.785215535025722, 45.595524305946128 ], [ 8.784708113483751, 45.594128435846585 ], [ 8.784708005824021, 45.594128080319258 ], [ 8.784278906641067, 45.592363353535781 ], [ 8.784278858727491, 45.592363192309421 ], [ 8.784075357478473, 45.591785141171556 ], [ 8.783784255506427, 45.590958184992729 ], [ 8.783784238447373, 45.590958138652674 ], [ 8.783289243745408, 45.589670176884241 ], [ 8.783289208473644, 45.589670097046195 ], [ 8.783289164842504, 45.589670019271068 ], [ 8.783094503744634, 45.589357644124384 ], [ 8.782767489100104, 45.588832948606367 ], [ 8.782767270969293, 45.588832547530622 ], [ 8.782767108262382, 45.588832133686516 ], [ 8.782767002460027, 45.588831710840097 ], [ 8.782766954525043, 45.588831282839294 ], [ 8.782757739727376, 45.588621001340577 ], [ 8.782743459175599, 45.588292128691776 ], [ 8.782743451136398, 45.588292023886638 ], [ 8.782669146201682, 45.587616968341941 ], [ 8.782669128649733, 45.587616867988956 ], [ 8.782669098305496, 45.587616769152348 ], [ 8.782275734986429, 45.586567443035818 ], [ 8.782250371754408, 45.586499985171493 ], [ 8.782250325726841, 45.586499883450557 ], [ 8.782250174873438, 45.58649989658236 ], [ 8.781346573752961, 45.58661067503251 ], [ 8.781346553711078, 45.586610677466503 ], [ 8.778878932426878, 45.586907498403569 ], [ 8.777789573661098, 45.587039145116549 ], [ 8.777120275861748, 45.587120111739956 ], [ 8.777120237975247, 45.587120116487696 ], [ 8.776377160371304, 45.587216468481998 ], [ 8.774247281832144, 45.587492539478461 ], [ 8.774247221398969, 45.587492547101114 ], [ 8.770928888084548, 45.58789954002215 ], [ 8.770928237620277, 45.587899595915097 ], [ 8.770927582427477, 45.587899604884846 ], [ 8.770926929354445, 45.587899566837613 ], [ 8.770926285227317, 45.587899482171096 ], [ 8.77092565677872, 45.587899351770261 ], [ 8.770925050577418, 45.587899176998071 ], [ 8.770924472959623, 45.587898959681347 ], [ 8.770923929962791, 45.58789870209155 ], [ 8.770923427262504, 45.587898406921056 ], [ 8.770922970113155, 45.587898077255112 ], [ 8.770439876916285, 45.587512043016687 ], [ 8.770439771885648, 45.587511966833944 ], [ 8.770439621211326, 45.587511973906288 ], [ 8.769471158364009, 45.587590512118162 ], [ 8.769470515573202, 45.587590541366943 ], [ 8.769469871847141, 45.587590525170548 ], [ 8.769469233686756, 45.587590463692543 ], [ 8.769468607536767, 45.587590357553786 ], [ 8.769467999720602, 45.58759020782616 ], [ 8.769467416376537, 45.587590016021757 ], [ 8.769466863395714, 45.587589784077586 ], [ 8.769466346362629, 45.587589514336031 ], [ 8.769465870498751, 45.587589209521198 ], [ 8.76946544060978, 45.587588872711365 ], [ 8.769465061037126, 45.587588507307956 ], [ 8.769464735614056, 45.58758811700114 ], [ 8.769464467626984, 45.587587705732581 ], [ 8.769464259782282, 45.587587277655643 ], [ 8.769464114178957, 45.587586837093447 ], [ 8.769200424370576, 45.586556189991406 ], [ 8.769200346689159, 45.586555777664451 ], [ 8.769200323552404, 45.586555362063017 ], [ 8.769200355157919, 45.586554946736619 ], [ 8.76920044123576, 45.586554535232501 ], [ 8.769317225410056, 45.586132838640424 ], [ 8.76931743062989, 45.586132286886269 ], [ 8.769537101010906, 45.58566504605097 ], [ 8.769537140562434, 45.585664946540192 ], [ 8.769537085773269, 45.585664850656563 ], [ 8.769244669294695, 45.585215079775622 ], [ 8.76924444749784, 45.585214691881113 ], [ 8.769244277910378, 45.585214291210924 ], [ 8.76924416199518, 45.585213881221271 ], [ 8.76924410075215, 45.585213465448767 ], [ 8.769151912023911, 45.584071124814763 ], [ 8.769151892025487, 45.584071000608404 ], [ 8.769151833251792, 45.584070882620004 ], [ 8.768453360636082, 45.582885964753395 ], [ 8.768408243405329, 45.58280978792331 ], [ 8.768408025918976, 45.582809361311014 ], [ 8.768407870627149, 45.582808921504522 ], [ 8.767588222404695, 45.579858645118101 ], [ 8.767094462375839, 45.578081301727288 ], [ 8.767094425836797, 45.578081197822122 ], [ 8.76709427357301, 45.578081193202507 ], [ 8.765703273582352, 45.578087305847191 ], [ 8.765702633875282, 45.578087286190176 ], [ 8.765702000154528, 45.578087221802569 ], [ 8.765701378746428, 45.578087113327179 ], [ 8.765700775854404, 45.578086961846878 ], [ 8.765700197497035, 45.578086768873895 ], [ 8.765699649447976, 45.578086536334624 ], [ 8.765699137178318, 45.578086266550471 ], [ 8.765698665801967, 45.578085962214672 ], [ 8.765698240024603, 45.578085626365343 ], [ 8.765697864096696, 45.578085262355231 ], [ 8.765697541771075, 45.578084873818163 ], [ 8.765697276265469, 45.578084464632894 ], [ 8.765697070230376, 45.578084038884228 ], [ 8.76569692572261, 45.578083600822367 ], [ 8.76569684418477, 45.578083154820384 ], [ 8.765599016679957, 45.57720085538385 ], [ 8.765598998463517, 45.577200421784099 ], [ 8.765599039775317, 45.577199988966903 ], [ 8.765599140231553, 45.577199560953353 ], [ 8.765599298898936, 45.577199141719838 ], [ 8.765599514303378, 45.577198735161247 ], [ 8.765599784443673, 45.577198345054704 ], [ 8.765600106810094, 45.57719797502444 ], [ 8.765600478407716, 45.577197628508245 ], [ 8.765600895784225, 45.577197308725388 ], [ 8.765601355062012, 45.577197018646793 ], [ 8.765601851974177, 45.577196760967389 ], [ 8.765602381904184, 45.577196538081203 ], [ 8.765602939928749, 45.577196352058884 ], [ 8.765603520863575, 45.577196204628684 ], [ 8.765604119311515, 45.577196097160311 ], [ 8.765604729712726, 45.577196030652161 ], [ 8.765605346396303, 45.577196005722158 ], [ 8.766649354708697, 45.577189189690024 ], [ 8.766649505622347, 45.577189183387141 ], [ 8.76664947677706, 45.577189079169898 ], [ 8.76643419554336, 45.576576794113279 ], [ 8.766434152006312, 45.576576692117271 ], [ 8.766434000383041, 45.576576691982268 ], [ 8.765678854142314, 45.576602109403538 ], [ 8.765678198727072, 45.576602107897891 ], [ 8.76567754695856, 45.576602059387902 ], [ 8.765676905654125, 45.576601964380977 ], [ 8.764602319487238, 45.576401961782601 ], [ 8.764601812927491, 45.576401851557065 ], [ 8.762822501049943, 45.575957211214842 ], [ 8.762822263648637, 45.575957148140297 ], [ 8.762654904747368, 45.575910001487564 ], [ 8.761624803598371, 45.575620093838538 ], [ 8.760953705647511, 45.575431221694174 ], [ 8.760953167902624, 45.575431049741866 ], [ 8.760952654994885, 45.575430843737713 ], [ 8.759533331847434, 45.574798069907636 ], [ 8.75953320297241, 45.574798018209897 ], [ 8.759533058772389, 45.574797993539477 ], [ 8.75679226940002, 45.574423210014253 ], [ 8.756791875476971, 45.574423173782542 ], [ 8.756209576306912, 45.574395268023544 ], [ 8.756208958948191, 45.574395217215518 ], [ 8.75620835150273, 45.574395124641221 ], [ 8.756207759685644, 45.574394991171658 ], [ 8.756207189064998, 45.574394818062544 ], [ 8.756206645009438, 45.574394606942583 ], [ 8.756206132637676, 45.574394359798049 ], [ 8.756205656770325, 45.574394078954214 ], [ 8.756205221884546, 45.574393767053373 ], [ 8.756204832071937, 45.574393427030039 ], [ 8.756204491000016, 45.57439306208326 ], [ 8.756204201877738, 45.574392675646649 ], [ 8.756203967425289, 45.57439227135594 ], [ 8.756203789848493, 45.574391853014895 ], [ 8.756203670818072, 45.574391424559423 ], [ 8.756203611453911, 45.574390990020646 ], [ 8.756203612314536, 45.574390553486872 ], [ 8.756203673391846, 45.574390119065193 ], [ 8.75633346255222, 45.573774249135354 ], [ 8.756333477192241, 45.573774143942416 ], [ 8.75633332722744, 45.573774135062628 ], [ 8.755116543370955, 45.573744541230553 ], [ 8.755115622570436, 45.57374447180576 ], [ 8.754181197284577, 45.573625546983436 ], [ 8.754180790970471, 45.573625485651185 ], [ 8.753826185680703, 45.573563445679014 ], [ 8.752516375681084, 45.573334060693945 ], [ 8.752516323319668, 45.573334051851212 ], [ 8.750890335156212, 45.573069576016998 ], [ 8.75088985306343, 45.573069483550071 ], [ 8.750889382696679, 45.573069364979759 ], [ 8.749545914339443, 45.572688538818326 ], [ 8.749545737835515, 45.572688492970862 ], [ 8.747740804950542, 45.572261529916581 ], [ 8.747740682837206, 45.572261504781835 ], [ 8.74774055826474, 45.572261486547099 ], [ 8.742913658852515, 45.571694540855496 ], [ 8.742675196852025, 45.571666527251779 ], [ 8.74267457623491, 45.571666431918814 ], [ 8.742673972108399, 45.571666293894417 ], [ 8.742673390410355, 45.571666114535212 ], [ 8.742672836858191, 45.571665895604099 ], [ 8.742672316892682, 45.571665639252899 ], [ 8.742671835624483, 45.571665348001261 ], [ 8.7426713977839, 45.571665024711834 ], [ 8.742671007674396, 45.571664672562179 ], [ 8.742670669130291, 45.571664295013534 ], [ 8.74267038547908, 45.571663895776744 ], [ 8.742670159508721, 45.571663478775861 ], [ 8.742669993440241, 45.571663048109507 ], [ 8.742669888905896, 45.57166260801062 ], [ 8.742669846933136, 45.571662162804884 ], [ 8.742669867934506, 45.571661716868128 ], [ 8.742669951703579, 45.571661274583398 ], [ 8.742670097417006, 45.571660840297845 ], [ 8.742670303642592, 45.57166041827999 ], [ 8.742670568353377, 45.571660012677761 ], [ 8.742670888947563, 45.571659627477779 ], [ 8.742671262274081, 45.571659266466099 ], [ 8.742671684663565, 45.571658933191031 ], [ 8.742979232628368, 45.571439239345658 ], [ 8.743221793349688, 45.571265966944175 ], [ 8.746399257734424, 45.568996007867646 ], [ 8.749508019479357, 45.566774815020167 ], [ 8.749508072555479, 45.566774777538249 ], [ 8.74987517279393, 45.566518560086671 ], [ 8.751301223626198, 45.565523084468012 ], [ 8.751346099449632, 45.565491757303477 ], [ 8.75134620045703, 45.565491679356406 ], [ 8.751346069293524, 45.565491628156252 ], [ 8.750271596614972, 45.565120341975152 ], [ 8.750271275141605, 45.565120222815935 ], [ 8.749107470589452, 45.564658722412645 ], [ 8.749107315587295, 45.564658664817912 ], [ 8.747268083680009, 45.564019863105898 ], [ 8.74707309734748, 45.56395213342568 ], [ 8.747073071585868, 45.563952124426571 ], [ 8.745397227544396, 45.563363395841819 ], [ 8.745397093465508, 45.563363354264141 ], [ 8.745397029755503, 45.56336344697921 ], [ 8.745089360889887, 45.563872231894372 ], [ 8.745089081906665, 45.563872635935084 ], [ 8.745088746989953, 45.563873018435572 ], [ 8.745088359474146, 45.563873375587725 ], [ 8.745087923217309, 45.563873703835789 ], [ 8.745087442562768, 45.563873999911728 ], [ 8.745086922295872, 45.56387426086787 ], [ 8.745086367596343, 45.563874484106137 ], [ 8.74508578398671, 45.563874667403994 ], [ 8.74508517727733, 45.563874808936575 ], [ 8.745084553508537, 45.563874907294768 ], [ 8.745083918890513, 45.563874961499351 ], [ 8.745083279741447, 45.563874971010648 ], [ 8.745082642424638, 45.563874935733971 ], [ 8.745082013285151, 45.563874856020533 ], [ 8.742180769768702, 45.563401155823684 ], [ 8.74218062624975, 45.56340113741323 ], [ 8.742180594037988, 45.563401237363692 ], [ 8.742011935846367, 45.564071865551675 ], [ 8.742011798034804, 45.564072291607431 ], [ 8.742011602057284, 45.564072706268796 ], [ 8.742011349760849, 45.564073105627735 ], [ 8.742011043523348, 45.564073485920325 ], [ 8.742010686231003, 45.564073843562397 ], [ 8.742010281251225, 45.564074175183258 ], [ 8.742009832400864, 45.564074477657428 ], [ 8.742009343910249, 45.564074748134168 ], [ 8.742008820383299, 45.56407498406427 ], [ 8.742008266754157, 45.564075183224155 ], [ 8.742007688240665, 45.564075343736754 ], [ 8.742007090295198, 45.564075464089321 ], [ 8.742006478553272, 45.564075543147496 ], [ 8.742005858780434, 45.564075580166218 ], [ 8.742005236817921, 45.564075574796554 ], [ 8.740684105029818, 45.564019028790561 ], [ 8.740683496917912, 45.564018982208935 ], [ 8.740682897901888, 45.564018895103651 ], [ 8.740682313442072, 45.564018768268717 ], [ 8.740681748866109, 45.564018602860301 ], [ 8.740681209320387, 45.564018400386182 ], [ 8.740680699723136, 45.564018162692015 ], [ 8.740680224719585, 45.564017891944495 ], [ 8.740679788639627, 45.564017590611606 ], [ 8.740679395458349, 45.564017261440178 ], [ 8.740679048759791, 45.564016907430741 ], [ 8.740678751704284, 45.564016531810296 ], [ 8.740678506999631, 45.564016138002778 ], [ 8.740678316876439, 45.564015729597969 ], [ 8.740678183067772, 45.564015310318666 ], [ 8.740678106793364, 45.564014883986815 ], [ 8.740617032427821, 45.56346070479848 ], [ 8.740616995042382, 45.563460494700792 ], [ 8.740390618633985, 45.562542054006109 ], [ 8.74039057506922, 45.562541906732754 ], [ 8.740175697145691, 45.561920565980678 ], [ 8.740175581605449, 45.561920303164285 ], [ 8.739769185757153, 45.561163560105129 ], [ 8.739769005946597, 45.561163283539905 ], [ 8.739341854890252, 45.560608907199814 ], [ 8.739310925152653, 45.560568802032641 ], [ 8.739310596126291, 45.560568305417945 ], [ 8.739310355422898, 45.560567784402366 ], [ 8.739171381893929, 45.56019005042468 ], [ 8.739171335719377, 45.560189946736322 ], [ 8.739171181180605, 45.56018995101072 ], [ 8.738622806201095, 45.560224566272325 ], [ 8.738622199274863, 45.560224584269754 ], [ 8.738621592650389, 45.56022456180613 ], [ 8.738620991781515, 45.560224499083418 ], [ 8.738620402070339, 45.560224396665525 ], [ 8.738619828818642, 45.56022425547323 ], [ 8.738619277180232, 45.560224076775945 ], [ 8.738618752114601, 45.560223862180194 ], [ 8.738618258342335, 45.560223613615349 ], [ 8.738083612168941, 45.559926540369695 ], [ 8.738083484041901, 45.559926476251107 ], [ 8.738083329405674, 45.55992649655424 ], [ 8.738004990773812, 45.559939672708488 ], [ 8.737765813552434, 45.559979810508842 ], [ 8.735865250491676, 45.560299230521011 ], [ 8.735864604564139, 45.560299314744078 ], [ 8.734172847192962, 45.560457373078947 ], [ 8.734172818315804, 45.560457375729769 ], [ 8.732032253368365, 45.560650376343474 ], [ 8.732031926025929, 45.560650418098689 ], [ 8.730777112681032, 45.560858303335209 ], [ 8.730211196002173, 45.560952031231849 ], [ 8.73021106086558, 45.560952058085107 ], [ 8.730210940445364, 45.560952108848227 ], [ 8.7295947852599, 45.561238553430321 ], [ 8.729594632266426, 45.561238634232836 ], [ 8.729594494159301, 45.561238727331649 ], [ 8.728732990704424, 45.561893644007029 ], [ 8.728732937049118, 45.561893685833105 ], [ 8.727498107498381, 45.562880811363023 ], [ 8.727498052756225, 45.562880856300509 ], [ 8.727356991875144, 45.562999780978878 ], [ 8.726507503654055, 45.563715592188863 ], [ 8.726507421920083, 45.563715663993122 ], [ 8.725851101144579, 45.564317030773339 ], [ 8.725850916513785, 45.564317219042515 ], [ 8.725039221646263, 45.565242258802002 ], [ 8.725039202265689, 45.565242281178953 ], [ 8.724317573601269, 45.566086490233644 ], [ 8.724317385253443, 45.566086746514223 ], [ 8.723813799876432, 45.566895389711583 ], [ 8.72381374127678, 45.56689549903264 ], [ 8.723813716249758, 45.566895614515182 ], [ 8.723667699505359, 45.567930246466823 ], [ 8.72348188867158, 45.569234921153196 ], [ 8.723481883344476, 45.569234962382758 ], [ 8.723334699673863, 45.570503633781009 ], [ 8.723334678482018, 45.570503784899728 ], [ 8.723301000281124, 45.570708477407948 ], [ 8.723123224819124, 45.571790249483804 ], [ 8.723123217187993, 45.571790301146912 ], [ 8.722936824240454, 45.57321182802864 ], [ 8.722936775601493, 45.573212104767258 ], [ 8.722806470240043, 45.573802427813959 ], [ 8.722806343745219, 45.573802859806534 ], [ 8.72280615765145, 45.573803281029491 ], [ 8.722805913745857, 45.573803687437696 ], [ 8.722805614370747, 45.573804075128237 ], [ 8.722805262401129, 45.573804440378012 ], [ 8.722804861217091, 45.573804779679371 ], [ 8.722804414671339, 45.573805089773913 ], [ 8.722803927052214, 45.573805367683669 ], [ 8.722803403042493, 45.573805610739782 ], [ 8.722802847674426, 45.573805816608107 ], [ 8.722802266281413, 45.573805983311573 ], [ 8.722801664446774, 45.573806109249318 ], [ 8.722801047950142, 45.573806193211915 ], [ 8.721935875452045, 45.573893383029549 ], [ 8.721935292589254, 45.573893422782469 ], [ 8.721934706992936, 45.573893425001053 ], [ 8.721934123553384, 45.5738933896668 ], [ 8.721933547142882, 45.573893317074749 ], [ 8.721932982575018, 45.573893207831127 ], [ 8.721932434564481, 45.573893062848242 ], [ 8.721931907687686, 45.573892883336832 ], [ 8.721102412356885, 45.573576598416111 ], [ 8.721102283136998, 45.573576554305689 ], [ 8.72110214879814, 45.573576518524845 ], [ 8.719604694247126, 45.573230887169629 ], [ 8.719604288808966, 45.573230813829454 ], [ 8.718580055326624, 45.573094975526722 ], [ 8.71822726497401, 45.573048174527337 ], [ 8.718226669382259, 45.573048074604081 ], [ 8.718226090090171, 45.573047935211406 ], [ 8.718225532387521, 45.573047757622192 ], [ 8.71822500136695, 45.573047543458038 ], [ 8.718224501877449, 45.573047294674609 ], [ 8.718224038480084, 45.573047013543651 ], [ 8.71822361540635, 45.573046702632311 ], [ 8.718223236519524, 45.57304636477965 ], [ 8.718222905279397, 45.573046003070765 ], [ 8.718222624710672, 45.573045620808585 ], [ 8.718222397375348, 45.573045221483689 ], [ 8.718222225349326, 45.573044808742551 ], [ 8.718222110203454, 45.573044386354049 ], [ 8.718222052989182, 45.573043958175248 ], [ 8.718222054228956, 45.573043528115996 ], [ 8.718222113911457, 45.573043100103398 ], [ 8.71835253467105, 45.57241765526279 ], [ 8.718352539850731, 45.572417629374897 ], [ 8.718602545995944, 45.571113130025168 ], [ 8.718602551392467, 45.571113102508697 ], [ 8.718763501139877, 45.570310744751538 ], [ 8.718786627273415, 45.570195573530277 ], [ 8.718786639694351, 45.570195503818091 ], [ 8.71893224713145, 45.569259946769513 ], [ 8.718932265410839, 45.569259656437957 ], [ 8.718899432572307, 45.568134618916183 ], [ 8.71888077979999, 45.567649304717278 ], [ 8.718870675723576, 45.56739741859429 ], [ 8.71886539336978, 45.567261581060748 ], [ 8.718865378673444, 45.567261457031982 ], [ 8.718865325303449, 45.567261338353923 ], [ 8.718700424862742, 45.566955182143737 ], [ 8.718700274142275, 45.566954867760934 ], [ 8.71847243963485, 45.566414552852919 ], [ 8.71847228702668, 45.566414264892714 ], [ 8.717938377789434, 45.565585107542802 ], [ 8.717938298038312, 45.565584999677569 ], [ 8.717938202129922, 45.565584898511226 ], [ 8.717045594336463, 45.564745793657515 ], [ 8.717045493127344, 45.564745707960178 ], [ 8.717045334712362, 45.564745711992416 ], [ 8.716720246613194, 45.56476563435006 ], [ 8.716384940961941, 45.564786182311771 ], [ 8.716384934102036, 45.564786182729542 ], [ 8.716346533904037, 45.564788506674226 ], [ 8.716345922804706, 45.564788523081269 ], [ 8.716345312262062, 45.564788498490024 ], [ 8.716344707838243, 45.564788433124541 ], [ 8.716344115039639, 45.564788327580281 ], [ 8.716343539266743, 45.564788182818766 ], [ 8.716342985764934, 45.564788000158828 ], [ 8.716342459576696, 45.564787781264513 ], [ 8.716341965495687, 45.564787528129962 ], [ 8.716341508023062, 45.564787243061296 ], [ 8.716341091326463, 45.564786928655522 ], [ 8.716340719202062, 45.564786587776943 ], [ 8.716340395039969, 45.564786223530973 ], [ 8.716340121793348, 45.564785839235988 ], [ 8.716339901951518, 45.564785438392981 ], [ 8.71633973751727, 45.564785024653645 ], [ 8.716339629988624, 45.56478460178726 ], [ 8.716290554385324, 45.564518880929938 ], [ 8.71629047115306, 45.564518586285878 ], [ 8.716138776738953, 45.564122426131746 ], [ 8.716138728372783, 45.564122320830094 ], [ 8.716138665472224, 45.564122219387826 ], [ 8.71573164602691, 45.563545320740509 ], [ 8.715731588392494, 45.563545246255607 ], [ 8.715731522923805, 45.563545175036523 ], [ 8.715629664090249, 45.563443045182552 ], [ 8.715272706775002, 45.563085131899022 ], [ 8.715272611458232, 45.563085045833468 ], [ 8.715272459058831, 45.563085066575255 ], [ 8.71471482255634, 45.563181516308802 ], [ 8.714714187730298, 45.563181602505814 ], [ 8.714713543768909, 45.563181643319645 ], [ 8.714712897230509, 45.563181638334584 ], [ 8.71471225469968, 45.563181587601449 ], [ 8.714711622720193, 45.563181491636904 ], [ 8.714711007728351, 45.56318135141828 ], [ 8.714710415987458, 45.563181168373617 ], [ 8.714709853524019, 45.563180944367126 ], [ 8.714709326066362, 45.563180681680137 ], [ 8.71470883898631, 45.56318038298798 ], [ 8.714708397244459, 45.563180051332644 ], [ 8.714708005339673, 45.563179690091808 ], [ 8.714707667263246, 45.563179302944498 ], [ 8.714707386458272, 45.56317889383353 ], [ 8.714707165784569, 45.563178466925493 ], [ 8.714707007489556, 45.563178026568131 ], [ 8.714544673759484, 45.562606265276045 ], [ 8.714544641200405, 45.562606171721548 ], [ 8.714544597344885, 45.562606080471824 ], [ 8.714341566455483, 45.562236732651868 ], [ 8.714341504899174, 45.562236634904757 ], [ 8.714341395701409, 45.562236560470787 ], [ 8.713830637077999, 45.561920370717921 ], [ 8.713830453933491, 45.561920265521806 ], [ 8.71291685569533, 45.561433918466996 ], [ 8.712386584156896, 45.561151623893728 ], [ 8.712386510285507, 45.561151585724261 ], [ 8.710546253973279, 45.560228913910343 ], [ 8.710546009336499, 45.560228784948649 ], [ 8.708783008224877, 45.559252311117561 ], [ 8.70878286379056, 45.559252235642923 ], [ 8.706879040033064, 45.558314565283823 ], [ 8.706878920064163, 45.558314512114727 ], [ 8.706878921134452, 45.558314611759677 ], [ 8.706897352460338, 45.558544725537807 ], [ 8.706910828348612, 45.558713931867409 ], [ 8.706915510187846, 45.558773576292808 ], [ 8.706924279188652, 45.558883323919623 ], [ 8.706963215557415, 45.559373420726814 ], [ 8.706963224123179, 45.559373765202388 ], [ 8.706963195151957, 45.559374109128875 ], [ 8.706670404317492, 45.561479231314131 ], [ 8.706670400074358, 45.561479260815922 ], [ 8.706471261151087, 45.562819639898997 ], [ 8.706471152168181, 45.56282012022325 ], [ 8.706230062073695, 45.563606497084336 ], [ 8.70619775978955, 45.563711768788544 ], [ 8.706133237821906, 45.563922015986044 ], [ 8.706133216994889, 45.563922098787707 ], [ 8.706133205045056, 45.563922182451762 ], [ 8.706022935214875, 45.565158798018608 ], [ 8.706022930756371, 45.56515886311459 ], [ 8.705951034614706, 45.566661710394193 ], [ 8.705951019211827, 45.56666190573528 ], [ 8.705816509768097, 45.567885404978917 ], [ 8.705816448526546, 45.56788576857722 ], [ 8.7055281323196, 45.569153123719836 ], [ 8.705528006290582, 45.569153546387973 ], [ 8.705527823165012, 45.569153958626522 ], [ 8.705527584628948, 45.569154356639956 ], [ 8.705527292878608, 45.569154736763743 ], [ 8.704858196060238, 45.569934448136991 ], [ 8.704857875854708, 45.569934785842023 ], [ 8.704857513646413, 45.569935101919917 ], [ 8.704857112379313, 45.569935393801615 ], [ 8.704856675314819, 45.569935659114797 ], [ 8.704856206005301, 45.56993589570304 ], [ 8.704784432749371, 45.569968739600895 ], [ 8.703368274871337, 45.570615381588127 ], [ 8.70336781636126, 45.57061557238054 ], [ 8.703367336863169, 45.570615735752817 ], [ 8.703024518258125, 45.570720403805133 ], [ 8.702406766646648, 45.570908888242478 ], [ 8.702406251108187, 45.570909027315018 ], [ 8.702405720434506, 45.570909134694169 ], [ 8.702405178567327, 45.570909209582318 ], [ 8.702404629531525, 45.57090925142321 ], [ 8.702292746074251, 45.570914364507921 ], [ 8.702292678836713, 45.570914367331476 ], [ 8.701965023330002, 45.570926912894762 ], [ 8.701964864301386, 45.570926924675646 ], [ 8.701964733356062, 45.570926989140879 ], [ 8.701506694753837, 45.571177687662946 ], [ 8.70150658319994, 45.571177754727607 ], [ 8.701506480883872, 45.571177828701977 ], [ 8.701389396405018, 45.571270659186837 ], [ 8.701389386241079, 45.571270667225939 ], [ 8.701223210041075, 45.571401786967535 ], [ 8.70122288074236, 45.571402028139659 ], [ 8.701222526873494, 45.571402251487378 ], [ 8.700580134312705, 45.571778381791525 ], [ 8.700580076353544, 45.571778416556057 ], [ 8.700322258027633, 45.571936821349816 ], [ 8.700322059296838, 45.571936938547303 ], [ 8.699998757226828, 45.572119888679133 ], [ 8.699873314546902, 45.572190930516264 ], [ 8.69889696264906, 45.572746117012727 ], [ 8.698896673424704, 45.572746303199963 ], [ 8.697738540696333, 45.573589208047416 ], [ 8.697738383318333, 45.573589318674145 ], [ 8.696718776027772, 45.574281542601227 ], [ 8.696718643137185, 45.574281630286563 ], [ 8.696568018251151, 45.574378220589566 ], [ 8.696567895432393, 45.574378303664567 ], [ 8.695474399133619, 45.57515838090945 ], [ 8.695474276143273, 45.575158473739656 ], [ 8.695391574631394, 45.575224533632507 ], [ 8.695105921778136, 45.575452616943615 ], [ 8.695024179439347, 45.575517777625528 ], [ 8.694656596695024, 45.575811595514651 ], [ 8.694419017974978, 45.576001441674379 ], [ 8.694418927655773, 45.576001520786349 ], [ 8.694418847873351, 45.576001605300668 ], [ 8.693851444561975, 45.576665994200184 ], [ 8.693851322183006, 45.576666151362019 ], [ 8.693816518030209, 45.576715411182718 ], [ 8.693502688411865, 45.577160101582002 ], [ 8.693502627814931, 45.577160198767807 ], [ 8.693502594389345, 45.57716030223277 ], [ 8.693345750011853, 45.577780759920898 ], [ 8.693345729831798, 45.577780872710413 ], [ 8.693345726014201, 45.577780986355094 ], [ 8.693348249016868, 45.577846310406834 ], [ 8.693382275679614, 45.578637279424861 ], [ 8.693382276248675, 45.578637293368821 ], [ 8.69338671205162, 45.578752204307172 ], [ 8.693390372571747, 45.578842957313313 ], [ 8.693390384339006, 45.578843064999596 ], [ 8.693390425311529, 45.57884316909945 ], [ 8.693833801120094, 45.579789253890219 ], [ 8.693833920599143, 45.579789470464092 ], [ 8.693869925429812, 45.57984589549919 ], [ 8.693869930105182, 45.579845902843786 ], [ 8.694071336615465, 45.580163053164902 ], [ 8.694071343133608, 45.580163063463452 ], [ 8.694151765975016, 45.580290559772159 ], [ 8.694292159218694, 45.580512632556548 ], [ 8.694292330974683, 45.580512866315168 ], [ 8.694334672000513, 45.580563050406212 ], [ 8.694334714739469, 45.580563101834684 ], [ 8.694353759890069, 45.580586371431082 ], [ 8.694353766954492, 45.580586380084654 ], [ 8.694388155289456, 45.58062861249563 ], [ 8.694461404014593, 45.580718014507589 ], [ 8.694461429035554, 45.580718045326662 ], [ 8.694512533382696, 45.580781572626982 ], [ 8.694512584511541, 45.580781637424252 ], [ 8.694542377853843, 45.580820139576524 ], [ 8.69454239343359, 45.580820159470427 ], [ 8.694721180604093, 45.58104575048101 ], [ 8.694721184046939, 45.581045754830789 ], [ 8.69489006162504, 45.581259395761862 ], [ 8.694890171320818, 45.581259524254925 ], [ 8.695338616203109, 45.581747214069672 ], [ 8.695365124092287, 45.58177573933542 ], [ 8.695365158100548, 45.581775776325976 ], [ 8.695412509712897, 45.581827837401413 ], [ 8.695412631463187, 45.581827961847559 ], [ 8.695620821673078, 45.582026165130465 ], [ 8.695620851748563, 45.582026194002594 ], [ 8.6956560387029, 45.582060256326045 ], [ 8.696037407193456, 45.582423594510914 ], [ 8.696037496047961, 45.582423675263222 ], [ 8.696828497933122, 45.583109795244042 ], [ 8.696828519045418, 45.583109813363137 ], [ 8.697402554684919, 45.583597263675209 ], [ 8.697402879417787, 45.583597501518831 ], [ 8.697922028402697, 45.583925771037499 ], [ 8.698000581998178, 45.583975443171006 ], [ 8.69800059241388, 45.583975449771707 ], [ 8.698136798937449, 45.584061957392763 ], [ 8.698137197161296, 45.58406223344091 ], [ 8.698137559576416, 45.584062532826813 ], [ 8.698380149290019, 45.584281638185331 ], [ 8.698380155370756, 45.584281643686154 ], [ 8.698551494572611, 45.584436889858921 ], [ 8.698551572639259, 45.584436955296781 ], [ 8.698551657558921, 45.58443701638226 ], [ 8.698986078633787, 45.584726622867059 ], [ 8.698986285321393, 45.584726749297964 ], [ 8.699165204045814, 45.584827070391064 ], [ 8.699165299119215, 45.584827124753048 ], [ 8.699272918017456, 45.584889871537975 ], [ 8.69927293818367, 45.584889883344871 ], [ 8.699471921614531, 45.5850068695499 ], [ 8.699472069736627, 45.585006951548905 ], [ 8.69960410193792, 45.585075716620729 ], [ 8.700200557857153, 45.585386823837993 ], [ 8.700200741518445, 45.58538691283573 ], [ 8.700865561107554, 45.585685613854245 ], [ 8.700865754232067, 45.585685704123463 ], [ 8.70124931573867, 45.585872106215767 ], [ 8.701249365925321, 45.585872130854973 ], [ 8.701282910045116, 45.585888767459934 ], [ 8.701963284316165, 45.586219416714869 ], [ 8.7019637271626, 45.586219652502855 ], [ 8.702258526910493, 45.586391243032963 ], [ 8.702258762714907, 45.58639136786784 ], [ 8.702738348137077, 45.586621704227632 ], [ 8.702974295726214, 45.586735014235217 ], [ 8.702974699457547, 45.58673522491015 ], [ 8.702975078416587, 45.586735457165815 ], [ 8.703587427597363, 45.58714155187517 ], [ 8.703587861950092, 45.58714186956086 ], [ 8.703588250002667, 45.587142215532076 ], [ 8.704135755387487, 45.58768279668508 ], [ 8.704136091191124, 45.587683164884488 ], [ 8.704136374524241, 45.587683554224988 ], [ 8.70413660271271, 45.587683961031964 ], [ 8.704440478529833, 45.588313850786676 ], [ 8.704440617294132, 45.588314179016933 ], [ 8.704440720117422, 45.58831451370412 ], [ 8.704666597482161, 45.589214605898768 ], [ 8.704666684896575, 45.589215137740645 ], [ 8.704687320310331, 45.589476500452335 ], [ 8.70469559003095, 45.589581225867327 ], [ 8.704810937009825, 45.591042390873092 ], [ 8.704810942274554, 45.591042470234193 ], [ 8.704850747259083, 45.591783095514337 ], [ 8.704892698267319, 45.592563573670347 ], [ 8.704892692377149, 45.592564000248586 ], [ 8.704761337869506, 45.594177065549061 ], [ 8.704759280210967, 45.594204749678028 ], [ 8.704759286044764, 45.594205045934089 ], [ 8.704764132129847, 45.594247600665469 ], [ 8.704764152294459, 45.594247997006775 ], [ 8.704764122679, 45.594248393055466 ], [ 8.704764043513457, 45.594248785735928 ], [ 8.704324200568138, 45.595901742231526 ], [ 8.704324065920325, 45.595902144784311 ], [ 8.704032028002786, 45.596624357611404 ], [ 8.704018168800363, 45.596658825683527 ], [ 8.704018165889721, 45.596658832899337 ], [ 8.703836165949683, 45.597108597651172 ], [ 8.703804315638658, 45.597187303622334 ], [ 8.703804225089321, 45.59718760423457 ], [ 8.703733303957069, 45.597540948827586 ], [ 8.703504237005756, 45.598682188926944 ], [ 8.703488266617555, 45.598764058064148 ], [ 8.703488219532964, 45.598764263858499 ], [ 8.703148653754287, 45.600056497049245 ], [ 8.703148517997182, 45.600056905786296 ], [ 8.703148328588645, 45.600057303868482 ], [ 8.703148087175936, 45.600057687833726 ], [ 8.703123240643976, 45.600092689931557 ], [ 8.703123225562578, 45.600092711038307 ], [ 8.702593167940671, 45.600829696065396 ], [ 8.702593132227531, 45.600829747325079 ], [ 8.702190380563, 45.601426884382903 ], [ 8.702028310141252, 45.601666874514173 ], [ 8.702009224644847, 45.601695162135321 ], [ 8.702009206043922, 45.601695189466568 ], [ 8.70196663361547, 45.601757205726742 ], [ 8.701966361724644, 45.60175756029777 ], [ 8.701966045772062, 45.601757896390218 ], [ 8.700975852502603, 45.60271510085154 ], [ 8.700864397908434, 45.602823288261526 ], [ 8.700864327665176, 45.602823362478475 ], [ 8.700864266026279, 45.602823440371246 ], [ 8.700792405548771, 45.602923398154388 ], [ 8.700412271969272, 45.603452136970965 ], [ 8.70041213362517, 45.603452358206759 ], [ 8.700360177347278, 45.603549288319265 ], [ 8.700343220089808, 45.603581054099955 ], [ 8.700256610316924, 45.603743987952441 ], [ 8.700230188151137, 45.603794335676476 ], [ 8.700216285083448, 45.603821105947475 ], [ 8.700216282411823, 45.60382111108197 ], [ 8.700191631408025, 45.603868397802088 ], [ 8.700172742926071, 45.603904527797404 ], [ 8.700172719106153, 45.603904572622113 ], [ 8.700101454398373, 45.604036533037309 ], [ 8.70010137698551, 45.604036669610167 ], [ 8.699834214537614, 45.604486470356086 ], [ 8.699833939512802, 45.604486875289737 ], [ 8.699833608421848, 45.604487258993501 ], [ 8.699833224554355, 45.604487617654996 ], [ 8.699832791724287, 45.604487947710716 ], [ 8.699832314232086, 45.604488245881363 ], [ 8.699831796821938, 45.604488509204394 ], [ 8.699831244634646, 45.604488735063519 ], [ 8.69983066315654, 45.604488921214731 ], [ 8.699830058164974, 45.604489065808437 ], [ 8.699829435670928, 45.604489167408062 ], [ 8.699828801859272, 45.604489225004123 ], [ 8.699828163027334, 45.604489238024371 ], [ 8.699827525522315, 45.604489206339437 ], [ 8.699826895678232, 45.60448913026412 ], [ 8.69982627975299, 45.604489010554296 ], [ 8.699825683866194, 45.604488848399363 ], [ 8.699825113938365, 45.604488645410427 ], [ 8.699824575632096, 45.604488403604293 ], [ 8.699824074295801, 45.604488125383483 ], [ 8.699823614910576, 45.6044878135123 ], [ 8.699823202040706, 45.604487471089342 ], [ 8.699822839788316, 45.604487101516852 ], [ 8.699544739693874, 45.604170690053607 ], [ 8.698793442570683, 45.603316739418709 ], [ 8.698760080102286, 45.603278753818707 ], [ 8.698759762573518, 45.603278346679097 ], [ 8.698759506475175, 45.603277918748354 ], [ 8.698759314531328, 45.603277474578299 ], [ 8.698759188783651, 45.603277018893507 ], [ 8.6987591305697, 45.603276556541033 ], [ 8.698759140508688, 45.603276092438811 ], [ 8.698759218494889, 45.603275631523459 ], [ 8.698759363698782, 45.603275178697629 ], [ 8.698759574575849, 45.603274738777962 ], [ 8.699081985481637, 45.602701754160833 ], [ 8.699082032554577, 45.602701657917521 ], [ 8.699082054063048, 45.602701557286409 ], [ 8.69913526525243, 45.602341861780367 ], [ 8.699135298822402, 45.602341673558719 ], [ 8.699266825816565, 45.601712154076843 ], [ 8.699266840002368, 45.601712050723144 ], [ 8.699266695546504, 45.601712073062025 ], [ 8.699193364685138, 45.601726120296227 ], [ 8.698986268164797, 45.601765774175334 ], [ 8.69790803308422, 45.601973381668984 ], [ 8.697571500682843, 45.602038901061249 ], [ 8.697571388754643, 45.602038922089648 ], [ 8.697373914060966, 45.602074683168702 ], [ 8.69737387169414, 45.602074691058178 ], [ 8.697129978766947, 45.602121363170511 ], [ 8.696391551471432, 45.602262728964355 ], [ 8.696122781692655, 45.602314290528298 ], [ 8.696122772317903, 45.602314292321402 ], [ 8.696015015874575, 45.602334841279387 ], [ 8.695326909881256, 45.6024666765258 ], [ 8.69532673537938, 45.602466717682312 ], [ 8.695326568788767, 45.602466772668485 ], [ 8.695146456892951, 45.602535387839119 ], [ 8.694964064817674, 45.602604863539192 ], [ 8.694729961078247, 45.602694089467782 ], [ 8.694654642505556, 45.602722817641762 ], [ 8.694654623680263, 45.602722824793588 ], [ 8.694612070474232, 45.602738926559034 ], [ 8.694567077671659, 45.602756078903326 ], [ 8.693989896245274, 45.60297612526557 ], [ 8.693989782834567, 45.602976170625048 ], [ 8.693636024140673, 45.603124435514381 ], [ 8.693514126358592, 45.603175562101136 ], [ 8.692859564247989, 45.603450085764749 ], [ 8.692859199528687, 45.603450263938207 ], [ 8.692251211908836, 45.603793579886933 ], [ 8.692250909560512, 45.603793774256047 ], [ 8.6921319179836, 45.603880735550725 ], [ 8.692131740748508, 45.603880876411246 ], [ 8.692051301343904, 45.60395046216491 ], [ 8.692051112489025, 45.603950618148723 ], [ 8.691986102274051, 45.604001902148099 ], [ 8.691986097809453, 45.604001905666323 ], [ 8.691960442284605, 45.60402210164898 ], [ 8.691855738715921, 45.604104580306768 ], [ 8.691855646350042, 45.604104660151556 ], [ 8.691855564787126, 45.604104745597176 ], [ 8.691468301289094, 45.604553646883517 ], [ 8.691468249745034, 45.604553708839155 ], [ 8.691093896367242, 45.605020613441084 ], [ 8.691093719318941, 45.605020821001325 ], [ 8.690719768470467, 45.605433618819944 ], [ 8.690719555027261, 45.60543383968615 ], [ 8.690675483819051, 45.605476653595723 ], [ 8.690588692963443, 45.605560968828627 ], [ 8.690322049949842, 45.605819898933071 ], [ 8.690322041391347, 45.605819907224074 ], [ 8.690290983390431, 45.605849922579864 ], [ 8.690229803400607, 45.605909420673107 ], [ 8.690229737033061, 45.605909487748448 ], [ 8.689571961626365, 45.606600713037906 ], [ 8.689571904703778, 45.606600775030415 ], [ 8.689471975448823, 45.606713624132333 ], [ 8.689392595717978, 45.606803267373252 ], [ 8.689156400743292, 45.607069896049317 ], [ 8.689083114642774, 45.607152585958637 ], [ 8.688991353555112, 45.607256126020978 ], [ 8.688991263821734, 45.607256241989646 ], [ 8.688991194141597, 45.607256364560428 ], [ 8.688731781077188, 45.607804477330298 ], [ 8.688731738429261, 45.607804585276334 ], [ 8.688731743343901, 45.607804697242663 ], [ 8.68878066280408, 45.608227579422767 ], [ 8.688780683037749, 45.608227687266634 ], [ 8.688780829055556, 45.608227723718478 ], [ 8.68982962710384, 45.608448836500536 ], [ 8.68994454505199, 45.608473055080054 ], [ 8.691010739681401, 45.608697757611232 ], [ 8.691010745921851, 45.608697758928805 ], [ 8.691110564425234, 45.608718872909954 ], [ 8.691951740922313, 45.608896149350009 ], [ 8.692040159948847, 45.608914828111118 ], [ 8.692110261078511, 45.608929609115506 ], [ 8.69211073699668, 45.608929723936527 ], [ 8.692111198619427, 45.608929864599375 ], [ 8.69294283235558, 45.609210986410154 ], [ 8.692943347803014, 45.609211181478294 ], [ 8.693221073151552, 45.609328075743051 ], [ 8.693275821649719, 45.609351054825474 ], [ 8.693275835988119, 45.609351060861428 ], [ 8.693399004198614, 45.609403063449271 ], [ 8.693399010762549, 45.60940306622436 ], [ 8.693479866647552, 45.609437296515239 ], [ 8.693480475725453, 45.609437589191714 ], [ 8.693549428842305, 45.609474989186786 ], [ 8.69386370924139, 45.609645447847676 ], [ 8.693863836035929, 45.609645509778375 ], [ 8.693863964354813, 45.609645449414309 ], [ 8.693864005434255, 45.609645427928953 ], [ 8.693863684536733, 45.609645620078894 ], [ 8.692473594168268, 45.610595861917758 ], [ 8.691134791229583, 45.611528280851964 ], [ 8.691134582279945, 45.611528419977319 ], [ 8.690431200484161, 45.611976117934084 ], [ 8.689994233895664, 45.6122542390492 ], [ 8.689913308664044, 45.612305679931133 ], [ 8.6897968111723, 45.612379787745631 ], [ 8.689796706271341, 45.612379857564079 ], [ 8.689623843739692, 45.612500219049522 ], [ 8.688835262116468, 45.613049779270391 ], [ 8.688187552039487, 45.613500573854473 ], [ 8.688187423920658, 45.613500674469726 ], [ 8.688187313973165, 45.613500785167886 ], [ 8.687335380621143, 45.614479319794675 ], [ 8.687335296496434, 45.61447942974543 ], [ 8.687335230312179, 45.614479545578405 ], [ 8.686608709214136, 45.615989441299227 ], [ 8.68660854211068, 45.615989750580269 ], [ 8.686509654498392, 45.616154267220573 ], [ 8.686486147272298, 45.61619337696024 ], [ 8.686229841828601, 45.616619445077731 ], [ 8.686155105972194, 45.616743675264118 ], [ 8.686131893203138, 45.616782404120748 ], [ 8.686131867353634, 45.616782446636506 ], [ 8.686104820800081, 45.616826305817881 ], [ 8.686027974092291, 45.616954046500233 ], [ 8.685910720144113, 45.617150116927291 ], [ 8.685910715996076, 45.617150123847374 ], [ 8.685716374921574, 45.617473581772209 ], [ 8.685716369844396, 45.617473590198578 ], [ 8.685625179615791, 45.617624506520706 ], [ 8.685624890983094, 45.617624923125867 ], [ 8.68562454285385, 45.617625316703332 ], [ 8.685225420806789, 45.618028622738215 ], [ 8.684879905129199, 45.618377755893682 ], [ 8.684763091104605, 45.6184957897377 ], [ 8.684683138221564, 45.618576587695252 ], [ 8.684682601051186, 45.618577059504467 ], [ 8.683829624172862, 45.61923095056833 ], [ 8.68366560600434, 45.619356679332554 ], [ 8.683665210412556, 45.619356957191556 ], [ 8.683494408538385, 45.619466884984021 ], [ 8.682134228916775, 45.620342200989668 ], [ 8.68213382329442, 45.620342441109088 ], [ 8.682133390770547, 45.620342656874925 ], [ 8.682132934306509, 45.620342846809862 ], [ 8.680360306154538, 45.621012467959169 ], [ 8.68035969187852, 45.621012671336246 ], [ 8.68035905039606, 45.621012827988011 ], [ 8.677957801031614, 45.621500836282969 ], [ 8.677957243886093, 45.62150093079368 ], [ 8.677956676940353, 45.621500990022078 ], [ 8.677956104722744, 45.621501013495099 ], [ 8.677780320590658, 45.621502702399063 ], [ 8.677115943105351, 45.621509142547659 ], [ 8.67660500272636, 45.621514097874361 ], [ 8.676498029737893, 45.621515119042279 ], [ 8.675859785094444, 45.621521294652283 ], [ 8.675803308369245, 45.621521840807262 ], [ 8.675802580015032, 45.621521818773431 ], [ 8.675801859929761, 45.621521738880993 ], [ 8.67339349108355, 45.621155001926248 ], [ 8.673393078721578, 45.621154958613204 ], [ 8.673262496436861, 45.621147293485642 ], [ 8.670649158732958, 45.620994059693658 ], [ 8.670649083164168, 45.620994054945776 ], [ 8.669923520925485, 45.620945429310545 ], [ 8.669655015814364, 45.620927426681369 ], [ 8.669655003228499, 45.620927425828704 ], [ 8.668430962787376, 45.620843639527983 ], [ 8.668430849737595, 45.620843633203023 ], [ 8.666213064808852, 45.62074719073383 ], [ 8.666212896043509, 45.620747189677999 ], [ 8.66621273073862, 45.620747213559845 ], [ 8.664235558658618, 45.621110393464022 ], [ 8.664235408363638, 45.621110426764204 ], [ 8.664235299028148, 45.621110506420685 ], [ 8.663088352391833, 45.622034057223679 ], [ 8.663088261105074, 45.622034137982155 ], [ 8.66308821761378, 45.6220342364388 ], [ 8.663047657136266, 45.622143723633641 ], [ 8.662877455079396, 45.622605024707717 ], [ 8.662782579895586, 45.622862862360705 ], [ 8.662740394675508, 45.622977062021967 ], [ 8.662710164846803, 45.623058998124939 ], [ 8.662710130111348, 45.623059119594608 ], [ 8.662710114694271, 45.623059243012207 ], [ 8.662695694882292, 45.623374022793357 ], [ 8.662695697899808, 45.623374136542438 ], [ 8.662695717325901, 45.623374249491704 ], [ 8.662908276548878, 45.624238729662707 ], [ 8.662908316864, 45.624238852150569 ], [ 8.662908376476739, 45.624238970699558 ], [ 8.66363216731245, 45.625456007590152 ], [ 8.663632220009287, 45.625456087274564 ], [ 8.663632281422117, 45.625456163825042 ], [ 8.663746996464003, 45.625586911893848 ], [ 8.663747198917646, 45.625587116351213 ], [ 8.663789719154641, 45.625625351762963 ], [ 8.663790156506643, 45.625625798013829 ], [ 8.66420239949586, 45.626105949505877 ], [ 8.664546645570042, 45.6264982925032 ], [ 8.664740576867461, 45.626719316053624 ], [ 8.66474084501224, 45.626719653254696 ], [ 8.665529167665404, 45.627819356711662 ], [ 8.665529400021795, 45.627819720053196 ], [ 8.665529585688331, 45.627820096384141 ], [ 8.665529723211185, 45.627820482757663 ], [ 8.665944249686792, 45.62925178715038 ], [ 8.66594434727682, 45.629252242307771 ], [ 8.665944378093871, 45.629252702078205 ], [ 8.665938023593007, 45.63032238970424 ], [ 8.665937989397358, 45.630322835400094 ], [ 8.665937892443338, 45.630323276527506 ], [ 8.665937733684606, 45.630323708747454 ], [ 8.665937514682735, 45.630324127808578 ], [ 8.665199843262201, 45.631544659289332 ], [ 8.665199573353094, 45.631545051810342 ], [ 8.665199250593826, 45.631545424175151 ], [ 8.665198878011068, 45.631545772891918 ], [ 8.66389713635933, 45.63264851455309 ], [ 8.663897083142967, 45.632648559045379 ], [ 8.662581996448296, 45.633733727873931 ], [ 8.662581909263988, 45.633733798320939 ], [ 8.661646950030809, 45.634473622359884 ], [ 8.661460392338521, 45.634621524586038 ], [ 8.661460367933964, 45.634621544160559 ], [ 8.661228427361529, 45.63480976309009 ], [ 8.661228192774356, 45.634809978436635 ], [ 8.660272888612106, 45.635806092970064 ], [ 8.660272837150929, 45.635806148369014 ], [ 8.65933151536624, 45.636852782363725 ], [ 8.659304103231801, 45.636883255126996 ], [ 8.659304030894157, 45.636883344357678 ], [ 8.659303982968344, 45.636883441346711 ], [ 8.65893964473552, 45.637746754518666 ], [ 8.658939610145044, 45.637746852556532 ], [ 8.658939614257758, 45.63774695351146 ], [ 8.659028904829785, 45.638594484883576 ], [ 8.659028905803195, 45.638594494256004 ], [ 8.659060959124297, 45.638907627029397 ], [ 8.659060994425593, 45.638907835317767 ], [ 8.659175702088097, 45.639391114209076 ], [ 8.659211788918858, 45.639542940375478 ] ] ], [ [ [ 8.959412359917057, 45.968029613635473 ], [ 8.959412521046621, 45.96803000667321 ], [ 8.959798433276074, 45.969163896960069 ], [ 8.95979849572795, 45.969164054680938 ], [ 8.960275237559815, 45.970217123815601 ], [ 8.960275289513829, 45.970217244427275 ], [ 8.960739083078892, 45.971351280837801 ], [ 8.960739193667516, 45.971351505491747 ], [ 8.96125475022003, 45.972242501779093 ], [ 8.961254885614174, 45.972242705746623 ], [ 8.961783426593378, 45.972944605723271 ], [ 8.961783681498817, 45.972944986420757 ], [ 8.962221472940605, 45.973687388032502 ], [ 8.962221532305692, 45.973687477348975 ], [ 8.962221602667238, 45.973687562694799 ], [ 8.963007915054495, 45.974551285329056 ], [ 8.963008186481876, 45.974551613181958 ], [ 8.963008417429663, 45.974551955780413 ], [ 8.963008606263648, 45.97455231070019 ], [ 8.96347217847617, 45.97555047113687 ], [ 8.963472360736139, 45.97555095320795 ], [ 8.963472465399546, 45.975551446377068 ], [ 8.963639382435789, 45.976819981613005 ], [ 8.963639406914247, 45.976820120202696 ], [ 8.964077011965518, 45.978791145474098 ], [ 8.964077041220408, 45.978791246370854 ], [ 8.964077083614548, 45.978791344973956 ], [ 8.964837297593681, 45.980303479599719 ], [ 8.964837348414569, 45.980303584824981 ], [ 8.965404543284867, 45.981527669982455 ], [ 8.96540463808198, 45.981527848386264 ], [ 8.966113900666668, 45.982706941263096 ], [ 8.96611396730683, 45.982707056478304 ], [ 8.96684898314532, 45.984030173108358 ], [ 8.96684904322567, 45.984030267834967 ], [ 8.966849173678977, 45.984030317402613 ], [ 8.967274463187799, 45.984174342476855 ], [ 8.967274602187381, 45.984174383991295 ], [ 8.96727475304041, 45.984174376658466 ], [ 8.969353255331317, 45.984003970582563 ], [ 8.969353375970027, 45.984003959078635 ], [ 8.971663994017534, 45.983752557892224 ], [ 8.971664110975308, 45.983752545929327 ], [ 8.973819738091901, 45.983546075812811 ], [ 8.973819919527099, 45.983546054744153 ], [ 8.975923165114198, 45.983258631911802 ], [ 8.975923713596147, 45.983258573886914 ], [ 8.975924267199115, 45.983258548905795 ], [ 8.975924821834482, 45.983258557152929 ], [ 8.976930810553229, 45.983303715152296 ], [ 8.976930961195194, 45.983303716929065 ], [ 8.976931089510876, 45.983303661884335 ], [ 8.97711054602412, 45.983218254915251 ], [ 8.977110570124234, 45.983218243500993 ], [ 8.977330045941448, 45.983114799126064 ], [ 8.97753775986682, 45.983015897474857 ], [ 8.977537887702757, 45.983015829703746 ], [ 8.977537904648527, 45.983015718368094 ], [ 8.977576821597994, 45.98252093600329 ], [ 8.977576822893772, 45.982520833018945 ], [ 8.97757679713574, 45.982520731608226 ], [ 8.977254484158346, 45.981521811855892 ], [ 8.977254449266141, 45.981521721489457 ], [ 8.97725440369884, 45.981521633462997 ], [ 8.976558063309167, 45.980333964132861 ], [ 8.976557847037091, 45.980333534330867 ], [ 8.976557694191053, 45.980333091489122 ], [ 8.976235657632147, 45.979136719096971 ], [ 8.97623555853357, 45.979136159259525 ], [ 8.976081864214235, 45.977354594899865 ], [ 8.976081861652755, 45.97735408608419 ], [ 8.976185684066911, 45.975990942468641 ], [ 8.976185710436466, 45.975990710090926 ], [ 8.976405746929471, 45.974532949761326 ], [ 8.976405800518075, 45.974532675851414 ], [ 8.976741540519123, 45.97313793811702 ], [ 8.976741559551783, 45.973137822666587 ], [ 8.976741561344392, 45.973137706462701 ], [ 8.976678010789946, 45.972059865916577 ], [ 8.976678015170112, 45.972059432818803 ], [ 8.97667807923985, 45.972059002020437 ], [ 8.976678202405706, 45.972058577511753 ], [ 8.976678383526846, 45.972058163224801 ], [ 8.976678620925629, 45.972057762996926 ], [ 8.976678912403129, 45.972057380535269 ], [ 8.976679255259521, 45.972057019382419 ], [ 8.976679646319075, 45.972056682883547 ], [ 8.97668008195958, 45.972056374155507 ], [ 8.977515928908318, 45.971518438696052 ], [ 8.977516474646443, 45.97151812430323 ], [ 8.977517066482886, 45.971517853477593 ], [ 8.977517697297312, 45.971517629477404 ], [ 8.978859130848818, 45.971104217789311 ], [ 8.978859270710261, 45.971104168769322 ], [ 8.978859318700412, 45.971104064875178 ], [ 8.979053063836744, 45.970600288471822 ], [ 8.979053095813315, 45.970600186205466 ], [ 8.979053030794487, 45.970600091865073 ], [ 8.978795255974124, 45.970267374306367 ], [ 8.978794925979194, 45.970266878537771 ], [ 8.978253331222801, 45.969304006891441 ], [ 8.977827753106876, 45.968556985445538 ], [ 8.977827683996576, 45.968556880364645 ], [ 8.977827572069977, 45.968556795083039 ], [ 8.977029370280507, 45.968008583888377 ], [ 8.97702897219717, 45.968008284480419 ], [ 8.977028614667686, 45.968007961145339 ], [ 8.97702830063507, 45.968007616544682 ], [ 8.977028032684284, 45.968007253515005 ], [ 8.977027813020971, 45.968006875044615 ], [ 8.977027643453289, 45.968006484248903 ], [ 8.97682188959168, 45.96744088469822 ], [ 8.97682174890611, 45.967440377261248 ], [ 8.97664155924096, 45.96650490284182 ], [ 8.976641512834728, 45.96650456678362 ], [ 8.976641502687597, 45.966504229245047 ], [ 8.976667782684695, 45.965397600253304 ], [ 8.976667779011775, 45.96539744941758 ], [ 8.976590786065408, 45.964335501965188 ], [ 8.976590780911739, 45.964335445145331 ], [ 8.976475103369268, 45.963273507578918 ], [ 8.976475087470202, 45.963273413966675 ], [ 8.976475049310938, 45.963273323534416 ], [ 8.976088292930946, 45.962481400159902 ], [ 8.976088236580781, 45.962481300639226 ], [ 8.97608815412922, 45.962481210404235 ], [ 8.975185327733756, 45.961590181201004 ], [ 8.975185229867794, 45.961590094293513 ], [ 8.975185072315552, 45.961590106048405 ], [ 8.974372696226503, 45.961679881984239 ], [ 8.974372564083081, 45.961679900572769 ], [ 8.974372434633219, 45.961679926807257 ], [ 8.97318518176886, 45.961958625553912 ], [ 8.973185055840458, 45.961958657156593 ], [ 8.973134752939909, 45.961972109294685 ], [ 8.973134665076666, 45.961972133828183 ], [ 8.972862619909908, 45.96205134319149 ], [ 8.972657661088705, 45.962111020304619 ], [ 8.972657089000558, 45.962111165184218 ], [ 8.972656499884438, 45.962111271829656 ], [ 8.972655898981392, 45.962111339292214 ], [ 8.972655291637338, 45.962111366971676 ], [ 8.972654683255486, 45.962111354621811 ], [ 8.972654079248283, 45.96211130235249 ], [ 8.971831957597976, 45.962012506604637 ], [ 8.971831358935489, 45.962012414041553 ], [ 8.971830775574482, 45.962012282266464 ], [ 8.971830212782869, 45.96201211246936 ], [ 8.971829675642825, 45.962011906183548 ], [ 8.971829169004874, 45.962011665271845 ], [ 8.971616314962628, 45.961899759921657 ], [ 8.971262837633896, 45.961715223566223 ], [ 8.971262704668424, 45.961715161144248 ], [ 8.971262551159244, 45.961715128985801 ], [ 8.971026834983318, 45.96167460412849 ], [ 8.97102678682146, 45.961674596121213 ], [ 8.97026911889029, 45.961552902217626 ], [ 8.969211100644058, 45.96139063751432 ], [ 8.969210930761303, 45.961390618061827 ], [ 8.969210758837692, 45.961390624327173 ], [ 8.968243535234858, 45.961462352058206 ], [ 8.968243387710201, 45.961462368039939 ], [ 8.968243377595043, 45.961462471919127 ], [ 8.968238767491082, 45.961626229884651 ], [ 8.968230218304127, 45.961930261517765 ], [ 8.968230222339034, 45.961930365472149 ], [ 8.968230280465516, 45.961930461238275 ], [ 8.968539288078984, 45.962379906911551 ], [ 8.968539518509347, 45.962380285542572 ], [ 8.968539698405435, 45.962380677264868 ], [ 8.968539826264369, 45.962381078805969 ], [ 8.968667689795875, 45.962891957764242 ], [ 8.968667769496381, 45.962892410853499 ], [ 8.96866778296874, 45.962892867242552 ], [ 8.968667730074328, 45.962893322235445 ], [ 8.968667611357397, 45.962893771150547 ], [ 8.96866742803947, 45.962894209368798 ], [ 8.968667182006781, 45.962894632381207 ], [ 8.968666875790863, 45.962895035835189 ], [ 8.968666512542494, 45.96289541557946 ], [ 8.968666095999286, 45.962895767706662 ], [ 8.968665630447223, 45.962896088593638 ], [ 8.968665120676567, 45.962896374938609 ], [ 8.968664571932555, 45.962896623795288 ], [ 8.96866398986144, 45.96289683260305 ], [ 8.968663380452396, 45.962896999213442 ], [ 8.968232688622892, 45.962997493810484 ], [ 8.968061887075226, 45.963037347580695 ], [ 8.968061710779704, 45.963037392736808 ], [ 8.967788333404252, 45.963113784267925 ], [ 8.967326363060526, 45.96324406900645 ], [ 8.967325714031638, 45.963244224589928 ], [ 8.966332511964259, 45.963441805583798 ], [ 8.966331807848862, 45.963441916375885 ], [ 8.964564545750404, 45.963648332759035 ], [ 8.964564126786074, 45.963648402028319 ], [ 8.962770683483399, 45.96403477007668 ], [ 8.962770402766459, 45.964034825733187 ], [ 8.961234722310992, 45.964313272948914 ], [ 8.961234361246488, 45.964313330751821 ], [ 8.959169902321715, 45.964600575181791 ], [ 8.959169593739649, 45.964600612708111 ], [ 8.957879192392062, 45.964735113053429 ], [ 8.957879042864821, 45.964735133998659 ], [ 8.957879076630368, 45.964735237717171 ], [ 8.958085079222872, 45.96524809625943 ], [ 8.958085202709242, 45.965248346101589 ], [ 8.958510371451217, 45.965968142132745 ], [ 8.958510626371485, 45.965968661651004 ], [ 8.958922734686428, 45.967012531588651 ], [ 8.9589227866933, 45.967012650398459 ], [ 8.959412359917057, 45.968029613635473 ] ] ] ] } }
]
}
